Time,V1,V2,V3,V4,V5,Amount,Class
6960,0.06205134882299451,-0.5836949027619238,-0.8440900609951246,0.8712843018855585,0.07566335651233778,20.573953452121447,0
61588,0.834262757889537,-0.7537543405673636,-0.7808804109046579,2.694087535337941,0.0666398020580649,44.16719172317863,0
22420,-1.1151224325087035,1.8563277133624871,-1.789701272552644,0.16098056037732192,-0.6652178794901562,74.98913922103935,0
20618,0.30885264878715324,1.2837191877332192,0.25616301965282456,-2.207231205176024,-0.36207734255891316,4.503464512965211,0
25470,-0.574590030688042,-0.21326194401298093,1.2600693961701763,-0.7842571859706045,-0.2765153631926253,2.5948371804906176,0
87538,1.1263475324349776,-0.7311842409140402,0.2674330349504143,0.5149744922304267,-1.7360125760768201,60.02375118285905,0
17955,-0.7882191047163172,-1.954852079131145,1.1030922335588764,0.207458013598411,1.151280275071432,23.376969010763908,0
56273,0.8355827763397274,0.691184158377242,-0.5852073314390038,-1.0838198368112544,-0.865954106286216,42.14007935006194,0
64315,0.5717058930363165,-0.5792779729461932,-0.6522373330724851,-1.069976954623892,-0.8781799845835287,34.71935067515635,0
29629,-2.1670900615257573,0.07085890482031604,0.4452323628985012,-0.9823519788494222,0.14635224670957592,13.556543794021753,0
82205,0.4730826719950572,-1.0348910186891174,0.8466316210331553,-0.22608386327707417,-0.1327207504204727,15.469218208957864,0
70467,0.25431562655371026,0.44910809069038693,0.4561661270135527,0.031241122977947525,0.8471311535231437,81.13636947089958,0
57108,-1.0585682782565227,-0.46021425907704966,0.24245270339136704,-0.21975168585761387,-1.2870928307992595,59.11417437719913,0
6970,-0.17414071713024398,-1.9070238860698252,0.6587608578241063,-0.7715307011546592,1.1675388736255816,193.52379593401784,0
9557,0.6063239220082872,1.526312495686149,0.7757951119777513,-1.3403513513039256,-2.176040714133324,101.2848634193113,0
78279,0.7702860513831254,0.16711659922497588,2.2754087236928893,-0.8306659927265536,-0.37538145610048224,13.430975135715876,0
79767,0.15303391737438812,-0.19295885256670225,-0.08556184173385854,-0.5701098510004964,-0.14135817711595133,80.41776604383907,0
34518,-0.1039195114788388,-0.005936426468805091,-0.09118694286731123,0.7435515930756139,-0.20531238783601435,85.28660519464123,0
86206,0.7163309842882809,-2.9421258106806167,0.6492544997712605,-0.5475814066130479,2.247742907516433,19.435380271816012,0
67444,-0.04248412254282049,0.09840166681486873,1.8289196752065244,0.9922747294398715,-0.07473746585634566,49.12830995511572,0
91865,-0.7707874030402765,0.09260800122649453,2.0318814020301676,-2.283035622295226,1.4048045519355221,47.99984726871559,0
96894,0.24893210596026719,0.040818566389435304,-1.6807878975523232,-0.3346635709128331,0.08148819861935591,39.45534333813251,0
73340,0.3174182735037913,0.7540140713944891,1.2607253490553065,-0.5189570826434774,-0.9244843153079983,10.245345855551026,0
89780,-0.2981305792658438,-0.27237962308522584,0.3875279582421452,-0.3292318331569714,1.0606030025775692,25.139177196934487,0
88056,0.7121866576270373,0.39514433315690634,0.34955765418418955,-0.5365706858945376,1.4607191975751108,194.94135965414327,0
95981,0.852680375827011,0.6653567876449542,-0.514685383424769,0.18175054075859615,1.0862332842069935,53.74401002359871,0
34773,0.8922098728099856,-0.8310478483110985,0.6385795591670874,0.08355358524401581,-0.1386282085656348,38.137397336287094,0
6893,-0.7207339871754307,-0.08575294762046702,0.6104853015107121,1.2423188676047683,-1.3243782191004905,87.35200800517579,0
64619,-1.1350623455172877,0.8913396468447979,-0.7436630983495965,0.20238350198792382,-0.4556698049513796,89.06291774492635,0
59638,-0.47970673955782334,0.17515444066647393,0.39157170388508683,0.819137814070018,2.153021388967867,88.87779231457115,0
50861,-0.46643141236127256,-1.0201552225268866,1.587225753825556,-0.33706278287403046,-1.5410723701257767,0.3690105720673507,0
45017,-0.8825604114455291,-0.6155158499936345,-1.480665778696691,-0.7946402743902745,0.8044705829791267,91.37360039524066,0
92247,-0.4536842696609017,-1.1203981119008073,-0.43407387903562705,0.7744214036054885,0.7399352865699343,16.457382048613475,0
15954,-0.5425099077147337,-0.9840314172504463,0.7224577375295662,-0.0536144154873654,1.3394487682538367,16.975407249992244,0
54302,0.3941288958921099,-0.095408181766648,-1.1685165527852863,-0.6667236839087579,-0.3511404317066093,64.7468448751117,0
95155,0.24311334828371603,-0.9223240562677364,1.6561148928803573,-0.07417963984338605,-0.28479567043464826,366.95002834376663,0
86120,0.5147580201800833,0.48561258014951975,-0.18096352391090428,-0.3121397181067578,1.1979791690300343,120.16819219025285,0
18601,-0.020839552771237623,-1.7168575228553693,0.008479777436482074,1.7779139304561196,0.4691784670402844,36.89282514500478,0
65774,-3.17268160260012,3.080689829072834,-5.469954327404233,1.743622081773763,-2.9030212838976386,33.13021639419903,1
21927,0.4142175849508347,1.9420780101652007,-1.521833572450686,0.5926779072618362,0.41786815613874656,28.264714831505845,0
77313,-1.112704595006501,1.232647504381844,0.42652289832243134,0.25956715058496116,-0.2400024024637938,48.37937677094687,0
44864,-0.36568698487245527,0.7841950999855668,-1.4739519250185793,-0.6230013158930239,2.021626640020366,16.301549922868166,0
2747,1.1954527117529803,-0.6136312383802843,1.0404926377298214,-0.441708370811123,-1.23042779324721,40.94224227788536,0
52995,0.4631620978788213,-0.3976508141954396,-1.0485724682482491,-0.7414781797460644,-0.32436053340558757,45.46020829885576,0
61877,-1.2516035924647442,0.4466405016553858,1.369936719868268,0.1784675674570625,1.4763887095906,34.68522030984194,0
24322,-0.9524542417152264,0.21733684768254632,0.4313851184005227,-0.8390290359061252,-0.06807066726845386,34.801714582650796,0
1307,1.4890910161111548,-1.3286435742272604,-1.7725623420533865,1.1889785216677367,0.5004489664830519,65.37811889147676,0
46220,-0.7213027504574568,2.0612454684605774,-0.8240311159254023,-0.9200404962257642,-0.7753928868522084,25.107775632893247,0
48563,-0.030041156748162053,0.8148253797881114,-0.5467581480120538,1.047863802346406,0.20452108851534112,74.50560776767799,0
93947,-0.1376278822574411,0.6358209031476184,0.8254715419951355,1.9626640979091399,-1.1360049015162665,14.270065743282434,0
59722,-0.27979216569898413,1.3898682046779944,-0.8200745383419062,0.6527231055958251,0.0238844468604617,19.03392510608842,0
81938,0.7907440072398346,1.138935820977949,0.25941246073775687,-1.3005473286570142,-1.2653285362218054,12.496686886476628,0
10754,-0.3337012446890455,0.6728948662991454,2.4065258685822086,0.5982208130885605,-1.313800871074172,6.981522458447777,0
88199,-0.29333986463873724,1.8042551370778928,0.21678207171360697,0.5037573134162038,0.8845550050637124,55.746154880447484,0
71324,-0.8605072511002159,-1.7973349779332692,0.2830216194483871,1.2184490601191387,-0.804272316727873,1.2148930740427533,0
29300,-0.3102420581859267,-0.85034709797423,-0.07333400222239998,-1.5296690262193857,0.12989380845139337,36.511904315184566,0
23930,0.8077734312917835,0.9613664880499276,0.40439952092816306,0.6717969451862478,0.5945928416180896,24.126819898719315,0
69163,1.315094010107804,0.2343596907289823,-0.47627302276737804,-0.17230071610603706,-0.15880912436900688,37.50465962435363,0
62483,1.2632845023687043,0.030439562394779483,0.2216396548893205,-0.928491260682534,1.0077514327468389,22.569328491566296,0
72146,-1.4170765579218223,0.6242691543408252,-2.8327324642996805,0.05404813981983475,0.2895054098202507,0.8406042520103338,0
74696,-0.4561256934946034,-0.1788746048480557,0.0031928483930527213,-1.9073054120491297,0.5799093945979683,67.67860683394994,0
43798,-1.4118082207413227,-0.45088711147920785,0.780358849196099,1.0002910705202974,-0.37643681196459466,102.38458711502834,0
12867,-1.2618897827267748,1.7240207155655047,-0.3755282598020564,0.5018095249542994,-0.7607952417487968,4.4223705752155515,0
77949,-0.4395543550857605,0.07152204427778032,0.7213310082617503,0.3617611077617176,0.23867518127513648,67.07351485804723,0
28693,-1.01437495598195,0.1455207430655127,-0.5621175920759395,-0.5387596254909608,-1.4764823046962416,52.25139709923749,0
23177,0.7073785751419703,0.7169219523855107,1.2160648364361837,-0.7174530724418777,-0.5008911456105217,29.60849041080727,0
74567,-0.5131843809238639,-2.2166655160135096,0.7497863441084922,0.8378382834844933,-1.6522964501085404,1.85087601075609,0
72460,-1.6837056253659834,2.070253084867195,-0.43319374933425525,0.6682386082394608,-0.4775756826037009,47.03966262449153,0
5744,0.14147934148380373,-1.6557345104979544,-0.1519738338542887,1.6298878685929792,-0.8930330229236775,22.300677364636375,0
65618,0.05304078427044711,0.9245536575733021,1.2028723612267171,0.42179704058209344,-0.6306266596307407,30.378643849081133,0
8712,2.541341032030526,-0.18590069517566735,-0.7977414984564859,-0.07625629631593005,0.9243900462155668,24.548923925152415,0
23247,0.5140481406864676,-0.08149386595949229,-0.7134700492892669,0.20803199688177396,0.03748343044151456,24.128007830491345,0
63734,-1.5604981578743569,-2.447838883399216,-0.8088451508609211,-0.37837757472725114,-0.9507134406745065,16.880012053853385,0
29299,1.118183017150708,1.095639338082413,-0.10872911346889559,0.015482514549813184,-0.3168564131420692,99.09867500789174,0
34529,-0.3727422440286893,-0.2490505611996868,0.0533279658494385,0.3012963493157382,1.290065035876678,46.040889922899225,0
81537,-1.7868112218136827,-0.4434864390182549,-0.9307543502498805,-1.4845299264555774,-0.9012948924202907,15.97408589782963,0
61629,0.49462463957428626,-0.395123928280688,-0.42974708628784625,-1.1919564866450747,0.4754842677138316,84.99694460871767,0
28044,0.6073670857057871,0.284621047537073,-2.0747358221225483,-1.1558263904413328,0.8755257497423468,18.342595080194485,0
94473,-0.6982203212215793,0.36096088772505125,-0.025166187405987618,-0.330136035287354,-1.5135813647665468,17.792558795233624,0
25879,0.43234696420778335,-0.1883658466196552,0.2863411877133191,0.6904244156423248,0.7529134664559394,33.99591230756449,0
53798,0.4401478606997584,0.3923182190045338,0.9731986969018226,0.13130941539445853,1.3833962226134822,69.11492125683641,0
21038,-1.143195323350039,-2.059725226878529,0.8004798391920516,0.01853739005197755,0.12482834328481325,118.57173638984962,0
74707,1.032893484091672,2.097543915047065,-0.671867261992875,1.1238664956919266,0.2705937357610579,46.79442202316699,0
10816,-0.8080232546464313,1.9156420206593923,-0.39448600958242896,-1.1468596719603845,-0.7289738178587862,1.283770737638887,0
34742,-0.021401497909198104,1.1572892423540373,-0.31588100484938014,-0.8564609105871785,-1.9008681052100456,4.346441277161916,0
31653,-1.74637247962368,-0.7863361038772816,-0.3716610336843118,0.3316711008585959,-0.009663077594751796,7.4977953060421765,0
78752,0.9358688292198426,-0.9194273607965344,0.7845448725745642,1.8804628501481804,0.9959989643864737,189.22533585537516,0
23625,-0.6941767358853519,0.2538871906655972,1.3768376228188624,0.061594441583688736,0.48066050341510047,58.24490590486503,0
96007,-0.8113785008955597,1.3006633667656036,-0.8876909928490474,-0.7406879627284342,0.39758762383770596,28.59864247151016,0
50876,1.911923238569825,0.877631471260267,0.25864116920232705,1.5888104138074497,2.2997808229864214,38.18235720034023,0
50124,0.19177243364413823,1.1800193126959724,1.8919557118026367,-0.576405649002546,1.189729589084625,5.302480830700874,0
1150,-0.825800250087814,1.6790247985038282,0.5197392453656917,1.2571283082609743,1.1779964949594808,85.02501435670823,0
81734,0.4846907796184085,0.7413940915019883,-1.1414567992076388,0.06409320282321493,-0.5192950252649302,43.48829704919095,0
72847,0.03752326159319303,-0.3094710746994398,-0.44444133933559726,0.7949140617092454,1.546182362620166,7.432268527692113,0
54340,0.2632459217265814,0.7535307511006826,-0.40471705118231993,1.0532577946635924,-1.424873320506421,39.55957977697022,0
7674,-1.285087969866526,-0.42024592587123644,-1.8485162198537257,1.3380659269790276,-1.1071514447147055,12.502478415255554,0
5469,-0.6554060396046076,-0.6123937847213143,-0.2032925050808895,-0.3900291866578486,-0.2910155538405239,21.593774713247765,0
18230,-0.7753263821119137,-1.974011955045982,0.11669856322580324,0.7301878551878013,-0.3391466359308873,82.32108529276958,0
10492,-0.17905877605114642,0.6148309676776891,0.7903916101860035,-2.6596240879427966,1.3108417805330126,33.39984135452396,0
91387,1.544984795382366,2.103761476945794,-0.337500884988916,0.4530449171210191,-1.1664111519951825,119.21064783844442,0
25510,-0.6267922495600579,-0.16462909752818766,-1.0582486265279207,-1.3305352926511669,0.36983444130798904,58.7606292773439,0
76898,-0.4365660514296659,0.13313564624990556,1.480194519239204,-1.000519400348357,0.38057151387629246,94.34916819182006,0
67278,0.7070175029576056,0.014611180300383027,-1.0204585492088687,-0.7263569146901417,-0.9249230203786495,21.389520327275793,0
49976,0.1598460497127946,0.5131472038994898,-0.062970050277336,-1.46345965818056,0.3918802520130623,13.529475387595324,0
8308,-1.3316181162114358,-0.38518762770383064,-0.1864599430161923,-0.9173919852632801,1.0648809812421383,70.09438188166358,0
49811,-1.5122979916839956,0.7142839761013748,0.7668608673967203,0.43883830193446804,0.060397345910971935,31.659759108498402,0
22574,-1.7665987194139492,0.03042368004247671,0.863356514604708,-0.21057796153695102,0.01681014357189368,5.7169551053874335,0
39986,2.311259004942879,1.3741253925021604,0.24970880640742232,1.8723208407197205,-1.032350750567252,156.51107082044257,0
89285,1.5573901576496663,-0.3371069725385019,-0.35418689500982214,0.9972602630203073,-0.555503733487994,8.987764966129976,0
79111,-0.21969602421644946,-0.2526026876211592,0.8983342466106601,0.6016104825875591,-0.015447092357421074,3.2232636458293316,0
81994,0.30074901718079544,0.3247023835507225,1.086863166074582,0.15134756751307127,0.3763332821718818,49.89890319927591,0
5415,-0.610867778207135,0.3477606482268912,0.08277953666162044,2.3802813702286687,-0.2610242137334429,37.05402953920459,0
32983,2.229639433423198,1.2824920372746025,0.2845316663412878,2.4806655578622765,-0.225906424775555,28.94321310163358,0
7114,0.40391558131571953,0.4139958687215099,1.693750624214755,1.476216518029734,0.2387283283560764,15.04364368611164,0
90025,-1.564976371500097,0.8523631348003574,-0.5360943424181992,-0.6610053958956067,0.7177750263365555,21.94726646342402,0
30373,-0.7007166605407599,1.5800187623238664,0.8619275535967361,0.23383580285569414,-0.745143649308345,96.87112987905661,0
71652,-0.1929539895997672,1.111386925431259,-0.28375176282171016,0.5430405441725561,-1.4325723237065533,4.8503042890525965,0
61272,-0.4077270172686185,0.9939720640754781,-0.20413617748976157,-0.9320182634750263,-0.5359585696357916,23.179111538684225,0
22671,-0.0399421135838643,0.6502315094495458,0.7073735171147446,-0.2314810695710949,0.3671170444223692,84.90632765453647,0
36451,1.1056008152536936,-1.0828340625830453,0.542939262004888,-1.0776008874647178,0.4224848372332914,2.4997762539450643,0
15358,-0.08891259090346215,1.0347608071046908,-0.6892325721353322,0.540006104902134,-1.3405194853482245,7.060145951758321,0
47362,-0.4673860752954615,-0.24715165741179193,-0.5318947428632855,-0.6968142404236679,0.6365710776701781,16.448455459329534,0
85178,-0.10351635506286486,2.381982369408583,0.41874191445473796,0.7628604844305278,0.3458213162085912,107.81404464833193,0
61087,1.185829198742175,-0.1205704567692146,-0.3767004863722298,-0.659978731673013,-0.498664483362298,47.04165038596199,0
33174,0.901685122141679,-0.816042000988651,0.5297725016151714,0.5553281472039053,-0.3987386946413775,47.1286630451339,0
29943,-0.04473506041522046,-0.11565343298540094,-2.9074368790206333,-1.31510613482197,-0.5734677700625136,80.81105790325789,0
25923,-1.7233031203192695,0.18359472430730595,1.4713243367159607,0.5272144840151144,0.41938180955726556,16.056143051850945,0
10442,0.4185693262294482,-0.0709694698460463,0.8352724079086473,0.67104604659568,0.8921794686077565,29.981612621741387,0
85457,-0.871689615568809,-0.010901197099380455,-0.6925449561889402,1.489503363617231,0.2195261375028324,20.6798760187681,0
22263,-0.26776113604559193,0.6844227200437256,0.131956147396246,0.812039023797824,0.037625544399826266,15.209161662963503,0
28328,0.2881655076420865,-1.757472622092309,-2.5708548950331225,-0.03846439050330999,0.014156496956876959,15.018050313172662,0
68673,-2.9029273219015455,1.1278099799572492,0.7832561840454081,0.89181243169469,0.25357960640720073,45.88142734328713,0
49786,-0.2784294845234738,-0.2099739613735248,-1.1622916482008077,-0.3361367392494147,-0.4756141476266168,79.92605623483891,0
33572,1.3010156626547096,-0.4796414053936284,0.9457291126502332,-0.12157751775232185,0.20937011390650465,103.19539952627701,0
71121,-1.024251310627874,3.3845388598946484,1.4105803987732242,0.2330201618355921,0.12169840786183227,118.00125015535234,0
29320,1.2100213114457437,-1.7539828207421797,0.0009876591590119842,0.20986921710529222,2.3069441253953307,13.332426819546543,0
61240,1.128832746943447,-0.7244621682423739,-0.23366419780537248,0.20512930073540334,0.11615931352773824,27.746987946679475,0
52893,-0.20762525670109364,-1.970911088659686,1.3979189145917652,0.4244945105469875,-1.530869932799819,134.0785011432452,0
67067,1.0474969148759905,-0.3947782567536824,0.34535686073450617,0.29900153621634856,1.194863671116437,72.73450973382178,0
23776,-0.48984194200640596,1.3549896343416075,-1.2095088408167478,0.20964938347225226,-1.872671446021675,56.58750875488165,0
26417,0.34825822151413316,-0.6770232850807263,1.049612794970177,-0.8451472527435062,-0.5184799465127898,46.02580840100964,0
36304,0.5606806600900509,-0.04465130112862316,1.0081375994095685,-1.468582216488888,-0.3196614394666864,22.05900587748601,0
26489,1.0774938111461643,0.7307945903136984,0.19578382232160313,1.115654871666828,-0.3867634825298318,86.80727484869858,0
21281,1.2507081182691515,-0.17089419816686402,1.3847103342804297,1.0865927093728471,0.41649742054684125,23.768707771586996,0
15088,-0.051515334704473136,-0.3805397280510515,0.06630707912943543,-0.9025208390139428,-1.3551629954442066,47.57594414706974,0
88708,0.5660715573099809,0.6964764641679814,0.7465528516535793,-0.4716591348631298,-0.5992561555791459,76.35802778478906,0
6397,0.804579635737642,1.9329566907526607,-1.749326282829664,0.26655144399115943,1.362106387661391,79.8311571580673,0
19086,-1.6372279069240634,1.6718358587443891,1.1605811769046714,-0.1899087070713496,-1.2852851112428745,76.00057938611066,0
82617,0.9956151640252442,-1.6318705831329816,-0.5452870705094125,0.6771939985331886,1.1157209628287266,8.408273523907365,0
97033,0.8352595671994314,0.8548070356513602,-1.3363917283234141,1.6298691547510749,-0.5732967840618952,19.28430884047426,0
1622,0.5945838047755574,1.511353147977536,-0.7934614696311579,0.7904707318349238,-0.8822605991039395,21.08670805737301,0
41869,-0.681739934114868,-1.6038669547973994,-0.13917179601910046,-0.04447107979044405,0.5267254766333834,13.30416822487637,0
4117,0.5022100457070079,-3.387234583891768,-0.6993293103686408,-0.08757758482390676,-0.7541768882035208,49.03396593366631,0
32854,-2.9067448412596755,4.220891888378597,-6.331042101440415,1.121796640418871,-0.38097548083040345,67.97821284926738,1
48901,-0.18720136910847632,0.7042530950209204,0.03733507711071247,0.12000074311496153,-1.0639853219121502,0.8078998311470881,0
44131,-0.19736760700948927,-0.4713265035703927,-0.05621681212847209,0.11536157613322785,1.3459996647240233,10.13287873577145,0
78645,0.015030036910796848,-0.5029710109066279,-0.7099652740337309,0.19389251610194697,0.6851485922933035,215.51131762555232,0
41321,-0.4453477949965509,-1.1964282051012067,-0.9804528959686019,0.5537517287087829,0.4142355086355689,2.6712917544506567,0
71442,0.13104916396117336,0.480882653933827,-1.7912793069264543,0.8192281477032568,-0.7759873724208194,72.68672289333831,0
23419,0.6589353548536838,-1.006287753837945,-0.2504293322103213,-0.6070594848347454,0.5994445248268956,53.115272397483324,0
52233,1.1463660752968312,0.9051925673718886,0.035830944414326875,1.602425145626405,-1.4342557299707748,20.932793851026204,0
56700,-1.5891712845113304,-0.3992342192971013,2.392903508064368,-0.5241100956269724,-0.4092330739056816,24.351589568338706,0
94074,0.03649993182615992,-1.125049059547313,-0.7370016848027501,-1.1557412736009913,0.19708161698214768,45.928667460587654,0
18381,1.0974298314165813,0.5021391293011044,0.21283260712534693,-2.347395646413385,-0.6517133728928124,36.548858681878635,0
71910,-0.9460298263509611,-0.22577327271580225,0.9528001076053968,0.19086030765253428,0.1480521375853986,90.73696303464502,0
70194,0.16594586281231494,-0.869368250231262,-0.1679160596677682,-0.27564558692604485,-0.2619655540653791,38.002850603519484,0
42533,1.9288439640217565,-2.1656189938478017,-1.495349626197055,-0.3810002280680549,0.2596361653183601,150.3222939453051,0
75532,1.0807204988869865,2.4528616211424015,0.848970296135283,-0.6667307455268605,-1.008513751304247,20.382552919678808,0
37051,-0.5644534338641156,1.0147850596575199,0.0436279710993578,0.8260229229617403,0.7906286167024941,41.351694432532895,0
94242,0.6408883245136207,-0.6238758718582349,-0.02930551667137811,2.3374118030770306,-1.3389544571542473,71.75110418121385,0
49812,-0.692788987709958,-0.7976653690474433,0.39753402869705673,-2.0763670303170194,-0.14617822936365182,12.281013653489014,0
9077,-0.05111726347663867,-1.9489636382185753,-0.27835531621919474,1.727776037446084,0.047601344543629416,3.8924472283941136,0
56492,0.6657600540078024,0.6597224693877705,0.7020504838600158,0.2933728445692313,2.1304072446263937,87.3015111074391,0
95850,-0.7337772828073789,0.28682824500187637,0.3974466575527625,0.5979270800242522,2.327171831094046,55.54345367167047,0
94841,0.6909252921300084,0.32568452521082647,0.10164708294847297,2.2594321350986166,-1.1360593887706503,11.941248046516135,0
78112,-1.0395033686039294,0.45531378783033694,-0.10810134206353603,0.6557856611533672,0.6985023164459168,10.155582409906039,0
90887,0.9162691989298705,-1.6130781536758105,0.3420902462709844,-0.47542445978800635,-0.3807235091108082,31.818024841353758,0
96055,0.48117155757922697,-0.22304411329846785,-0.4242568728972785,-0.30772753259641233,1.0149445143673195,19.89383038315568,0
77371,0.426046487244996,2.1579716860282594,-1.4318006060395643,0.18477356828625602,-1.2243002142444788,43.45832207681815,0
51756,-0.26913555159124275,0.32176355946390134,-0.2295359368102314,-0.6123644367278854,-0.2858039249762326,10.938093679768638,0
887,-0.4082820135643562,1.7897906998373772,0.20469585913677396,-0.8182116969603536,0.9652521157128986,33.71179737676174,0
23762,-0.5063335625312257,0.8292921113418817,1.6068927004822113,0.7722281014155891,1.0074186779447727,90.41850346675423,0
95317,-0.13036128097934865,-0.007402396000651359,0.3427840438239591,-1.5204298521441193,-0.5880039714773437,25.02356588495185,0
2568,0.20441437150141376,0.5034341078469109,0.810893025754504,0.11067160963075891,0.3568336475858602,54.23087542058411,0
98605,0.5047506885713305,0.6992510888287639,0.14401170666942645,1.9924954086899764,-1.1078287429374072,39.27503541189623,0
16977,1.7691980788774428,-0.4222567217214018,0.6568495243296528,-1.6155686832575422,0.18366409312814036,4.463887134224664,0
42417,1.2463612158772228,0.5916247232846588,-1.7198428038477005,2.012371447206125,0.7471471494865899,56.55171533900455,0
93376,1.8807611462026483,0.8226153699736483,-0.3558290788930478,0.05740397701931097,-0.05656563471631277,147.46501440486426,0
57679,0.5928122348342872,-0.5799359157154906,1.137453907923797,1.0026385322962081,-1.1267089583484735,205.42381689356003,0
74318,-1.4159131295368785,0.7665447517711645,0.13115144275044122,0.642980457334991,1.2015626201533316,12.79557729516671,0
37080,1.9888200537837943,-0.8553469957392672,0.8408189056757108,-0.2957298708708032,1.7059709782777823,13.164123188918737,0
1207,-1.0501035694666678,-0.7997641277878986,1.4138259911137887,-0.10279249973736174,-1.0950698516384592,34.41455784641494,0
30750,0.18683347276095172,0.23891686709962753,-0.3970794402094839,1.2978844539573071,1.2434450686497005,62.71110699531276,0
32088,-0.4518919692228427,-1.284129532581842,-1.0570586383291245,0.3892787315217377,-1.3574951593550835,32.252059441142734,0
89899,1.279083869442422,0.0327476475294002,0.6254783881772652,0.8530678670993113,0.34657306779231895,10.185517562767199,0
41832,-1.4537985507462725,0.9370267314088443,0.28183150156650727,-1.124332658559483,-1.6693749422543351,10.195182244455602,0
21949,-0.09366232488927782,-0.5435821435468099,-0.665768455807889,-0.47686680272346976,-0.10328818343115523,39.71971978668128,0
23911,-0.22772100307808643,0.6729799604696928,0.4341420240093177,-0.26195563125862176,-0.3949402014490282,40.11601129185016,0
6142,-1.473075643064614,0.8261618320092936,0.8241633168494836,1.2449811128143873,-0.4207318742926211,159.73865220358124,0
22626,0.04269727445844389,0.028666540368652703,-1.5246540564912776,0.37106733166954337,1.589827520846252,69.79890148535594,0
11390,-1.4449225041457987,0.3713790976173894,0.5980277403306284,-0.4485600217413734,-1.2448555552711726,62.08750959472737,0
55284,0.4367325555648351,-0.025731755889352552,-1.0756904249224142,0.22253584113948924,-0.11678633986612308,78.94982545309381,0
95457,-1.5588027694179176,-1.1585691575463308,0.4226237175671739,-0.5742089704217842,0.13417180932758258,45.017824742148576,0
66732,-0.971717179276927,1.6149059259718217,1.0970534224750779,-1.5799809239943792,0.20150045214798828,9.7206571640629,0
74663,-0.7006263702385763,0.45063433992680635,-0.8157598097246371,0.7424368893013339,-0.7871845310212732,24.425699842621963,0
94795,-1.1411658156596491,-1.3315816613576672,-1.0587834409252077,0.22077690014097923,-1.6904989488382234,97.71025143988216,0
81571,0.08778119984983719,1.0094696724921264,0.5656617105651747,-0.35154291644841207,0.7419696447833772,70.66201815154282,0
16288,0.3077352688284212,0.5371272087373036,-0.95786539542868,-0.7706624552844793,-1.5507398772097805,82.73707458684541,0
79563,-0.44895981594017376,0.3034422502910077,1.5111887071014398,-1.5616218732338785,-2.4909194730427626,15.413636566016354,0
75697,0.5952277718342022,0.45190619763333684,0.6956595442991098,0.19616899846621352,0.5053370849016985,7.147922927547222,0
6823,1.2194930225666292,-0.0635742772052676,-1.0192841150098697,1.3872052684128064,2.1004609089505193,71.76044555729652,0
54553,-2.2775626068490844,-2.113350793238269,-0.7541921187951445,-0.7797074425641423,-0.20302247797353354,8.21027132820909,0
88503,1.1409694942564317,-0.05508475461707899,0.3940335049674712,-1.8791341743318104,1.9641413489560264,25.79515444072381,0
84416,-0.25184710532935095,-1.0806594295742495,0.6297696806372028,1.59374759404403,-0.8890926255200713,49.79853812843907,0
47377,-0.46040692149697343,-0.23683145896557267,0.720447443255888,-0.8712093633106183,0.10591197389831508,141.2067333205996,0
16014,0.8268892198167086,0.4518975861164713,-0.4108334265721668,0.6669757469053575,-1.54559578966792,21.509492969092534,0
28927,-0.7271974485930746,0.30628765064639657,0.23001673775495812,0.32107764790142856,-0.4221072689180159,18.207607875606307,0
35773,-0.4056883798062532,-1.9086877127708235,0.1332382865864439,0.6995666148515437,0.023146549969223225,23.30323176468781,0
55690,-1.2842858184294499,0.8449059226217087,-0.8322834266436067,-2.29876429842855,-0.026383971378865598,56.519667664404075,0
13046,-0.8018621768380816,0.6827056477468983,0.051553182211181825,2.167017072484586,0.8389588711543634,119.30841514617269,0
80435,0.7889701250469207,0.5448068412694402,-0.881293733690008,-0.9481139684501937,0.14908729338850005,151.8928043359221,0
17640,-0.008734975897599313,-1.7146419404673492,-0.8650769226341175,0.9158530583140829,0.32103686786465296,22.398388703682798,0
99303,0.32145878589092547,-0.5274444556279309,1.1674280740407892,0.6363688547798483,1.3054525763177172,27.33290921078203,0
29009,0.664052953305583,0.30015374152697616,0.67707208884533,-0.12224771154835647,-0.8113859400254679,34.93648085488875,0
24951,-0.4249357897375238,1.400554386500802,-0.2751234003385167,-0.7453815841608601,-0.6806960506046669,13.774752906947654,0
5774,2.4616950171848235,0.8425924426888154,-1.7693614013366434,-1.111886596473876,0.3439678685065512,35.881069961613285,0
88789,-1.8856579482609903,-0.348597716534829,-0.30805367307068693,0.431261371140035,-0.5532641806320266,26.082762481919904,0
63530,0.9010053242021153,-1.7330137884913392,-0.18677880407860065,-0.032526149910068775,-0.3610994622982106,51.80301743803973,0
12874,1.1986426089954636,-0.012836158405151399,-1.3744301068469618,1.300742004345744,-2.4318519399599183,18.834808803283202,0
88789,-0.5268960053371092,1.2999189780618117,0.04624906206550146,0.03254010128724651,1.9235822628018042,86.09099000916676,0
72267,-1.7732074077890467,0.0308731842042529,-0.19291717253005522,0.059852030594329295,-1.4224580693036881,46.25759462519728,0
80388,0.8315426650725335,-0.8635221330147131,0.5085239849292551,-0.6666989871434867,-0.18903608269240085,1.0275405317682844,0
67526,0.08695970203716943,0.8997203730295341,0.9175108270821316,2.810617924246237,-0.49356480444128487,42.44597115474032,0
20583,0.37722958659484596,0.342399349995849,-0.9856702214002299,-1.8938062523355057,-0.8746075882550929,52.81558624441863,0
98506,-1.7171891333603786,-0.24462508304127525,-0.6535504696058138,-0.17267733702932922,1.1414978351339617,1.5243008731011756,0
33866,0.7555152605285028,1.4983949574188502,-0.13679182482424398,-0.658542848933108,0.41802098666552523,29.175749257179284,0
20095,-0.2959717932122608,0.7687444546116228,0.34144262276440296,-0.0016068346192020342,0.3536017327061492,0.5009630155306116,0
55129,1.0610866281588633,-0.4331418994366356,0.7864785189607976,-0.9482601586080457,0.679593987031822,0.5683447831209116,0
34964,0.08710621930597107,0.80633201905893,0.5056310512531128,0.35239236207840746,0.8217772060372475,6.900073287920481,0
35436,0.18026279390151156,-0.1783643972134808,-0.29678443774118357,0.15502186714025215,-0.6577327992083711,25.22953397590112,0
73688,-0.37979424209195584,-0.35819799128777635,-0.8245185534670733,-0.5022926700770772,-1.2302172134785654,70.58138618893652,0
89112,1.3960213653814821,0.48344366827831825,-0.8557315886428748,0.19271734348973327,0.1430229087468902,36.08715291089026,0
4213,-1.096652445601016,0.7027366716094254,-1.1455232195037977,-1.0731354266731266,0.11424936788569923,23.356976263913168,0
23554,0.5965723448835499,-0.21472739379050806,0.18714741971803342,-0.16688590684968155,-0.5730048692797525,19.97325303357313,0
26399,0.5083129561625233,2.4273733843796843,-0.37953889742192626,1.3127606590060419,-0.3485174659598175,27.884203958921567,0
26029,1.2236068834576266,-1.8680628413076206,-2.629870835259099,1.9101226932652922,-0.1714424894694722,18.955755486777097,0
4470,0.36296929239666775,0.30038093695788537,1.1577634187371215,1.0582891780988617,0.357285580059022,13.6397893255261,0
97432,0.337087292733681,0.6687277509012801,-0.8461329085490981,-0.2163798381782341,0.7235021690437672,23.033263889338016,0
63852,-0.6079932971682473,1.005326025666313,-1.8118279424555976,-0.8729599275009423,-0.00031178075796579007,53.69219460689436,0
93027,-0.558420168487533,-1.0101667196162418,-0.6472868124331714,0.39855335149157034,0.2749953320353968,78.55653906273038,0
18689,-0.756784418747691,-0.08674444724533177,0.564514442494071,0.5340804105823167,1.6084025223130274,36.30912674017168,0
85179,-0.6042894316091492,0.40719991580648,0.11651890357079941,0.4535650790171275,-1.8720249250550964,1.2503696128278354,0
38197,0.5550896994415868,0.8764153664646398,1.0736102952456577,1.1615219575192044,-1.4521867585385932,14.857180746479342,0
60,1.3301593553547282,-1.5086637698222398,0.7022043139226125,-2.10780852163246,-0.09534004222663466,0.4980066673638775,0
59889,-0.879638932722936,0.16221150474248305,1.4735038550299198,-1.1628867101227327,-0.7187664131915567,14.885220872054832,0
97239,0.8949874360948072,1.4332745706268781,-1.396729446763195,-0.7638486627339589,-0.0006785966703410279,6.290556238939529,0
49334,0.5453894809246739,-1.2515247542153443,0.6401133507918124,1.4448355124267116,-0.07986590185200935,5.159506860086345,0
70326,-0.25665453670229804,-1.9286137303867605,-0.13102042404249964,-0.16369076310907998,-0.021604897393416346,63.72991136049364,0
22677,0.7333482326890381,1.026825595587056,-0.9159978695561506,-0.4346297828822762,-0.4198477150729877,15.428019610061597,0
64895,0.17524519403256078,-1.70835896623914,0.7576285725975442,-0.27952349670394916,0.6155190234254585,93.1088528217467,0
29430,-0.17458772422775815,0.8793465470270936,-0.4707974897078709,0.9794303523498218,0.5838627434687643,3.5767838470214954,0
91749,0.7273302849030036,2.01062063320819,1.5480775548308632,-0.25579197722717456,-1.9520270674400755,43.29335735985363,0
85150,0.8209819347379005,2.4390231871773165,0.8153014226602041,-0.54548453585351,0.8792798090640433,8.501597712233924,0
28884,-0.3610205176022864,-0.044702815741785216,-1.8510105009183744,-0.8513577003548688,1.693418819678781,15.192944354385421,0
83559,1.0955860002743094,1.1037289539515915,-1.0208817019915095,0.3099544273467764,-1.605699780470328,30.877279100668588,0
83624,2.0102683798365533,-1.0862916569979282,-0.06675917817732932,-0.9052278309418225,-0.8368326467123551,38.32330207536979,0
35585,0.19829603371445353,-0.9347231808085009,2.1416979973638197,0.7323485338059597,-0.3680890617470755,75.86557253056694,0
44936,2.577054329570032,0.8776128145279906,0.173594816444725,0.47690342558488463,1.5147870986803387,0.43281805055269695,0
73445,0.8879108862517514,-1.2050891663637544,-1.0186537813026597,0.29891460852855267,-0.29902349882029866,26.16244717754497,0
18141,-0.08560804892812099,-0.2680521625612906,-0.1828025517326632,0.5602598613329849,0.9886747995748207,71.83784729547108,0
26432,-0.7775331239548554,0.05985632434587526,0.7142508458989006,-0.19477464119991564,0.3936251091857943,13.316439793397283,0
37148,-0.63057816231632,-1.4301015922497284,0.53571874834145,2.550940035193932,1.2634336342196515,40.499084320383446,0
54316,-0.6068673130849167,2.0279572472393697,-2.500973701242534,-0.5125914665320204,-1.0658237297146536,413.3310596954659,1
67221,-0.4491074688293152,0.5222968416165916,0.8371330799185732,-2.2842093092862674,0.5327064043520745,3.935914484397893,0
14288,0.8108617160332247,-0.4381515056207866,-1.248240583452878,-0.6268021775719514,0.6558628245023654,22.848314940464515,0
81835,0.1249671907916849,0.5103080062634342,0.8448629037751898,0.9139211343042957,-0.4027261558117603,11.900053347681457,0
34020,1.9278129974385718,1.3880868894563783,-0.6175077949031385,-1.2323435923307713,1.4591763476760826,38.6522843543021,0
76295,-0.16676763087448562,-1.476197440705909,0.28601615539704284,-0.3366055700331034,0.42977832191442467,52.24271765635618,0
42359,0.4599946164130554,1.0820841971530328,-0.5790497264811371,1.7886896662497807,0.9480954743518956,156.1556269616736,0
51226,-2.6993223494322995,-1.1762292523374869,0.5789655930842613,-0.3859493598966116,0.4401069411182457,35.439224238810304,0
86610,1.0000374458259134,1.300309545788696,2.3682190292639884,0.6039212068414063,-0.9599946094776602,52.09585592014116,0
91649,1.8399109991688833,0.5522618258130304,1.1555472628682162,1.154655905388987,-1.1588140214143121,22.14597947241836,0
13843,2.059917908414474,-1.877623650223818,-0.07268275320428483,-0.4997156716657063,-0.2845732452789791,8.08181711588561,0
68244,1.3241852371455578,-1.5423301975893509,-0.029634337083576892,0.802013602729971,-0.8402893620676531,34.28268851098677,0
97419,0.23006040438340009,-0.1707120012565216,0.024863632753244016,-1.6913708228202795,-0.495214188900822,11.520644010807302,0
67904,0.19216423603326513,0.5702823044203353,-0.0785693474887933,0.736100555840965,1.314220585264144,79.15511115532735,0
52329,-0.19544187379288433,0.007576659778061981,-0.1816864782254697,0.4390643258527338,-0.8412290391614997,42.231879620659015,0
25556,-1.5888799198050498,-0.21087275318943097,-0.6331322097304,-0.07204200235641234,0.6553631212748573,81.72928261113908,0
46167,1.7697907328371107,1.1989974816554931,2.516646555793866,0.191455111124829,-1.3397535907526321,28.504986938955607,0
86027,-0.5072155476055451,-0.8993672798372561,0.04130141786486448,0.2229014537554047,-1.0526792839030832,31.43291311554214,0
13284,-0.38234194097565327,-0.7875514689632215,0.4640646677051737,-0.6410085435384932,-0.443298276160392,33.94442448212634,0
83930,0.5221638703884174,-0.9763393192547702,0.6996362769517311,1.4275663591549317,0.0107888127289259,92.62163033929932,0
21675,-0.3280652041944946,2.112393328314427,-0.5389869883751089,-2.375095272450193,1.4378929810273835,6.690927755226514,0
50138,0.2163322178996688,1.8652935992889785,-1.093440425718558,0.42062760605404803,-0.07602220455660161,93.1726838984011,0
34521,0.7877455413114314,-2.2601188298694206,2.9204904044206113,-0.3825468151370136,1.0722130344331562,10.532023558962539,0
72592,0.5272865396919497,-0.42632586644180925,-0.37832244799109405,-1.3895535791170603,-0.23494733119864472,139.46012527945163,0
23711,0.8787342780476652,0.5245174345941758,0.46012429163816976,-1.6821050946728053,-0.9490136313405898,66.44440787386448,0
64965,-0.15518063225233406,0.5333647089351805,0.7984368278836503,-0.011743152021564887,-0.20918667773363783,42.117752990292615,0
76221,0.9996310435934835,0.47733145642319164,0.5525232328664614,0.983098489810972,0.8672206962914901,21.614250177373517,0
71895,-1.5227145097905055,-0.7078108009966816,-0.25078506603645556,0.09025389234465608,0.9865268699191256,25.485693782618824,0
98018,-0.314414783366775,1.1427752666675521,0.6340766610392347,-0.360287588613359,-0.48425022043826044,82.16655588657973,0
66617,-0.6473772706479662,1.068687353658907,-0.70616220682207,-0.5468297061108588,0.02398752617552971,0.3450862210747384,0
33691,-1.3069012289487179,-0.6933965369343416,-0.14463799478756567,-0.2924439280169994,-1.3370525747067878,12.537268278546948,0
74532,-0.5560969362288024,0.08970726268500426,0.26500726923505735,-0.6577039859679312,0.8976155168636216,56.84103637505,0
13944,-0.36792921814495894,-0.893030501908519,0.3253981609903326,-0.8211319604881048,0.7779962454884063,146.11191176855814,0
94019,-0.8724380986016776,0.7271073735155452,1.4768633383636696,-1.7801739117340372,1.6722664158606673,81.30494025464961,0
34510,1.4157466076601128,0.9240979409662279,-0.24125311871540903,0.01778874035591434,-0.6681933439494793,1.5730165263127858,0
91598,0.3807558457479327,-0.5529049383707991,-1.360115713423864,0.22944190292056701,-1.4109731352851684,103.73186769794064,0
7400,0.9929571304529641,-0.08356255319286285,-0.16241108601822737,-1.0102971245851835,0.7738725049127297,18.297568147735685,0
1980,0.4124844627915127,-1.821856901770366,-0.1879293768007396,0.8873958319228887,0.09256105401407996,43.58039330275023,0
93269,-2.0967994808279724,1.3904794772046483,0.21067741079213015,-0.24205683871087338,0.04892223186401748,67.86319068245167,0
10516,-1.1218809663342515,0.6190988310119043,-1.6461780437171643,-2.935490821432694,0.37373477453572995,19.28750395181092,0
86365,1.2428010820599429,-1.108121964109171,-0.1429443645388315,3.1163480330180198,1.1574771270866617,2.8338900936749924,0
44049,-5.031052922771179,2.0097624812371846,-0.9228097686368515,0.5729527696681522,-1.397042941580274,226.2088898568182,1
2050,-0.18239698738255672,-0.7289658219887498,-0.34197931931745823,-0.15130456922369395,0.22856341611404213,2.8677315502696183,0
72274,-0.3602768468769759,0.35049977179139785,0.9014020901613844,1.3915440833480848,-0.4126085743479162,3.170759755536955,0
50192,-0.7835850574837824,-1.5097989084835268,1.0917613641014539,0.7274133525180659,-0.786679555441912,47.62002620964084,0
56532,-0.4807765615046036,-0.03964982602951878,0.49222845504796187,-2.6671895879051823,1.3994773331523085,4.398574315197052,0
89160,1.33005659821205,0.594794706576607,1.1901891224134347,-0.5932051259193936,-0.2933235554063825,14.381369113332191,0
59518,0.3835524037071247,0.3317880317096099,0.5614719778717568,-0.6166709114020366,1.4098049723649646,20.30107871350946,0
81982,-0.2238872553562106,0.6908871287623843,-0.5919475625676713,-0.8614383167672617,-0.022427064915464694,80.76563257237441,0
87329,-0.09748522597705872,-0.028681658637313222,-1.4431782691335713,-2.0662146310098857,-2.610904858735281,12.945038030036333,0
82189,0.5762996530405098,-0.7132048029780338,-1.0797961458829073,-0.8831825694815804,-0.4396190677241902,12.704820564755195,0
15892,-0.8501342027176184,-0.23717063112593234,-1.0082137015816448,0.0986799262208022,-0.5134404929330656,43.041225614634065,0
55766,0.5721257176083903,-0.5209323602817835,-0.03836330690595214,0.3011729428874865,-1.5790308905560857,0.9670664486445758,0
56793,0.3598539647549959,-1.5791816761710757,0.0017194350566970612,0.41111414131397833,-0.5066378425708846,23.727836040856705,0
68011,-1.8550786634867398,0.9909961797249501,0.8651320911599828,0.7406481588024338,-0.13606521993389883,13.255546154023111,0
95435,-0.8351576048625073,-1.7299056974267928,0.08979608698994405,0.7665557959581434,0.03543665004790963,53.50568759519473,0
20963,-0.3029282658056264,-1.0735110468966247,1.4002698155131248,0.23641298209678027,-0.10486384230129707,22.920238492397985,0
13979,0.06265449277865744,-1.209418667715089,-0.8538150667118378,1.964282122370966,1.056760613852865,51.14973152087163,0
34324,1.2995884776652062,0.8890021156230895,-0.6424973548592735,-0.020402107126044244,0.11743656960918189,7.976400774015362,0
91083,0.2759844929124723,1.3042551998259626,0.4025194432442333,0.841476519466711,-1.3049738308852368,24.495830598328183,0
6155,0.6305442086834521,0.2147990149793038,1.0356597806266927,-0.38804261784959343,-1.1399316249471727,58.57130445397887,0
71315,0.23424404203927096,0.7071129589620102,0.4111456975296016,-1.2887720151884616,0.4340274938306062,58.890982136291136,0
16964,1.9441077035254948,-1.1853826287004856,-0.6228263745532341,-0.48154425786104943,-0.6465996275392881,28.102228482699438,0
69836,0.14564912192963253,-0.3155400628963584,0.9376297471804805,-0.9538052465586536,-0.7340052667388991,13.741525333169738,0
47926,1.0725207141772715,1.290180638778603,-0.1696798284682546,-0.251436752473494,0.48595167095797076,73.17633943115004,0
3373,1.6022113887316758,-1.155089775168019,0.43099121927838796,0.19621711133618072,0.23924485380013444,91.91385465563265,0
94289,-1.1821492488017975,-1.3357859623848647,-0.03746988941503044,-0.1444408360783805,0.26361950434705733,13.50082697474639,0
15328,0.41818896442890974,0.31259223015353105,0.7395234840549056,1.3664009695094368,0.6856782771224691,118.78035374513888,0
47153,0.20091093732841497,0.928717832228207,0.4366658501624984,0.11032164714775473,-1.2395471224382908,44.01909007051201,0
24972,-0.789553685516321,0.431268441605056,0.7384312046880726,-0.08617765678353949,-1.115030886018031,98.88937636116724,0
42460,-0.19155715846824467,0.3529530848137524,-0.8443312450806665,-0.6914413753914558,-0.31861317113880944,14.798584458301168,0
29165,0.23993527772492584,-0.7092717171438492,1.4855307290178366,-0.24237332812407242,-0.1932698833783334,32.16406206193864,0
17543,0.2756631976342582,-1.322796752239192,-0.4625983328395942,0.45673832680186466,0.677608602170622,30.203384985828812,0
40603,-1.272830420453946,1.1446661572756716,-0.6882074598312597,1.2044724099051602,0.5109866551210646,52.370389899573965,0
93863,1.0012430080932584,-1.970288616052164,-0.3716803386714791,-0.018523540302303382,-1.0499963326968444,51.39040211595744,0
17069,-1.7114884853649401,1.02919059020358,0.45305156626192244,-1.515388026479296,1.5691033779939534,10.842095482182884,0
45893,-1.5790401111179289,-0.6418457827653071,1.2946499243206915,0.6742317925034584,-1.3049567815341454,47.25273074927703,0
55409,0.556242187528883,-0.15995088456830253,0.7749349594220498,0.20276126907626296,1.5057488824466922,80.50630314578598,0
96044,-0.1836939663765929,-0.09495636950312068,1.587375666946666,0.45317284834634414,-0.7273547026711876,82.72161865201736,0
80807,-0.17735654863990935,1.179145716235675,1.8983007103623,-0.8131389817435494,-1.0193933189236108,33.316016552365966,0
52853,-0.9772376887147608,-0.9115585553391796,0.889563675057157,-0.7799896570121608,0.6495972494992013,83.53007316259138,0
51407,0.010636268348681152,1.3575882092768423,-1.3942997730017028,-0.9937906113375456,-2.2357599639472694,27.11644018475361,0
91470,-1.0879223785936563,-0.7258343041374581,-1.0623296815748147,1.922881694713039,-1.0771920329016251,84.70293070364204,0
34754,0.20451600281122595,1.4286425440145551,1.6653588124305174,-0.9765724788143244,0.5067396927075554,7.965941795647717,0
95665,0.14941248492088846,0.5899172328436647,0.2984759569068916,0.08331558411114623,-0.46117672036651686,197.54124372645634,0
40764,-1.248270509868803,0.01579430105737277,-0.3741446410079085,1.2866551405478472,-0.9545961756992686,103.60215818686788,0
12999,-1.5460923203036725,-1.1216466229495925,-1.5207475248088895,1.3161911703164269,0.548735831492293,25.770094340727695,0
98393,-0.07612722306890851,2.13508200893013,0.06116488315665739,0.20387252749461302,-3.967711444594042,35.1232516592031,0
93848,0.39223067555456603,1.1257568490321013,0.3376567976939641,-0.24668286564502964,-0.18555840346604682,1.5283148986313606,0
12185,0.5216912595809831,-0.5080293594424473,0.030062963183246534,-1.3434584479408478,-0.40861990571752194,15.330469106684042,0
1932,-1.2838538868586389,0.17949336279124653,-0.9915465858092688,0.6882155675004508,1.1196135161338037,88.96560454061022,0
3726,-1.737922445965795,-0.3815835486484203,0.913066469436057,0.6982175508037494,-0.460505646635202,31.17969560067363,0
88092,0.7872729880011845,-0.039830995283980514,0.5548823050956851,1.0983185669536935,-1.243450801924478,24.96988423583337,0
2643,-0.9395844885947484,0.08494807836662877,-1.0116208319130646,-0.4575889052595012,-1.1173733269710004,15.697157886712882,0
25658,-0.9039121651626768,-1.735487535167645,-0.034202591431231416,-0.41676327722166,-1.485055674188856,81.4347434561074,0
56661,-0.4066687190384437,-0.47157470335653606,-0.36962123238004674,-0.10537974447715705,-1.6566739647538187,19.103278773241573,0
91267,-0.7815044632739434,-1.5808434575424193,1.0589280641174017,0.26020899395879427,-0.9400765619359723,130.49887246049576,0
26564,-0.8601003213280649,-1.1897906460157648,1.5539154154555064,-0.7982747753031845,2.5048360867434485,123.03009362869489,0
76112,-1.4696183040062905,0.059574110980515994,-0.5813064019537125,-0.1844496733531008,1.391291786396494,138.79339695344692,0
35634,-0.21253102584369113,-0.26447378409691047,-1.6211277178462484,2.1594143713093117,0.5124533466882958,162.99979195840794,0
69768,0.3705984139802113,-1.0499106120188058,0.3108127360499551,-1.332240545444822,-0.2252870743319331,73.36276672151887,0
16309,-2.7892049920138704,-0.23665190536331263,0.7561677995898207,0.15611754452117496,0.3097623524048434,28.3556844461547,0
3712,1.472137828165119,2.695488709469085,-1.0044511413844686,0.04382914768530759,0.6831883264593744,10.03019919199958,0
92389,-0.5283967720203763,-0.8058609552534246,0.3286526124078189,-0.47282642084329146,-0.12167958123352367,38.455880149133556,0
26819,-0.7176622759721215,-1.0221012939641378,-1.315644767820483,-1.0361369193759928,-0.0772131289206602,96.38426433660356,0
11411,-0.487357365983966,-1.056581435577234,1.0803706831781659,1.0166918628504908,0.10470995122006473,71.20864021507772,0
28746,-0.9545956492889311,-0.7178763595791292,0.13289998652542262,0.2844526576283307,-0.6820469728137909,70.35212972685244,0
61844,1.0651028687320374,-0.9408488722060531,-0.4373908888517595,0.8574463881765508,0.4303070519692193,16.246822950847466,0
13893,-0.9588961614478968,0.4186801288643035,-0.34817592777237977,0.9290090285976833,0.10379032017232058,3.8671903147481554,0
69119,-0.31575800821709465,0.15206265915339834,-0.14944257774083314,0.13182617548111425,0.6386606400854089,6.400718186196079,0
63133,0.24521217346835436,-0.4737720477692401,-1.3583772685040414,0.2533961534892248,-0.5742371668410184,45.322415822089155,0
37650,0.9376148435095977,0.4441164261684147,-1.8208879754571394,1.0131034272295656,-1.1370829503208861,1.2476580641232493,0
81244,-0.3673558087682479,0.04694216544975854,0.9295289063494676,-0.5249076974063555,0.7143781072870856,68.36671084061066,0
36062,-0.9083780929706866,-0.14595227263352686,-1.4322774857320153,0.8460493484671823,-0.8931746008835152,24.987745740289817,0
51913,0.957517777643326,1.273340552051642,0.9006485975134297,0.9412496342517968,1.0933845517768621,52.183062600845275,0
90272,-0.5856218351657279,0.030013842616624525,0.7098259885272638,0.2971499158920785,1.1551616982270092,6.733861176990653,0
63731,0.10312183410805609,0.5891552112188644,-2.0154014068621935,-0.9773139884762714,0.9943869012795084,26.158873418563346,0
39891,1.6345516920769652,-1.3177985324194006,0.49232306391234126,0.5721793837246472,-0.34178313826854506,7.621648459481406,0
54620,0.9741233692959304,-0.08106186188457366,1.752309969710899,1.0419498938411955,-0.8105995695202437,24.032323119181658,0
31802,-0.2436243827114264,0.7427230614249261,1.0709996607916195,1.5076743346127723,1.128954515813927,14.89979711359972,0
57326,0.09939408956142959,-0.1288008287892548,0.14755258590743503,-0.7772210495467505,0.8260650003856023,41.61501529512491,0
72409,-0.9645679324291752,-2.0979046842888645,0.7060941340718802,-0.29225802554012503,0.05594021799708043,50.03681439657029,0
92234,-0.01727323804817288,-1.2762176831011511,1.2258790482242037,-0.37880447408405254,0.7201674382073684,54.21100550295199,0
46857,-0.5831971578837205,1.108841419071706,1.3075338803175378,0.08449659425665561,0.3826679882121791,103.87858955925901,0
89431,0.7281727495472169,1.5600385988583547,1.734148024184437,0.40264641847663174,-0.35162445006356874,8.818637500620277,0
56979,-1.1088163212865454,0.0930212882214317,1.1238932901712488,-2.0205945325398584,-0.39431798081428227,106.38755849505417,0
22313,0.01828008575882125,-0.986707685714242,-1.6380402869428872,-1.1062751266053987,0.7611380783377651,8.847801196704152,0
14357,-0.45015491984272826,-1.3819773746726571,0.546289716908982,1.4638381687287345,-0.5732943537865651,110.28943458471647,0
97829,-0.5129346017785028,-0.13481352569439856,-0.07964197820578524,-0.11845005646544954,0.11258725990706074,40.44889644718621,0
19008,0.3930042068581856,0.21439434738168503,-0.2561992803311974,0.9818237728833917,-0.39413612404615694,28.121378854481133,0
27712,2.4261928146830667,1.968244455161773,2.1041792751167683,-0.3829135855689627,-1.254289598910707,17.411780077289922,0
68828,1.117580732245625,-1.398826660161565,-0.9834197923409767,-1.3670635950003,1.0258649072351824,29.718105648240645,0
36788,-0.6607315058889722,1.1977419366271709,-2.824373288829641,1.6045229462218031,1.1367480382451818,51.55278391529383,0
55204,1.4653547075286175,0.8997868507630178,0.4234158554251784,-1.3891019799191424,0.38022562992875886,63.294924317703064,0
26385,-0.4634175711160962,-0.08537467997269305,0.624600518224056,-1.2044202325260338,0.4718914986701344,114.75511708146917,0
9860,-0.22973533149785047,1.513794255131043,0.7453589747902679,0.5406112039619526,2.5932551460832993,12.340692840005445,0
18070,-1.194537507036252,-0.10223466418557733,-0.6685311764253546,-0.267916181352738,-1.0626700908368865,35.65259962798689,0
89822,-0.8932494975183977,1.025014696114955,0.3636426845226114,-0.24915793156608274,0.5178290546920915,1.650482219839466,0
14382,0.6285994930303792,0.6372180913553204,0.15631269781593382,0.9573574551117774,0.6412389776840448,20.337750546744758,0
282,-0.9320268136452012,-1.1470701456912535,-0.9528604968058533,0.37523126331094325,-0.3550986825318197,53.639904708871086,0
9956,0.03352628747831908,1.1017204865890793,0.1802288241646462,1.3654578944989981,-0.7331319247248258,123.16243420641003,0
17327,-2.8388403307831935,0.7202586588327751,1.4046883313272998,-1.2582965283438698,-0.3377235980936757,145.0429863662897,0
77575,-1.0779058611515868,-2.667629714606425,0.14388562665174215,1.1834520272223101,-0.6298253995293323,13.520493303605841,0
18990,1.2547448373376535,0.8307939231033094,-0.5722211582742949,-0.9569365446970746,0.09571420709270953,56.76279091766756,0
13986,0.6009383807117264,-1.1059332245799558,0.5430383607482107,-0.30991401524691997,1.0353799615201604,1.5822270730651904,0
10655,-1.7483800930294127,2.3558420201583155,-3.0974881961690657,2.7449174627747137,-4.11594890870017,189.08977202963462,1
85436,1.2722703777665494,0.3051731831289448,0.39923817625149016,0.8176457260783908,1.3420272607868098,23.817660043866596,0
14571,0.5223386304721858,0.5701299455178457,1.3278599275082155,0.24758848277055628,1.2541594601571036,23.68841350954555,0
23291,0.07161839271028005,0.5921246247453483,2.0589856957943367,1.0544510746789264,-1.3619197717673195,13.264660167008058,0
8894,-1.6521441318888168,-0.4921575747920368,0.251069560976945,-0.06055935062546677,0.529375127916655,143.91202598203577,0
33755,-0.9486245101864299,-0.7432363667780943,-0.66758289705895,-0.39892118914435415,0.23665456555291087,16.02492714337647,0
97416,0.7121899185032764,0.5484478486844262,0.450257691189742,-0.2953724755378279,0.4114528252010149,43.95309661438341,0
39030,-0.443318302385349,-1.211361133949532,-0.8598194543323827,-0.03837193429432864,-1.1000625882411998,19.33709303249422,0
84607,-0.9502648442293837,3.0524720037039996,-2.462442716033017,1.971925093663561,-1.2760400959918368,488.84346883395875,1
44811,0.028428263711718648,-0.5371594624806632,1.7835000132962895,-1.7343493339888194,0.9034402784012313,8.528308464195053,0
59052,1.3147884915190176,0.534507548206712,1.6974122264385847,-0.7335337446468693,-0.4242129595355222,10.889933042426637,0
47897,2.044973812001162,0.7234141497773712,-3.327805820050341,0.9113262163371495,-0.08187540339654364,238.16617907544105,1
18071,2.2439212755030495,-1.1951085602602058,0.3562005887321266,2.537559110656036,-0.7075339168824166,30.617913977190952,0
22700,-2.0208175845859473,-0.6528710359036057,-0.3906286427666739,1.721104096603201,0.21673645419964271,33.91641430948137,0
31555,-0.2764512536598367,1.1548665470807686,0.3598855665660685,0.4223278000230179,0.582624089223645,32.92990674850875,0
84976,0.7810789812152732,1.3871907131863401,0.1349610569154279,0.5990334172837148,-0.056182307376663854,105.94561744885316,0
29806,-0.4853670441109201,0.4142344193015289,-0.16920973832562736,-1.2713718510665313,-0.6854636317066606,15.397455922512934,0
77539,1.085177848172317,0.0361827294430916,1.0114852945665962,-0.6891562561313513,1.7482642300112812,4.309067425308698,0
36060,-1.5686126744824473,0.37296933720957415,-0.20076493852699323,0.5471794809536353,2.4695003946778615,45.008126643336276,0
22612,1.2512505965246858,-2.2511352240100946,0.05167018890043356,-0.006734145762371445,-0.9718283065958225,4.247795249171184,0
67628,0.5873933864175546,1.3937155644181263,-1.1981023187944242,0.7649923456034087,0.5527673995839918,127.6956805968356,0
21976,0.08134888334676436,-0.9049514889131439,-0.5242889110312867,-1.3043317489119686,1.1661701048321504,30.326858939522594,0
66549,0.8829862054617901,-2.28091210820784,-0.24304406264474712,-0.1772137040804575,2.078247327281108,23.285212129259335,0
8767,-1.4032710297404474,-0.11813638993902573,0.704864276814403,-0.3649660817981491,-2.7137783950564103,7.338243481399348,0
1016,0.517230050277387,0.7383984490605373,0.6180514628381729,-0.6007041353006921,1.4446619016378741,35.3683549779316,0
52188,-2.0315513107472367,1.4441433207128669,0.3150902334695747,0.9347734439106482,0.49415167457843656,79.57762143215298,0
9516,0.2482597964904795,0.39195243160084786,-0.7388575013091938,0.08705755421392453,-0.7320399315576093,6.356511128522883,0
85680,-1.1584835618532354,0.9445582824931873,0.20475825482335014,-1.3907806034332668,-0.36003001628682274,18.997274431331455,0
64754,-0.5089765283907034,0.31291798890117156,2.34064329118308,0.5532781601254368,1.0441400069095401,12.872423406502643,0
59189,-1.011781175722834,-0.6702333622134368,-0.6044277679644929,-1.4917607625478264,-0.2492030607926305,18.96564010583294,0
87051,-0.7740914816197727,-0.024023127365470052,1.1930951558165848,-0.41291572630352813,-0.1661222742647106,11.78911279696275,0
55680,0.5920368258199804,-1.7234044207138595,0.4517422157590722,0.8274640850213348,0.225090329170826,53.80029890547041,0
39099,-0.9950849678878427,-1.2487746306749965,0.43002207415017135,-0.38742260011959745,-0.3641042088884814,19.615979526792973,0
15422,-0.29187885403461106,1.4089107574829256,-0.4012904359713322,-0.3702755723824354,0.23985786755252853,22.216210155004067,0
49416,-0.26586658568729793,0.18464585699325556,1.4698956716929237,0.7830292925387224,0.5156064025154776,27.06153613864073,0
80578,0.7560477759808097,-0.46059347032672304,0.3893757998748603,0.3216119684980479,2.257620637550414,18.281405583408823,0
99608,0.29977223560213645,-0.45059972468403203,0.2853040054883148,-0.36332045930561596,0.41279987749472297,22.547934281565507,0
94803,-0.5605545697142021,-0.2716279797439698,0.417800337439622,-1.0694351753515674,0.6740267552688337,1.9677973356293048,0
86444,0.19376457864482052,-2.217314784660689,0.7224739109091558,0.3686431404497469,-0.9747994493933962,113.83890749635238,0
56503,1.0912989562952675,0.37788228228123144,1.4286517806288948,0.2757984090810329,-0.43080792555224523,92.13853728808971,0
94947,0.4869606394296784,0.038485528340927076,-0.6580058510221363,0.11729186796425152,1.144773062144286,25.62220720053864,0
44014,-0.5726270026955117,0.4546889519536365,2.3217147523124373,-0.10874036302393643,-0.8182886435718353,100.9275399054457,0
80642,-0.15582105557381679,0.6958333799556499,0.13670532275726222,-0.6628039716392837,0.40038223340711926,3.0907543652254077,0
19956,0.796965795509925,-1.3506627611656268,1.5896615658433906,1.018932017783599,-1.0524906209714426,11.072535305364733,0
92705,-1.2235671854750108,-0.3028848778801811,-0.41372532258962474,0.7366430399659643,-0.38669808829537944,39.80029713766818,0
89599,0.7818798426041219,-0.3005156804971317,0.5957719966107027,-1.0386544135280786,2.1166786312738624,12.399671426590302,0
8179,-0.6168485909917149,-0.27707588805595107,0.06902722349078531,-1.7059402497185996,1.0439150850435848,78.15482470786789,0
33613,0.7437158203998124,0.6755618979049025,-0.27856809862348714,-0.9329005921963099,-0.007258642651445,84.65640157676818,0
99239,-0.5324589840683974,-1.3120488770737155,-0.3096849162762836,-0.3694091223410694,2.3102827945463367,29.787537619931108,0
42080,-0.7420840949227768,1.191998915532283,-0.2710610081026204,0.19494622536120126,-0.0847520504593056,47.89350851774626,0
98505,-0.10837103661884025,0.2539157193348046,0.20470252423791846,0.5609277657437176,0.3628618544142037,141.00249700673803,0
91829,1.0246398248307156,-0.3556773472480454,-2.083906529208803,-0.05722822602620605,0.010843255677798891,57.453650464458306,0
67054,0.768440731326766,0.4687752061135092,1.036064430399516,0.9900571107877593,-1.2206214312419663,46.19269596092496,0
84045,1.002269272618513,-0.38496652880844884,1.8405651181061153,-0.2245316377680574,-1.6035310391159396,52.59469693747765,0
32784,-0.9389931962291679,0.7482806471485979,-0.07483576567329805,-0.38561427687574545,0.7496648194021218,20.89488267305845,0
94297,-1.9264549394595483,-1.1053821813650617,-0.44416742136371407,-1.432740007430867,-1.8900392636050203,30.728263731820928,0
54093,1.725038589798016,0.43379340501900926,-0.14858950995744283,-1.1080545572959022,-1.1847978531112537,150.0666198622234,0
84730,-0.05358537531886059,0.5281585217116831,1.966990882370666,0.1819710918788573,0.3547810699315197,61.418112567749674,0
93980,0.8277131735827529,-1.6794266193847127,1.0642412951735265,1.600129099440466,0.7141974053763827,27.144458623667482,0
87527,-0.47449044474837226,0.3177217350129339,-0.05080359788240608,-0.4429908994405326,-0.6170631248488667,22.00805300381365,0
47638,0.4039767650554655,0.5098759829067596,0.041044328103827146,0.8507370485590988,0.1444182886729557,6.465757417544264,0
93045,1.7396652519704507,2.067668105623625,0.6117685069485765,-1.024282616095902,1.112836743549456,25.091007693553884,0
38623,0.9834818955451907,-0.5004968498447857,0.7309593663135436,-1.01771636049522,1.4824136509407193,106.42024841157249,0
30431,0.32862611537610265,0.5284618918237096,-2.3869000412569576,2.0259636025490693,-0.9433956373230732,14.66135623571668,0
31921,-0.07843022028465019,-1.8007174883715154,-0.7481288786064559,1.820266331029392,-2.1826167003429697,0.4676951210974146,0
66081,0.0314270093538459,0.7890172518121636,1.9975117034922045,-0.8841316620708443,-0.7475227022885166,82.58289084967905,0
8472,0.8963993405043827,-0.46609040423510983,-1.1000953409680636,-0.598617157725857,-1.3373228205706227,6.008550538363867,0
93814,0.10324165869908547,1.1085315772530144,-0.16883219817952008,0.9874944315118808,-1.1925018307204291,37.95718914804157,0
79832,0.4803511621244528,-0.7132320106245545,-0.8649459744745971,0.836117153189476,-0.7860842724479333,11.178420896390072,0
80038,0.12157900053938211,0.036307341741559356,0.878412979507654,-0.5262396743670368,-0.8019349237743483,33.08139547050122,0
2839,0.14418199150892913,1.3834901644375224,0.554650939213158,-0.49293315728106646,0.30296191691269214,44.685660089990144,0
89474,0.04056454809536032,-0.31609928405105125,0.013988115887712862,-0.893232783526692,1.46934473848053,127.11037909505008,0
83285,1.1616088136571376,0.8964247219074125,1.916408812398578,-0.6620532221907275,0.5843608316205889,1.1996652324404327,0
73744,0.44339795063605675,0.8349173474267537,-1.4183029081738565,-0.23843873623169146,1.7519733904649262,102.26902666443611,0
93065,-0.4214748374312925,0.376202317860116,-0.6427153221102642,0.652581820889264,0.9312116687382725,76.87073011258613,0
8717,0.033216563013147696,-0.5923804604873747,-0.6575902822898048,-1.3298328304564078,1.5700508974701124,114.10741444139767,0
9496,1.1631935189613771,0.03082420442756455,2.021714986154262,-0.5646851171447034,0.43856407559576316,53.77924429459355,0
7543,0.6736363657086232,0.29869666232126635,-1.1306565105457478,-0.6686553611433486,2.1351538879952523,27.035641137150755,0
96158,0.41083196312415055,-3.112527440092419,-0.4081128456889421,0.15494856082683417,0.7596108910399549,7.281174616908806,0
4000,0.10748571833141884,-1.9161643812659455,2.0860051855221386,-0.7679331465970476,-1.5290056365971425,86.73651739398308,0
96752,0.005685698039677293,-0.6470258002986565,-0.5582410564333905,1.7485397451126439,0.5163310650994681,13.600060034847198,0
24574,-0.17249603439745634,1.9793844714143014,1.057763695670583,0.31720223715584606,0.21322802300448412,107.57221879443219,0
55398,-0.5868497335487376,1.1822403898584486,-0.6818358775564558,-1.1437335394964545,0.31385724577411966,168.7332897110837,0
25372,-0.2283220843383628,-1.662199495723507,1.2643543655031328,-1.3371261791012425,-0.009186722084718239,1.5780489706512146,0
38975,0.2813741339352519,0.8059371244868503,-0.45190853190720215,-0.29589012159399175,-1.0419230560259762,132.87057467988453,0
27266,-0.11676399778157646,0.844928641765585,-0.34486025309278195,-1.6987793078475364,0.25080081564605294,13.820392319829855,0
85731,-1.2601726806541929,1.3193687758229597,0.07425641868632615,1.7077698238158436,-1.5113008715976217,27.70027119866284,0
89563,1.6544802739196438,1.7859438482695904,0.06954783670284528,1.0738864161480697,-2.2546038164172133,27.147624950379512,0
73969,0.4799969943350377,-0.2935379342872174,-1.5863350751318903,1.481316515058742,-0.012476050611647693,39.75004405811175,0
36220,0.4785303141499034,-1.2025685442481686,-0.6386898406438029,-0.8415008715393107,-0.36605070609828044,98.81467017064018,0
52528,-1.2847961599318027,0.3892569214267273,-0.4582739153981058,1.5817637029614795,1.862299802347153,26.2509251776947,0
19541,1.1982760366446361,-0.05903983159068665,0.6461510893561248,1.1725905330973148,-0.5064954824546604,155.55512648309409,0
10326,1.1490280629982936,0.1223266861648562,0.4720825952742088,-0.19796944182127724,-0.1793391194333697,20.227986642481522,0
46099,-0.45771894803881824,1.7134380090505723,-2.4280830770610407,-0.8963804510022381,-1.3151082238245586,8.41162466780625,0
24226,-0.03517808877043451,-1.7220235808146194,1.2495949332371197,0.7623044655803054,0.06407991338736785,168.2654105015206,0
57660,-0.04225915609369724,-0.8770011627319106,1.6964582202444303,0.48267840809593554,-1.3180722696121525,43.62208191713995,0
60004,0.8269434604651958,0.8621113790337348,0.7812571909962575,1.33334392748678,1.1890440542288008,141.09227017926972,0
19457,0.5925553079287688,1.5557119779162487,1.3688845853099327,-0.402730878913721,2.0554157406451323,110.55023720907293,0
82985,-0.17436412025215542,-0.33322598736240233,-0.3103254573286268,0.18392932627159647,-1.631163989078862,3.690706552196081,0
73379,-0.7505471890030484,2.380991489339341,1.3698045451925922,0.7165471527344628,-1.4937179995372265,62.27798463062179,0
38044,0.6518839479369677,0.48412792003922966,-2.2029309113576905,-1.6057171781206176,-0.7783474096411247,10.593280914634784,0
45543,0.09674391293904691,0.20934633589542911,-1.2216478602937484,-1.3789187098739666,-0.3661698115162787,119.94118040788865,0
24729,-1.6133394017494636,-0.5122488471822143,0.5952355459830837,-1.1305985632204167,0.3413030506689028,19.69519479969872,0
54131,-0.1411905820903369,1.0109421080529812,1.2420668589648343,0.5738218468920535,1.1238626513605412,19.683122763645628,0
8036,1.4153481469983127,-0.45152601692168154,0.09271690243886915,-1.7738459337395758,-0.25446067528543365,10.79156570302864,0
15524,-0.23328856174639337,-2.363179061041231,1.5520950076720532,-0.440420127574344,-0.020641213396210577,35.84202795680434,0
42600,0.8667746651846128,-0.1556575382899,-1.0943038805934107,-0.0981571578138971,0.15745227137489462,4.686593054813526,0
12115,1.2751244046611432,0.059312765419377855,1.0596986858041393,-0.3599535034019913,-0.09541945191233488,153.2082303754009,0
22399,-0.4691296593240883,-0.3281596849796921,0.19010406145054135,-0.559164348145294,-0.8494700142104952,51.74600686113209,0
54110,1.4761900997298043,1.761011230334019,-2.1596417656784386,-1.9374253778698247,0.12946975361398616,39.661206239689875,0
781,1.2857431021330643,1.1158472749366464,0.6108464558758292,0.3324252909825656,-1.4723264749378582,27.651367836070477,0
52780,-0.44469002715287254,-0.1842694730461071,1.4421342627087936,0.2284770250918683,0.9053248087607685,74.3599271154491,0
70293,-3.1652090411322753,3.6665112651975065,-2.1069664665773624,2.088492953244101,-0.395487602709092,172.17108504576223,1
68926,0.37888378780283605,-0.5028928587633323,0.6819688604934749,0.04603581011266547,-0.5076924245523271,92.31935715261264,0
922,1.475732678992345,-1.392446526503188,-1.1791732187363086,-2.0203822702982475,-1.5631062234984887,45.7345662107091,0
74964,-0.23291020749024438,-0.3442015976650044,-0.1752892911276536,-1.8135142851696564,-0.15439277402181664,30.863275966374353,0
66690,-1.3360028924349279,0.8865088020755251,-1.124634439627607,1.3953610717832956,0.04542678696177788,30.664278999475176,0
85376,-0.8523681240420008,2.045893295523032,-0.30867957190051903,-1.0458163185834688,-1.0308066111970997,160.43655733968035,0
51649,-1.1774859736064411,0.027822885627764096,0.7143299024856388,-0.31112344397990344,1.7276324241180276,50.24099871637139,0
49115,1.3404064201142178,0.4434056875422199,1.3899850432724044,1.184156479322327,-1.2268803845717136,28.214297415654244,0
78928,-0.44849136978710036,0.07667120561471819,-1.064953567532012,0.32764603895298255,0.7480819007849948,72.88595095576513,0
41424,-0.7342759712894197,-0.12028871150379637,0.9332205155802827,-0.7938815451983209,-0.6919031030875575,168.83011987369366,0
19296,-0.4681725156008433,-0.956623632107696,0.9412219317146497,1.2492726141834793,-0.8703374793845873,5.57528160241138,0
13629,0.04647866920478809,2.9029416285053427,1.27834420165593,0.07737632761947057,0.40557399879083267,3.561585205662998,0
21817,-0.12371717013848642,-1.0033440637460869,-0.9243571318584792,-1.0962290992534973,0.28059932518458214,147.6878517772499,0
82310,-0.06109732956768189,2.800876947609391,0.14141697257100241,-0.9483379815075013,-0.4901862855632318,98.17914060771102,0
84444,1.6239434870162683,0.07608325081486271,-0.9530240434724605,-0.5779094916518412,1.081307992873334,96.40256107544629,0
87265,-0.9078688084774094,-0.2896871727535511,0.7117486399752095,1.7860363190992723,0.44420074589186187,61.54114084967971,0
59675,-0.41154894830274796,1.9049998404102473,0.4162768309522312,-0.22843950173141273,1.4255739081662329,37.18754160719611,0
40379,0.9692032217790022,0.698164421750891,0.028947520979278874,-0.4438569394969491,-0.019560168939195488,34.45263796594251,0
5793,2.2114035759302024,0.7783255241455084,-2.0187197232791982,-0.37518506214532843,0.8235512859379315,71.02043917045971,0
79285,0.02511408402601105,0.8797386742198852,0.013128618177702509,0.38342736864214666,-0.4688148223852451,27.389545084129217,0
47295,-1.5532832525269797,-0.5993444805665006,0.9870843417498008,-0.1147700671445124,0.1057043387164432,89.68126358031535,0
46305,1.4270089026990616,1.7255194045644981,-0.025749703749578454,-0.373277325237172,1.6164513760078978,92.13647019230538,0
57716,-0.07141497837265344,-0.8323499145880878,0.014082859801776095,-0.2758612024062202,-0.21856899833167284,3.3752395453306856,0
44757,0.9384288575801846,1.1424495630017617,-0.006901727599153482,0.5426730763910991,2.1610642891857483,10.561582528956231,0
18888,0.4857158413539969,-0.4201229772718935,-0.13655653611546312,0.7179891413082952,0.912954620306918,39.99914802101498,0
73794,-0.2538590771450713,-1.7074329104488837,1.9391847007126581,2.110967952448771,-0.6024111220325941,29.70779434447734,0
28529,-0.5157673445295374,-0.7652711290778673,-0.955211809699693,-0.5996014488866775,0.17048316919624168,88.46939419221181,0
19456,-1.0426974091832861,0.3368430229165376,0.8770861786505075,-1.552101799130862,0.36268932056654,13.301276159600697,0
86465,-4.288706416690884,6.627774546852061,-4.908632482297965,-0.9552852844114019,-2.0260908885504056,46.45767827624845,1
82409,0.0565155544836897,1.443641475179593,1.1281889946098111,-1.6072708956063038,-0.4111667154272513,57.89841711478137,0
15036,0.864948838011637,-1.7833234851885762,1.4784876511486336,0.2855231583196428,-1.0451728066675965,80.24295699451612,0
94826,-0.8499082527601255,-0.9320368655873537,-0.7926367439472988,0.51301593078462,1.4056764635798342,49.79223071264422,0
2659,-0.17860032943355417,1.3684080185586749,-0.4736296745194499,0.13221669264064909,-0.7523931390395009,72.21642919395397,0
31852,0.2820069867560609,-1.7929505772841936,0.05524351057590904,-0.004726574982161799,-0.07998315398866533,12.275836158697908,0
19816,-0.9875027934694685,-0.5962608845449534,0.2933430900455739,0.45054594569390183,1.3809449925788095,52.2484854407759,0
64772,0.5710314643971474,0.266085421067041,-0.23819804026761085,0.5163430005440565,-1.2462764261220298,80.26183029095837,0
64450,0.599211171146366,0.2256709659631877,0.13789015557837458,-0.24155410045358058,-0.8796452101306241,3.2821951215972263,0
58954,-1.5396594189528883,0.16695961439579357,-0.6673049378769047,0.20963008391828628,0.6952054027520002,52.22071398727679,0
19982,1.0893393093166917,0.9961226602523151,0.39204258191853336,1.1309387925618508,-0.9571951220556801,42.861631879595805,0
99071,-0.8454321838049752,-2.7634441636088,0.7628291455859143,0.8800643858085628,0.6206684153913268,124.29896311280481,0
11944,1.6968898195806401,1.524284860747478,0.32236826902943033,1.402622953327437,0.4449663219675768,6.749964763879689,0
91683,-1.0629427301831689,-0.3685729093066381,-0.8187041034273156,0.4076456555588818,-0.8299311200940614,25.73287095933742,0
75774,-0.24764213068230878,-0.15772244506990077,1.7891373967611799,0.9585903186942275,0.9241498811618153,37.459973255280374,0
68026,0.2617304381938836,0.7367754089031674,-2.2315542203893663,0.3777625802011493,-0.42047418651301566,42.41963392764252,0
10756,-0.5717769086093875,-0.4174489690553193,-1.5654731623141587,0.755362615868472,-0.2507835889877785,51.91273472827269,0
71211,-0.651910035385637,-0.08310530841660531,2.4297560258036457,1.2306017792654174,-1.9474111116552133,8.508388667527143,0
69463,1.3270797513934045,-0.8352383651250496,2.3582909408661386,0.3611919526325922,0.9109540030534533,143.2533702142527,0
11246,-0.32074638863455823,-2.635838969513206,1.4714876651735471,0.3609287229901454,0.1060804961562784,6.787802624741864,0
98538,-0.6169324702941189,-1.4634361560181446,-0.38651304521391355,-0.5197772682535587,1.1459404226025305,33.4195904934305,0
87489,0.7576109369263103,-0.9344108510382787,0.5851320392637632,-0.019278559228669237,-0.13040223045252228,10.345507471411734,0
48511,-1.206683053744219,1.1862157344024336,-0.4482826864121744,1.3176548508270345,1.0480686287510415,5.091600241648196,0
8007,0.5619406165101333,0.8287049876070091,0.6552668888528668,-0.7299733950767141,-0.5878859834269099,8.91847432997235,0
25675,-0.7730381824010908,-0.8970953004816778,-0.5610195769455976,0.10891823324467338,0.24755955484730666,118.19322942049781,0
65310,-0.020239721297646392,-1.5878747688613812,1.4712621252058147,0.5699889051318785,-0.37059131393443345,67.79240778292903,0
12449,-0.5117817241250272,0.4279666733564731,-1.5647967808746726,-0.7684217537432435,0.43246446584494164,83.76096809894398,0
81182,-1.178669236297522,-0.615735666971556,0.21668758147199288,0.02181505055600336,-0.46182657290972284,7.446559281230722,0
26928,-0.6925348843550028,1.7014237404403703,0.33950801348700793,0.4427213922066657,-1.6553237203959121,16.863217861131673,0
95319,-2.499482528276352,-2.4235828128312282,0.18175230782212465,0.41290609047042764,-0.22211161234944968,28.0084472880938,0
86475,1.1228314454991277,0.9665404149994133,0.6954447363925536,1.028640610073081,-0.8805874840191672,76.11253765342133,0
12763,1.8920117699896957,1.505321519972564,0.3109404457666454,-0.8455233915853783,-1.6866655687028371,58.94032514100096,0
60686,-0.33437710670132015,0.03741531071346355,-1.5726688480083009,0.9599278700956456,-0.36705857771004696,32.047967073859446,0
99931,-0.27215437763923833,1.2123844528897523,0.09136966439671572,-0.6047807860317715,-1.102398864051479,78.67036332608856,0
13859,-0.6039858592158763,-1.5966516602507685,0.15675738517963128,1.6586360776165816,-0.09195546633749177,152.23221227574538,0
72588,0.3081274643361337,0.13162068898893264,1.0410598049433069,-0.36660809475290124,-0.5103000349233029,18.673104332512157,0
389,1.106092522853374,1.3432289012964824,1.1378373302646378,2.5428964457436356,-0.6681451797676539,34.22462908215306,0
50516,-0.31332087282762977,-1.5966598015238114,0.44889978614753057,0.8694263781695669,0.26889874547948317,56.51655971843924,0
38110,-1.3646486738693806,0.8629397112422239,-1.248356477711689,0.673271044960149,-0.5062087175539033,28.349651529765897,0
76943,0.30243114577612157,0.42434494386140187,-0.330445464599729,0.6681546299723155,1.0068544644126345,1.4117980191618056,0
76619,0.9511163073023188,0.6689188763437223,1.1510868603120104,-0.5557051247840179,-1.3924686080787245,0.45642869443282785,0
6469,-0.892941968129662,-0.25470594087176274,2.431672342531423,-1.2896345078352776,1.0768531989502246,176.9200605080883,0
23019,0.8271023817633405,-0.775699349550235,1.229310691907974,-1.3394619789177664,1.6050972287208105,7.037179592046167,0
52329,-1.1101887981524234,0.38850632385943296,0.9883231156063628,-1.1768813204315556,1.4958385998840622,14.683755183333849,0
31312,0.2686679251038352,0.170414268811586,-2.2847766357465473,-0.2532098482065603,1.027440983692651,8.014353369979812,0
2443,0.9384154217891143,-1.8265557591292327,0.4108338077809825,-0.22234768836951774,-1.1970776832387902,25.209134051239314,0
52815,-0.29685489373197,1.6292081188074055,0.9005758955652866,-0.15933541115393626,0.9234559414673909,2.846107290437292,0
11108,-0.17837491960827281,-0.8873987088908116,1.0668726901990064,-2.1845269375881022,-0.3380985532282589,0.6547793775704173,0
94333,1.092627565173108,-1.0300758824810878,0.820969443909761,0.08538231043499055,0.04979282184371716,2.4051521909374483,0
82637,-0.04392513295512187,0.22931891678802221,1.935177501963806,-0.029049952514663413,-0.053099299605372734,89.46703451395797,0
76272,0.34008941146390376,-0.9349240814388441,0.19483095711623527,1.1231900074410524,-0.24233966525908668,13.64592366140808,0
8199,0.8841243210313999,-0.6226729773168778,-1.2320412667608316,0.10500721489213552,1.4381256749046158,34.68788397927939,0
10799,1.3053709293638889,1.2135272806656663,-2.5731078480216034,1.483886298648816,-1.5049644485414957,226.23237264114638,1
37157,0.1949295738109782,1.4580597766491035,1.0387347441445698,-0.8184576733140416,0.45734361421845854,181.30954308603387,0
50445,0.7239119667589867,0.7848093094573921,1.4803707499856724,0.8144241552427022,0.11209705918121807,101.66572458446052,0
14199,-0.25615844322144626,1.2097881878438104,-0.4899669524725367,-1.1512475875975778,0.3311354366771716,21.666220404518967,0
87922,2.042257840510792,-0.4359169334535281,0.6496059135003164,0.45284724708981894,0.002246107031253011,3.4227859051140084,0
93418,-2.0510224885260975,-1.4606426996778186,-0.3466525739117052,-0.7728257528721194,-2.0469511565394005,2.901685043589791,0
32556,-1.0478098183782303,0.3103284759617465,1.2031555599366837,1.2464800012775776,-0.798553340407345,21.37191404536912,0
96999,-0.4019864911361351,-0.013662923339917733,-1.6818144538663589,-0.8777272636867991,-0.42690868711704577,9.18500106074339,0
11023,-0.5414316450742607,0.05739690795874399,-0.374661562507252,0.5321320078359945,-0.5837963658540882,13.067832621562808,0
64925,1.0784307441987107,-0.4004872448671374,0.5519693633849005,1.360346155050598,-0.02753919792731248,3.4660897801817367,0
99131,-0.20210159393183622,-0.6166726850782285,0.4779993874469378,0.39325373066447006,-0.604002977132968,21.959316873494192,0
25931,-0.4948286054196252,-0.9065072854978103,-0.7585286987145928,-0.4723443664530787,0.8090311901536907,37.227217727180204,0
18888,0.7814674142474503,-1.390182485391283,-0.06493122827130599,0.4540682060737281,-1.4077589590327655,1.2565175057370788,0
7357,1.2907055153121305,-0.467797463976134,1.0659097871516237,-0.3805212455874885,0.3163477058465088,3.6343489389965566,0
1125,0.4803243748750477,0.6147984103600516,-0.9024383611615057,1.6716766066393844,-0.7363382369408069,75.81357835465926,0
82534,-1.171414392093989,1.3596767365019493,-0.47591730666017984,0.7471471248429689,0.5463509281213684,3.820480787604074,0
62912,-1.1199391370046168,-2.4654939933130136,-0.5570564628912819,1.669951282978696,-0.42177631209627864,16.01107453576824,0
36408,-0.9472030111595046,-0.1317048459346119,-0.5587182538539862,1.4483994232518627,-1.882945854694038,13.798559947031105,0
57384,0.5253074625021505,-1.8903418022670535,0.20014503304048192,0.8825908260792253,0.4535310332725423,24.97135820407972,0
68577,0.7214359073440844,-1.3580100590415056,-0.908793467195573,-0.3613041477015429,2.284186951292216,1.9578813781308682,0
54240,-1.2495559027394803,0.803060488658778,-0.035662653621835405,2.0486438191669487,0.7765485469286657,71.47588734519326,0
73506,-0.06829514729013945,-0.01784640979348933,-0.10614639482332917,1.0223506889964333,0.29508351224696616,5.771306646551917,0
61476,-0.25998392525270525,0.8547880014130469,0.11533979039383678,-1.8461893744570723,-0.6731031618491319,10.031132271889609,0
34698,0.2905675855886578,1.6708505294436606,0.5865593133958481,-1.181494255571218,-0.33606985922118027,3.468390182076232,0
54869,-1.7062608199696396,-0.21309040193366116,0.16938898316541598,-0.008767283639551812,-1.3377110260651168,3.267124019240458,0
84878,-0.3089937683704872,1.5556149614627257,-1.3955146863728802,0.6029577859633884,-0.03721385637361559,83.21677164334285,0
98142,-1.3886220145349841,-0.7245647575411844,-0.09980671115393072,-1.755219974400954,1.7454777437196378,68.73375971781753,0
87388,0.6437753809379322,1.6529956688486502,0.9099641374112959,0.22484938870529922,0.24497690164503388,29.154917046590196,0
92772,-0.14018119361085737,-0.6916896590824176,-0.8708827208669946,0.5084588361483869,0.8891459188165428,0.5924904384585421,0
90480,0.8058272104247736,-2.3912418679213387,-0.6915304090883179,1.9165032067183303,-0.532960601735936,5.786226593451504,0
929,-0.8410881270119684,-0.8289266290193714,-0.2627954769471024,-1.1244764699534253,0.9182061265199473,1.0163460502122277,0
11093,0.7817241883143133,-0.7284740158847517,1.5625324135478098,0.846853693399184,0.1011512666737154,0.19188224242571056,0
47945,-1.344689200249953,-1.2318587110719776,-1.2537770721815429,-0.4346275220145997,-1.8935028677672354,67.60599261616707,0
61558,0.9092339421829703,-0.9228129499824342,1.2833859762413429,-0.8706191375516203,-0.1073444664296099,96.95046841351824,0
6012,1.1475664521446984,0.5757967128909325,0.889217016047867,-1.5989273659421095,-0.010356993931561679,90.50999592309095,0
60614,-1.0760066377147952,0.07759846984107813,-0.48832767680027656,-1.0832761475891712,2.130357098527755,24.18764695919813,0
31778,0.02001555011092398,0.06770781001595248,0.49514064846765027,1.1547963279335345,-0.1854783071949178,38.45904359138315,0
74603,-0.6433143271598216,1.721103239138698,2.6251394165986133,-0.7823333998495458,-1.7002326833811914,24.66849985075385,0
92492,0.19754862805014903,0.8643653463895952,1.1842845970325626,0.19020210032479018,-0.5011161833958405,47.4257635787914,0
404,1.2497575715479559,0.09442737971475966,0.2213048939765561,-0.7897694532153167,-0.7050163757526768,28.02376517463886,0
46169,-0.3548545730742157,0.2703320831613331,-0.6718645076195995,1.6257494249283053,-0.595757597918545,22.966675313330256,0
71849,-1.4975489611601611,0.7274621945320923,0.13137983491836477,0.222071116667942,-0.17005071377640224,73.75476489171356,0
29703,-0.35268489899558153,-0.16235110816511772,0.8813644317524277,-0.12255043091896291,-0.6265411144106177,55.90384468442902,0
89116,-0.6214734047144778,0.9817898365690693,0.05295252471004327,-0.8645110251582188,-0.5648613533783249,6.463589217349437,0
64309,0.6683539678434582,1.2325361550005687,-0.8681750192726655,-1.045097953832226,0.8138062088794258,23.766136101778162,0
69896,-0.22380305105096313,-0.6032286716303763,0.12463934394784838,0.46284257906977055,-0.5103234626993076,65.7445597910318,0
7151,0.0554112559857662,1.1089802385271024,0.9276188906152871,2.682968275463645,-0.0739196939682966,185.6625401868765,0
22190,-0.7964806184983622,-0.2776701970863062,-0.23349635122676596,0.8596129393798341,-0.17414117319826142,11.244698043996372,0
76797,0.3528336431526199,-1.372259452409794,-0.8847348374730727,-0.48880533660708564,-1.0142181770395167,57.57952669500004,0
54917,-0.6666286156786452,0.5376701182018969,0.12620050557729662,0.6565393821360263,-0.3873868747497546,24.074626721351443,0
37219,1.6078543368082463,0.9754703167375094,-0.8098259570138625,-0.5305645711366545,-1.1044426021188303,22.14365071763801,0
49376,-0.3822522475718751,1.0525504945983397,-0.06843836882482655,-1.2149116447837478,0.03230140103754173,43.451900055791285,0
68148,-0.05926802260034109,-0.18072229018177993,0.939303383562338,0.810279120301311,1.7652696693949463,76.15383210126404,0
85920,-0.10071725405597709,1.8791878850731307,-0.17907399232725432,1.229046158974032,0.5009194426660396,47.79741803817415,0
64323,-1.2855045230279023,-0.852379241858792,-0.3948939793937619,1.3714190019041985,-1.3371319506794825,2.0559727075366543,0
13669,-2.2252959027767756,-1.2064103339541288,0.35303638356506645,0.12404242358056887,1.3604576947873372,60.87510445297679,0
28602,0.9681200772406187,1.9659458520065505,0.08358674262930688,-1.2822119030289674,0.6194247636018987,147.0176560891229,0
91007,0.8704491697413075,0.799910952490804,-2.233605245995567,0.12578246803964552,0.24174967554716129,21.3486472639357,0
67821,-0.06513833572888815,-2.9306252724774917,0.21439164828688503,0.5708127149661361,2.131729221261342,26.01976538894778,0
86698,-0.6743458265962993,-0.005622584426260658,-0.322069824853645,-0.46692692598392155,-0.6071873629556563,16.610780683309716,0
54021,-0.27464484856183796,-0.6445147191595499,-0.015510369813372431,2.6917532958709813,-0.03201357509634998,20.773640712701706,0
93533,-1.2566032042472546,0.8043685299379365,-0.9802875507378687,0.40640164203661816,-2.6605961085140057,10.604346500803508,0
66199,1.1635258596263263,3.0675021115866503,0.757725176405555,-0.35422229778063513,-0.4461728401205202,90.81298204613951,0
39711,-0.3635620445525684,-0.5097897289597362,-1.8411117324200659,-1.9306522347345203,-1.297877986721469,5.15746393341898,0
57043,0.40120716348299545,-0.9939813806107903,2.335277786576755,0.658827244793202,-0.40394699351913865,53.85569647955132,0
74441,-1.5734971240144306,-0.48959488244877264,-1.7050087727384593,-0.08008824343685578,0.0805704675003293,12.959995220950264,0
30930,-1.6799057465048952,1.3160913602427415,1.3341294680772102,0.89295593717394,1.8826033839942888,12.787507201688289,0
68920,0.8691275372181939,0.24472791816001685,0.5288338337497608,-0.20462648034815567,1.201591074898285,52.882365042514444,0
74182,-0.5491907692968236,0.1946480039058068,1.126676679430129,-1.601268126485565,-0.8305790681481182,27.425702509846005,0
55751,-0.4777894040635778,-1.0472740400910394,-0.09417253955545139,-0.3567582391842619,-0.9538414111732225,35.94888674690548,0
55718,-0.8202905939056933,0.803280035971742,-1.393146084046777,0.6312579199072178,-2.5792803977882994,35.03069280558311,0
60603,0.5192603543577117,1.7481804580692595,-0.46587784477974814,-0.7008429855362637,-0.1306082079047539,8.471344764783591,0
21689,-0.08390186326829689,-0.6407286126266447,0.7373477600580713,-0.2933691152969921,0.07935946765028604,21.217574292857034,0
36976,-0.5173629891422328,-0.32782896911400583,0.5086115694764219,1.4214381748525053,0.8104862476292712,55.77531266739928,0
74027,-1.8517647462704183,0.09802958244366852,-0.6289804092048148,-0.7675706478861412,-0.3228994742332959,22.03426111326139,0
10293,0.7630620157385543,0.2165605471382922,-1.3813128343946004,-0.3875177829085516,0.007902344020385425,33.98662732504573,0
93330,-0.7539698852904088,0.6008689137235076,0.27566345673451825,0.04418049364936331,-0.21825705787210473,69.17797623830127,0
78603,1.5147146124944029,-0.6676846546932222,0.6248388021620401,1.8897768880133123,0.6692174869335251,19.6736613271068,0
22015,0.2669775898716591,2.361890703170213,0.698049258314823,1.1894937345501595,0.40528524023091667,43.20173596409552,0
59234,-0.04704344829848102,0.5811209451637238,-0.2734258196126437,-1.314744357078559,0.145959191099021,6.350303420505165,0
81257,-1.193954222045233,0.4540350958756309,-0.08943949036055167,1.634631834909587,0.3765179781009477,6.771280581810302,0
25242,-1.072235953355306,0.13342691465345397,1.629461848665075,0.8164123976571149,-0.5172850951578238,49.01418991912105,0
81730,0.16394494455802602,-0.23103693566139877,1.4234379234442338,-0.8489908479182136,1.068182440778365,45.60324313451276,0
79309,0.03438182225793511,0.916240462969932,1.1426674988225407,0.13194024092515289,1.4687311983209013,302.2073593021617,0
62711,-0.6066308273221378,-1.5786201484291058,-0.794064730343127,0.6514498360132249,-0.19134974835630528,38.53119048558483,0
83869,0.4361529815080361,-0.5166771070339689,-0.5079213264530645,0.8852905154238416,-0.21026818368862815,107.85650325194625,0
97912,-0.02471086506892419,-0.20424931207931116,-0.710340236669095,0.5927472845078328,0.007012679347772802,49.54182663573485,0
92787,-0.7295630157376162,1.6684781643340088,0.47131917048291755,-0.6994597225390521,1.1386941078203372,58.70192960707369,0
35954,-0.5243486162483538,-0.7210725979957165,-0.6469530541180206,-1.1884272089588124,0.3977573929764396,61.788453136855495,0
26987,0.29885846375057945,-0.10186535164261648,0.07160766226722236,0.30634283937043144,-1.098685142409619,7.289538325171298,0
56573,-0.061229375201977056,1.1398042162504856,0.47796997759923515,-1.3547885173372158,-1.5820325775681554,80.7176738031259,0
2093,0.93567437925074,-0.8071774512125034,0.8231710105585494,0.7308048278259475,0.2546257018762862,5.032702570786805,0
85992,-2.0073608522590525,-1.0959377796704024,0.7084473049486499,-0.37190006027034567,0.6853275042016005,66.99931704931812,0
10983,-0.49029841026058163,-0.07484063612659135,1.4411855668059204,-0.16488711766775627,-0.4394138097715213,2.4480305805123703,0
64041,-0.03485195049100507,0.460344804825644,-0.18478670874805977,-0.12729020974109,-0.002074472409845884,0.9923570344335414,0
27586,1.416126282081506,0.5073768827634214,-0.5063811799298801,0.9848596384708694,-0.5188877203597877,61.46843144767957,0
31174,-0.1892662309368083,0.0037664035082537583,1.6435381994090106,0.30504568636554646,-0.1338548288745113,57.20045730248467,0
82495,-1.7644889696569042,-0.5744024706049964,-0.19085611049206905,-1.3267562005444338,-0.9162077749053583,7.509191687390369,0
72082,-0.4227988546098636,0.45143876653347564,0.17194140317400342,-0.24288896282605701,0.5175334457625059,9.165567669698085,0
68648,-0.2905034189769749,2.158634915835072,-1.7394074657461145,0.34728836677140706,-0.36766183041417816,37.413671202917165,0
66262,-1.6258920273744961,-0.3847560032107115,-0.8560084859461911,0.27509325299977194,-0.48500474956216894,35.823414886985965,0
91218,0.12822454150382243,0.26294077876109573,1.1071603794356628,-0.3432864991510838,-0.3728639658019676,11.64857447497231,0
57134,-0.4413587915148518,0.5852508255422673,0.7515334211533271,0.7248346986695466,-1.3676383242898498,3.5311360073131417,0
89135,0.23286061196457572,-1.1548228677262822,-1.13770200192949,1.0210457067927523,-0.09767093748007007,278.0838618074186,0
25851,1.4543101017964906,0.1263110138013661,-0.4740411404377241,1.4637518030426806,1.463817080701161,12.717676683527603,0
83297,0.13568545345691707,-0.24470165672857286,-2.0317394874755146,1.8249653724854862,0.7277334985919344,6.909403755384239,0
26431,-1.600625843183379,-0.4121039499732385,0.06368945260736163,0.2782596986290418,0.22417076616791143,26.078872281344022,0
7597,0.28438571286359393,0.9456606628205836,-0.02061352592390042,2.0166124234609777,1.6378806500493586,6.760310883985427,0
65953,0.456121658752389,-1.1132566940209931,0.15105575691727147,0.2885704752219924,1.317711726208887,37.918659851665666,0
99713,-0.6887241565242733,1.1559719901158712,0.26748740873384264,-0.2951100110734545,-2.2163317386113577,61.04592989313401,0
37991,0.448317562430157,1.275280993218131,0.8443495872916004,0.6155286619903484,0.4144633521612668,2.097504704036516,0
12145,2.2798454829745136,-1.4400225578501806,-1.7394928664515845,0.20965426582870517,-1.0219445691616111,147.27857917283345,0
32254,0.20838231251962103,-0.8816738583581837,-0.652299404494563,0.16932911066387576,-0.11923541737752813,84.20451143894019,0
39764,-0.2714050601644967,-1.5792529774324968,-1.542445083515727,-0.1935850767035002,-0.9636560275624995,0.05563565158914325,0
8016,0.11845954873922036,-0.21440668474875849,0.5719357696010684,0.5752749333622718,0.11480595323445157,125.2259064202468,0
34196,0.7742910581643598,-2.122133412674471,-0.5761545513551488,1.3395873831156284,1.5706615433847417,4.03250771168098,0
5039,-0.2842882277692054,-1.2396844358680121,0.3408727472117895,0.4690759918729839,2.3237890846419,2.0920747772582007,0
50990,0.0021462821265419876,-0.5831114770864428,-0.8612728703928975,-0.4276402031835861,-1.3385225220510168,11.252792555119296,0
36395,-0.21367676886986164,0.6392930032654406,2.178416208037873,0.4016529237196372,0.5135521968628918,2.632808448768751,0
28082,-0.13745055695597733,-1.6461963003787083,0.9533548629223614,-0.430940607793809,1.0948229524297788,2.280635749144228,0
29300,-0.2521334110010799,1.4646672588818006,0.6578891343618591,0.19559742870109828,1.1087013882881465,55.953975361256525,0
32828,-1.6787227623485266,-1.1564402736314159,0.9894126569827697,-0.016039461404155957,-0.48054210771129147,38.202136971658234,0
71180,-1.5117871459689358,1.3668094667202824,0.3475157982269089,-0.3929066177061567,-1.3567890283762778,27.165966613329324,0
30386,0.6072039897442452,0.09313295739232577,-0.7506149240081764,1.456285288912995,0.4993752705248887,44.88363072075941,0
99929,0.7536938995540108,-1.3218271117477924,-2.2187552546413603,0.9785886133918077,0.3660477198566599,113.44526322154411,0
68814,-0.3797158202146883,-1.5757242629982147,0.11587674255328372,1.9844151182373881,-0.5703290551384997,9.419596552954859,0
29493,-0.10084481837845984,-0.09086768085739949,0.13043955865550175,-0.8933132319864199,0.516814952030189,26.232496985922015,0
91412,-1.8203980480718356,1.6161017404900149,1.3769771255488261,-0.5272385723163847,-0.29093506134881436,9.64839911254856,0
57091,-0.04188005496506906,-0.05080011843311441,-1.0037189970106466,2.1542274081053523,-2.277721405935463,27.791006249478595,0
36116,-0.375219230133898,-0.4878711748161698,-0.29010445031525917,-1.1526211620143818,-1.8196211780928977,55.32951387243615,0
16646,0.29026080540354937,-0.2939543922142164,1.1764015364136864,0.9979443634392972,0.6663828558775579,33.13458417686708,0
28380,1.4574842978317002,-0.13558814302883332,0.40670368394829,0.1337449336546736,0.6524946162287035,11.918014384206751,0
69449,1.6341410088854915,1.5016346186299734,-0.8560010352744445,0.8752149751633859,-1.6426894821953608,81.92133421825596,0
39758,1.9859447760880076,0.08568111164060456,0.5408684452119157,-0.8192772249133146,0.16052018661350062,17.256179991386873,0
38342,0.39380883799126415,-1.242826058329825,1.654858434987831,1.049314514625835,-0.4455497514310169,12.075867274857758,0
30816,-0.6356316158615979,0.5472504430673867,-0.5224364519576513,-1.5022731620656051,-2.1993382757465763,22.564128250323158,0
13428,-0.14781626507577086,-1.6352658859898688,-0.14744890778052236,-2.1593310849558507,0.8020299352709576,20.565041925860143,0
21352,-1.107852819556511,1.327959478670963,0.7936207477280433,-0.40770543623022304,0.25539910805492794,40.713848260355704,0
45002,0.8458511844690035,0.7057838852040312,0.5107098709589695,-0.025136446915406535,-0.7670356356604348,5.081974269170653,0
4611,0.5273096933995635,-0.38867839345363986,-0.12910270847372343,-0.16340045074789664,0.5861515903256682,17.574251281346516,0
46289,-0.6667847639617395,-0.33383207446018304,-1.6829453330053552,0.47087742836615704,-2.074037093627369,2.7781528616657365,0
31401,0.24955643030755706,0.8668210859166574,0.2234542861390162,0.8987646687396638,-0.7241595688231592,5.372510663319602,0
32174,0.7521309491276379,-0.5327575394612195,0.9720448871025391,1.0021609527919988,-0.6935712455901809,61.70442248531405,0
9359,-2.0652570038187132,-1.560206474245836,-1.3620442841307996,2.1925199800399207,0.0717847351124632,22.849409751558504,1
5668,-1.2821138111330639,1.2119540526648163,-0.317079334759079,0.20244681162812225,-0.04126871409466444,43.94454631891217,0
89833,1.5676785372146536,1.7557905435329837,0.026211546301595424,-0.037773569434509824,0.3039414673797327,39.018145642272856,0
32711,-1.621008284576339,-0.06820297252355163,0.18909763054717318,-1.0946051429375772,1.3408996019688921,38.611976745870344,0
85112,-0.5428675947525371,-0.6175076902303165,-0.7763640214625551,-0.046138365790440256,-0.4955940765874636,101.2399512678854,0
91245,-0.9289853160893053,-0.6847161543480678,-0.26819763059141155,-1.6161405618426534,-0.18060531719234085,26.90649636489565,0
7006,-0.04797993391856003,-0.27900802150803067,-1.8775833652979093,-1.6042316949519322,-0.1817019522574588,55.04307038212705,0
43732,-0.26837129395896864,0.7301060979994994,1.0991722973503169,1.2472608526944753,1.5926261171919522,90.16450262927484,0
27716,0.3639713400560984,-0.01951543940406494,0.2583906110004671,-0.09489130469109,-0.14766805395570565,21.20336573079881,0
46240,-2.158341916889131,1.199590148993406,0.35215976323623555,-0.5743142539125958,0.03394218266591638,18.29410639573687,0
87312,0.8648492232989141,-0.8095673868458734,0.14955959763717236,2.165082217434605,1.486817462970208,67.2517159096781,0
59042,0.3991887168814596,-0.36696159452816834,0.19743114156823624,1.3740553543260088,-0.9767652934412705,171.06201226144657,0
87592,-0.1626442897771436,0.49018927413981556,-0.529823015525806,-1.831573596391734,0.40217388821128486,148.7144106766233,0
31921,-0.010915681073449155,0.7565319009867107,-0.18568449612864546,0.18991089943914738,0.1939913289490852,22.351439594779684,0
1605,0.398062174853005,0.4489761444216759,0.5547233026509205,0.20864201779814015,0.8918181780704724,3.0175148155967104,0
30841,-1.3526273662573858,1.0254067251419892,-0.037544957923991595,-0.6620509555982982,1.9741168171599357,20.326700090074038,0
27766,0.2296353150738254,-0.9158118041755245,-0.15079247496042736,-1.4341183975528777,0.1510852811858132,11.013029496847832,0
48290,-1.1652002870532356,-0.558075932285895,0.19816848318225402,1.1516206068141648,-1.9359804032148258,72.6959541128578,0
99304,-0.3982059237192233,0.5264618134118679,-0.45610151571644547,-0.6051852775304685,1.597995305173882,13.254204188196105,0
20103,1.671962960073275,1.1221588504151059,0.4885221794282672,0.538960281037568,0.7959842585148664,9.9769607645218,0
13025,-0.4770057183213565,0.8474157131500993,-0.17836431054107404,0.00488574093019347,-2.0081998107660075,5.6373653774398695,0
85314,0.7027256732712895,-2.5385693394314695,0.6513841605059241,-1.2731136619784333,-0.12020815340829648,386.176476103123,0
99441,0.5418928204759059,-0.2826252795480116,-0.77709315346917,0.08855886207677965,-0.17770815913186472,3.6533083946197067,0
38244,0.9837355113956464,0.4898951064096436,1.4542764314354673,1.029103052433046,0.7604105018926068,35.665971898022505,0
20384,-0.0810238367387997,-1.9186340908607376,1.5056888493420801,0.6737304882755186,-1.1649556604829516,56.42529664908359,0
34584,-1.9839966831469544,-1.905416468015876,0.917710524560253,-1.4947471226195939,-0.2631327066777083,25.363738693217297,0
82870,0.10045295045211468,-0.43971156043633197,0.9967977661275882,-0.13988794267799,1.858552411625337,39.585307958439074,0
68344,0.12395793250589623,-0.0948269890469991,-0.7504865750365622,-1.1182561446496022,0.5565046246836178,58.443045468060696,0
61332,-1.183541370810924,1.7729838520970223,0.01415947951850353,0.05157459095266477,-1.606435856468633,78.98305492988001,0
77714,-0.35913302229707783,2.230818271811151,0.07989595296304818,-0.0055383542133556375,0.32977785828863926,61.48514781271537,0
16211,-0.0774827743318861,-0.7120374862077322,-0.37404412439466284,-0.26332845260264487,1.3607301534136718,77.86378027318163,0
72930,-0.3426022407710725,0.5809622947236015,-0.7192980317999896,0.16362079777498512,0.24070835870860677,65.95285534958936,0
2224,0.49937966061579625,-0.9488789445761757,1.1886901750625483,1.6394239417046168,-2.954310752325581,35.066032602746375,0
59792,0.12156748771264907,-1.6309532132923052,-2.0105781283618955,-1.9679874387573901,0.8318463535829396,43.204359552504236,0
10350,1.7389918103268525,-1.4276650104675974,0.07337293133466874,0.8648830321968387,0.08029422826362541,23.023875945686147,0
46514,-0.2705148819041963,-0.6595378722631091,0.1324149765536345,3.6874668014983003,-1.388591230776271,141.40944351988983,0
587,-0.047270379229430746,0.4226115733141262,-0.8706387270186103,0.38483300286835387,-1.6701238416219732,130.31507584295468,0
75039,-1.263880829074111,1.314740264821312,0.5662096991492005,0.2649183372258612,-1.3051139866980248,104.16792028767937,0
34594,3.544065010959781,0.07308376479083839,2.0851869683975806,0.49122149136359294,-0.5788006999564078,86.58128706138362,0
86988,0.9149234801178312,-0.06408287656884287,-0.9901388917442313,-0.026802787079873533,1.035437479682824,3.5447720063107564,0
59778,-0.49082647991404904,1.4033805327436546,1.3782347600030314,0.1907719305925331,-0.553600496926768,35.64271144508582,0
75766,0.17454305995310235,-0.2266777770960381,-1.2225973479885914,-0.10119351726761724,0.7989078487927695,44.96654568445091,0
23408,-1.640093755709837,-0.23045290172181426,0.2362800939530502,0.8635582457245051,-0.8333384988645018,2.684211074731425,0
74744,-1.3249160194224634,-1.804407722497076,0.6972281793958297,0.959716177831136,0.44763598058784126,7.175949691092814,0
10627,-0.24096058285591823,1.9600075188155925,1.772723101755885,0.4689233958878529,-0.34473097462135205,81.60837477457025,0
9885,0.5406307261785857,1.2362351239265392,0.8019079171281337,-0.45082341107713203,-0.7159362327828015,99.9033966587852,0
90265,-0.13149181198922538,0.24962602560472855,0.42064391124468936,-1.4273584371119512,-0.8782215810884244,65.25793737295041,0
26614,0.48861309641645756,-0.06594360833295647,0.23016620357939316,1.3869088340596765,-0.778048632537232,87.41555120494631,0
29739,-1.0373287137697196,-0.49759074464419595,-0.12380952482787257,0.8044660906862748,-1.217872568549816,19.226193066188234,0
49481,-0.8013912702625892,-0.33716055142808665,-0.2802281820987568,-1.3863240807784079,-0.10171742183537563,18.39540068079712,0
44976,0.8630877860052469,-0.6977305159963834,-0.6542793759632473,0.3990893449322871,-0.33268817964405195,87.54728347802879,0
35737,0.023469322292615936,2.15207335586206,0.3229322148383435,-0.6610918494958523,2.626310235781116,52.31244208494754,0
36378,-0.7506809870516554,-0.5941201885449019,1.3293639912144088,0.3883392862190113,-0.22189187651374065,8.525208616449735,0
50961,-0.30853897128903923,2.169770748750665,-0.7188889862114795,-0.6390520523104248,0.03194475226929614,29.392531365384695,0
86544,-0.381294960804576,-0.6575415838632674,0.11145319721527233,0.11004405890732373,0.35382593524071687,20.652278310305274,0
4986,-1.1046675477275152,-1.6884768330888253,0.15098902520849833,0.007466320593719553,-0.35213932946545956,11.04048520674645,0
29855,-0.8232102514740889,0.7351552319892513,0.9950527466570456,-0.30065393132372226,-1.9533247308551869,15.985504728562223,0
5520,-2.8316324197573084,4.499793005091972,-2.792909718346197,0.21127404890197587,0.08436768750115564,100.50214786869378,1
32049,-0.15093661684399282,0.9416533909405052,1.5084231286249086,1.2378942012423588,0.06732256957209698,20.848444032609997,0
71431,2.3402964980453067,2.7437091693368596,-0.6955201502034049,-1.9038885318519851,0.7038051213637843,104.33536366477671,0
29486,-0.24237661538640737,-0.10690649009074292,-1.153966190889869,2.1808150497041847,-0.7940046546843985,88.78134324463295,0
95505,0.24883707875137878,0.9545795811061782,-0.32682934551661674,-0.8802656394770324,0.45217863162031247,50.48137477576721,0
99075,-0.14810897947188312,0.5451694612222437,-1.3596195472716661,0.22221911339845182,0.09892633603723659,21.1252174269768,0
79025,0.989799345927511,0.23170061977835565,0.11069057054688558,0.6653929700558268,0.7813366237015992,6.7416209591273795,0
93300,1.191931236215073,0.8297041293737117,-0.3852468100929874,0.8780680089791214,-0.28215198503529504,66.57523651336662,0
78931,0.6580675755568536,-0.02152099458265692,-0.516206131356464,-0.48360147194018865,-0.3729456459098741,45.691069686728326,0
2187,0.5974295355288878,0.7111257601086451,-0.2937990753099973,1.305794767735239,0.819012594162052,23.41535055413361,0
31010,1.1616782313232301,-0.8129224823594956,-0.798778722698252,-0.7741152295185563,-0.24669128362560627,121.41794385659172,0
67661,0.5661869364210564,0.7611710130736653,-0.47482378421047405,0.7421551742781722,0.2932440469789688,65.50774171064458,0
47861,-3.6085380990573377,1.9031734815758659,-1.306091383328807,2.0545940642878193,-2.0510921668568693,141.26674843575748,1
66707,0.06283357291934077,0.7205648517880489,-0.4545017008435902,-1.0838095113270576,0.611083327594552,150.53692855948015,0
41328,0.6240901831841357,0.4507156200324405,0.9756188423425718,1.109719581705981,0.589030355353986,11.546358001602226,0
51431,-0.4335640327635492,-0.15165367203420396,-0.41335029676045315,0.8782186066351834,0.7721617816522341,73.4254452404648,0
45186,-0.048097423042657995,1.314446899976997,0.7798745284307934,0.5479027930001471,0.5046082929230434,70.23704510181923,0
81818,1.434408045034828,-0.28437585908066076,0.675595516064319,-0.2862218478597265,-1.168024191831741,94.84244458281704,0
126,0.6518648526930954,0.7433635615069143,-1.096782829414477,0.37358604994647143,1.2187412290075028,40.312633474358876,0
37713,1.0577686473022374,-1.7931247843359261,0.5599642402758171,-1.3869466213354347,0.04400527457332456,55.21341696751427,0
55284,0.37251966709167095,-0.27151118310388506,0.3233486563033481,0.7472760838722076,1.6323615440343924,98.12844846287538,0
98134,-1.6227140503458455,0.9404565783741969,-1.1675520952169836,-1.3066692309764605,-1.062339438179345,55.03339445594969,0
62046,1.6604268534933473,0.6705989393347973,1.8108732335944926,-0.4926150336058205,-2.0244694961669625,11.458232657080353,0
74543,0.8365201560389821,-0.5423499736103137,0.375255256743957,-1.1191618343064476,0.17779127177116533,14.362038674606604,0
56358,-1.3124236755267384,1.8164205713614432,-1.0553130297365483,1.985779549373067,0.759690027938037,81.11621637664848,0
71363,0.3571617361440502,0.9618958986902391,-1.1789771002104676,-0.2892570938936288,0.8623703721217144,20.173407826020686,0
70067,0.29416753800160234,-0.9507909185327753,0.2931555559996933,-0.44740315581303597,0.5024213990988486,3.74766490818049,0
5126,-1.5141121752983684,-0.003999636351869729,-3.813926894802272,0.4857006921557403,-0.7353603009261833,106.49137964176394,1
82848,1.980075233444019,-0.6382888306167251,0.537995649068834,0.9571624402224015,0.0033274195831950867,11.857429694568054,0
92260,-0.6955483344918731,-0.11782971759325418,1.6971114804731318,-0.15623439385304017,-0.2434093460444817,152.0993649756171,0
64027,0.35297074972286774,-0.011758058393880949,-1.0197365473416686,-0.6594597788528883,0.10576442362046036,57.669587011682545,0
24618,1.014894342063009,-0.43395549707247744,0.023162585640135434,0.3713069185677303,2.159158089016733,8.61576470549348,0
46975,0.26252801232332496,-0.36217093885845253,0.5086900801902082,1.5631981532570365,0.6727451942868689,91.07911543049325,0
7657,0.9208158658799955,1.2019666345182933,-0.9454278641443407,-2.156101758148346,-0.7337902651708361,81.76274405433674,0
92193,-1.116865971932945,-0.21860813248412103,0.8378411043858961,1.387010395010795,1.296023768716349,168.05470429497532,0
3420,-0.7633491867151124,0.3429562674553059,-0.043022322964259174,0.665771060837476,1.4912976375915024,11.630721454153987,0
88499,0.4187145588757942,2.3613010227878575,0.7084381994142844,-0.08972018910044884,-1.6487047206042909,36.51321022712423,0
33142,-0.47301766727095396,0.8473363253542434,-0.29004168766946337,-1.1206340352036939,-0.15581463961487377,269.31933342485246,0
66852,0.7643296141303859,-0.007313180268049925,2.7038751925892255,-0.8027373682068542,-2.199591957805854,37.3901949397265,0
7296,-0.8118796688667311,2.129155862409928,-1.7538854067587886,-0.6213862767964047,0.018016763321688806,37.73346094893144,0
96117,-0.3599684214241245,-1.0429690333437662,1.5687572352524275,0.48450470440323173,-1.5594035897024712,6.859077908195384,0
2469,0.4550661535347574,0.296290348483435,1.0593425433607495,-0.97647794546663,-0.12618945591571615,97.57349871303201,0
5311,0.06812285014065171,-0.4931232515794686,1.08504181797306,-0.6594603785245904,-1.3854195336012056,24.666064372231297,0
85382,-1.0159596631945673,1.0790857713471862,-0.0011495648046663729,1.641167909472439,-0.52305623892149,51.81266928682797,0
82909,0.5407775189589796,-1.661590238341676,0.02088172952146569,-1.473758007818976,-0.6203891283821137,123.1079644343585,0
56154,-0.8936535102956071,-0.6468759020702652,-0.9425754319909965,-0.2707534915556983,0.351244151670364,34.94574108006709,0
90084,0.2233023395522055,0.4059654991830201,-1.6837276933113343,0.6223557982088727,0.1740227716243513,46.677815840651284,0
13350,-1.3184181401263892,-0.8093724413438168,0.9020762444317644,-1.3656729349985453,-2.22569847386997,33.00806973811877,0
19508,0.7145306910521688,-1.5660306160166126,-0.30366577891320257,-0.02431605477401721,0.030208609078095607,62.94785092121541,0
52428,-0.3060454650644175,0.9387431750565721,-1.8226127032356025,-0.47537115108016537,-1.0310982238742539,14.787135148500289,0
86205,-1.011941946514925,1.706462455746808,-1.170679283503695,0.012025584791942455,0.009691670714574946,5.225691760738075,0
74658,-2.48566380157107,0.33986463328470484,0.640826684094971,1.6866907330423908,-0.29687694338181986,19.54296079878062,0
9168,0.7516239610463575,-1.1920782645758172,0.37505281034510035,-0.2784069882877729,-0.725132240521119,132.90714958562575,0
55249,0.5122943105042589,0.5387771269189496,0.2121639462900121,-2.0618673939556698,-0.6243521492599413,166.70484262668802,0
54845,1.90186461325099,-0.5794930678011466,-0.18954314762500785,-1.0882481035361067,0.40151023993723883,4.146702160579071,0
98746,-0.998650690347807,-0.1443119324167644,0.017915077827127833,-0.43143897898355643,-0.3428299609297368,25.517915896387656,0
69519,0.09237914939206851,-1.1007221996634915,-0.6026916869903975,-0.37842699457975215,-0.7515103168547964,62.5288175888835,0
384,-1.0872606842743522,-0.8018335869197718,-0.4167152562281471,-0.739270870623477,0.4887986414030439,42.8255790306091,0
15078,0.042013229553474946,1.9098748679089967,-0.8966117234382827,-0.7597462710585984,-0.4705325396512233,21.53967415150488,0
96652,-0.6491461847589073,1.9766103338806056,1.1603583474564951,1.6355002972234984,-0.17076348835672836,2.62604482363627,0
60030,-2.016181129600552,1.0971775503822956,0.08675888582924589,0.5701970555231892,1.9741698136300638,32.75867264315258,0
49153,-0.25356317144820206,1.7855867024760725,-0.18572713111714992,-0.04199385122860111,-1.2788051970527192,66.05537341168576,0
44425,0.9840414529044801,-0.9973773707490861,-2.647112108055182,0.4809436382755358,-1.0446187930902044,3.9956342567061585,0
51005,-2.392608148197263,0.11959795457485885,0.032732477657032286,-0.7557030035596204,-1.0714168799615282,162.10741057540957,0
20313,-0.9339419074180088,1.3172459401476873,0.7804667886468013,-1.6304341263274367,-0.7713305791077119,28.815665912206327,0
6716,0.1108964301634123,0.5979135073989382,-0.8685133873043879,0.12111586003065766,0.4154490247439272,40.80860469667863,0
42092,-0.2065467344489443,1.5952280459034476,-1.5123032302235344,-0.15784655621131746,0.6738336502899052,126.31147132512623,0
2336,1.054806433094623,-0.1232980464189985,0.32179072243667456,-0.9516343203148528,0.4660872982553206,145.03664732887367,0
85655,0.15984057716539674,0.4242495529750107,-1.0348148885745907,0.16108736892718167,2.0111876832108386,4.129980773087193,0
79273,-1.4845315419310572,-1.0078551986814441,0.2687447194320087,0.65902862649258,-0.5080452538123723,7.892434912818771,0
84471,-0.5450197282648013,-1.0603159900310417,0.906436867932051,-0.8188703195614008,-0.3780968541848281,4.179231304027108,0
3020,1.0994690810340573,1.0111190714443534,-0.34226026490642114,-0.8540968831727593,0.2948378125036678,42.61456467891168,0
41949,-0.2962491987642396,0.7352414442896228,2.293677076382116,1.044597447378469,-0.7697785321362727,30.672324616451736,0
90355,-1.3867682108376858,-0.8788145790381195,-1.1563368995267436,-1.276072681970571,0.37971742685301374,63.836971677586284,0
69785,0.6273920740836848,-0.4854481339801763,0.9315450858532519,-0.21813533025940987,2.08133607534918,38.91641864669493,0
97379,1.1228254938852753,0.7197765194776986,-1.564894919035778,2.433895780053542,0.965939554859702,12.084211585809953,0
53947,0.024240242625477082,-0.10909320827625384,-0.23739712676564328,0.25534688774512726,0.21980915067895304,54.96974686168278,0
55312,-0.03410720098954454,-0.36056673178985454,-0.5742186202068906,-0.8193750806251868,-0.23369990106462424,15.100300773436507,0
86836,1.001831211261531,-1.7428879738170595,-0.39530341555931936,1.0698813046722213,0.8069610561434842,23.645241906199228,0
19065,0.8280104061634723,1.1566180339150132,0.2126424823268253,-2.0492317195345278,0.12544451927625772,114.12179631090615,0
26654,0.737639200059881,0.7704267719063206,1.348222567056998,-0.8744055630644767,1.2547089582589392,142.52574412672837,0
73997,-0.9580219076852879,0.9268837505549764,0.11808109989878969,-0.2967240129935167,-1.6221108055078972,18.662891223230492,0
41458,-3.5525529679359527,2.615687665834379,-5.5155259171234565,2.037509052437578,-1.1972470122305827,58.897628906467105,1
40718,-0.4221291640727909,1.9581522269127134,-0.5658672319748156,-0.09285431710910516,-0.5666099278191502,155.2496419800347,0
70331,-0.6657998701017706,0.5726153920568272,1.4390803611260128,-1.0936480333605114,1.1162341993677722,52.21051189660951,0
90453,-0.2658552954468585,0.2504425935159528,1.3187063497149698,1.5869521108796756,0.6652590267467294,5.053257239967309,0
84742,-0.12147401855004489,-0.4490401927324806,-0.5171712769561332,0.39738875978146154,-0.08746967302804623,2.847559133018205,0
15563,-1.2700067677908868,0.5292829920311475,-1.0877357201232787,1.6732075106392454,0.8809830402409967,30.615266856521963,0
50085,0.8989032098691095,1.2007077511836866,0.061167902617495,-0.11110866627749161,0.427184975711258,57.8723981117883,0
98344,0.6283300457417965,-1.0053349058597516,0.9951178975866359,-1.257548602425692,0.7059957583889291,70.69134080741264,0
24000,-1.1300441691643648,-1.3416189757453971,-1.2482218897904178,-0.42909869290191643,0.908564506863392,357.0032192630376,0
4835,-0.2230698117907077,-0.9086158879680972,0.7910754438725505,1.0918760062474988,0.7454097586955774,4.235953125196914,0
31655,0.047034364008503374,-0.9253363714385271,0.7271793158035581,-1.3135033932697568,0.10293610077565697,19.328726193829578,0
32252,-1.267057102065067,1.2199329755364838,-0.045888150742652664,0.42823494801635187,0.32604393967797535,29.644550631548626,0
48895,0.21195802700156327,-1.9608507978328928,0.28926376021656436,1.831928089933372,-0.34255466658630035,8.940125268997047,0
35529,1.0110630878929017,1.3190761913682747,-0.1783156809008798,2.04525862507221,0.7848947052772758,46.89763245864377,0
41240,-0.8813146623227437,0.42291916022725257,-0.4463327971520985,-0.79658628758592,-2.0690697038249257,25.767100447724605,0
20281,0.12972304868337323,1.0841610169548659,-0.6431357920283707,-0.009890229208234288,0.1389641985297701,18.47481963060288,0
93264,-0.8305122982775414,-1.7335702284214536,-1.3719413505485563,-0.4714913004787184,0.7288844307948015,2.6694772349584426,0
67990,0.25014444773255406,-0.013288947872645994,0.4915010796055491,0.856460687831434,-0.7191114363365751,37.04195357913525,0
20466,-0.4570138198521978,-0.12714041478611238,-1.7281573196025548,1.0909790530148702,1.4366529760613467,7.606659384152908,0
94246,0.4146253992672834,2.403181925697177,0.08524997629284713,-0.7352143784025338,-0.6896687017269431,18.295358843611613,0
21520,-0.24913924623956143,-0.5303319007472351,0.11789407276334242,-0.10578146487814596,-0.051652398509889653,0.029905883575644283,0
69249,-1.462883937739432,-0.7577050013726064,0.6187883101361259,-0.10739685144882034,1.401358652683081,121.39897681780023,0
71635,-1.2300300759220195,-0.6473206015015319,-0.7656786179842419,0.5264675646146835,-0.89373242494944,42.106316821707125,0
36674,-0.9003169081180842,1.6550683418264938,1.4974957159134523,-0.9796558027189143,-0.10317171956553796,30.889810195007477,0
18752,-0.1297722243984588,-1.4401211290794125,-0.20737120693623548,-0.6279670581252966,-0.18480432550280562,57.390833443542554,0
93547,0.9648977191061778,-1.5424162038886688,0.7680946961831208,-0.14241036015936429,-0.45741150977522504,95.35487362639361,0
8016,0.7399207602465501,-0.23171496691141202,0.21914533865734734,-0.0602732717779427,1.360893677117648,44.43502706069714,0
7214,-0.6339934632565143,-1.0712222864955514,0.7591461765311076,0.7235437606733699,-0.24506270635175723,58.256463756922514,0
34766,-0.08062880844981013,0.18009153881108567,0.5060641378930499,-0.6667797978713114,0.4462231525782905,9.30012186111506,0
79650,1.5330688258513046,1.658931254979496,0.1880485663434207,0.7319562774900421,1.8438441323223753,22.589678754925895,0
80559,0.3492255625444667,0.5301512631836031,0.18773481527053326,-0.11659342210572768,0.8570287368192289,119.95597600774018,0
56373,-1.6808950827464908,-2.859520038674442,-0.3997933544875725,-0.3903840994102916,0.4933392863109031,23.120203811650065,0
70173,-0.28680540933353904,0.9862024308615258,-0.16405323275606953,-0.3502961120440016,-0.07328815833598118,62.26353829263091,0
27128,0.30871839419384045,-1.4204972858182259,0.7681221192147674,-1.5040655918735732,0.9884959699784608,1.3039771963020972,0
43056,0.9978778157942548,-0.03741064817386257,0.7454953375768243,0.25933097134688443,-0.9878185839475526,28.091146125685025,0
75969,1.2424372865256907,-0.7374053455801753,0.7728030900982756,1.3884386811550906,-0.8974467975356183,30.647837860465145,0
50940,-3.2813160452055263,6.9033973518021785,-3.8126484559380223,0.5420367716420371,0.21982476620510139,4.446365579278591,1
19963,1.4984673241370412,0.40607158196005083,2.5903744751954325,-0.898049675105254,-0.8809500123012943,36.12481699611379,0
60535,0.9680250758705841,0.9601638968056067,0.2528832771300831,-1.2876938138654106,-0.5229912736219701,18.010223803736896,0
45758,-1.1510247094577337,-0.5896192625604866,-1.076931746256939,-0.10564588080167885,-0.7582157380585803,43.23317676020177,0
23989,-0.0777940894374174,0.3766353761798157,-0.7475070624641847,-0.7612592411324928,-0.1513825677355871,34.29098176408933,0
77475,0.7381939592582714,-0.12245281353774572,0.07876622963734135,2.361004937000359,0.16975906478722225,42.99645561570667,0
57458,-1.6297331652461955,-1.0391461303604195,-0.573195807468886,-1.0622712693450138,-1.5160985818001365,1.6602135752814144,0
68785,-0.2046823681201177,-0.4953032426034153,0.5926980809082312,-0.3953409130830503,-0.4405493078923024,30.839783909849693,0
51214,0.4472521554922508,0.5086505435474191,1.333961392289332,-0.22979917405279157,-0.03956983884379657,59.31335053787402,0
11908,-0.1443304678030941,-1.07085729555163,-0.7248566756938344,1.216758238361086,1.3222839413354668,102.52661055974094,0
18351,-0.8215141124852376,1.7654092134731805,-0.8318077936161518,-1.7324318842919888,0.9501715386017936,82.46912184870449,0
6910,-1.1364499386607045,1.1372532466416827,-0.47034770790953173,1.0585165903487896,-0.5519412664239335,1.1340586641273958,0
36320,-4.469767254668755,2.8294010279678905,-4.836052884519143,0.03253887839832004,-0.687111963203838,26.889753821948876,1
66918,-0.13461985477275235,0.28487101741084303,0.6406441757628246,0.35355678165713594,-1.5511185108571612,14.940550440639475,0
12180,-1.2885917083775926,-0.7854119933226567,-0.7861306361826071,0.982117875346927,-0.8666459008324837,8.629665541519781,0
73788,-1.3077999067530763,-1.7591221951140201,0.8957012998512331,-0.3426417019160762,-0.08600055629079693,5.309867950099082,0
33039,-0.4491317409544426,0.18917808231135325,1.2370779464988295,0.32806287073597984,-1.821592612356869,86.86289712209756,0
35400,-0.21395542918754967,0.7725418190513192,0.5099747407083967,-0.007100122215735238,-1.20579126143964,6.576524538653421,0
8820,-0.9556381846942431,0.6555673984218366,-2.017902276462043,-0.9163345062590343,0.7480408052698734,0.6658546538187223,0
43642,0.039460580464104576,0.029739030956155498,-0.6894983102069558,-1.6551349653786696,-1.302418198804135,62.78524304898707,0
12201,0.8927843782269886,0.7187082925761192,-0.06687430404484876,-0.6448953238382149,0.2117992004414931,4.549163832368962,0
90852,-0.24195152465778313,1.3587077988441587,0.7348312768652014,0.7753605022205854,1.3290786739890195,54.22269456987178,0
71031,0.9689506522521703,-0.34139865313360873,-0.7463478933968806,1.9914689398824705,-0.29995213014949745,53.28450673998246,0
50026,-0.7078312782339351,0.11389991890318406,-1.956319821074563,0.8628960522352916,-1.0075493710514278,64.28347525049536,0
70821,0.08592660933240631,0.21224348794614614,-1.070681609193382,-0.4135823236567531,-2.122898269497989,14.877561195714273,0
59031,1.1764904376350318,-1.257645437799047,0.08368981997688686,0.42242282217763627,0.9368004830208964,56.323269251249144,0
2454,0.5693391729252982,0.9570368301362232,1.5339214444906837,0.5441076535168716,-0.5353897829911223,48.19338243201274,0
51934,1.0874535506941656,-1.3457491040495697,-0.7958740858336678,-0.16128683367420105,0.34474128776704427,38.85868158458977,0
39734,-0.28699218579099883,1.3862760820808229,-0.022333817718137108,0.5505529479153625,-1.5742870306502652,10.273352268225352,0
91748,0.6682132544361378,0.15145007027714577,-1.617554530930328,0.16655025760340794,0.2934996407169068,13.377923965883424,0
55922,0.5859117572783072,0.46002269879431695,0.14983905381468807,1.1590985818616737,-0.26331776171002075,128.67469523768364,0
78854,-0.6537544925778764,1.262226753925343,0.1857107904158947,0.19492639126912756,-0.804898451803074,15.952419294966106,0
25122,0.5820033544286162,-0.3326707985128008,0.10220450942045464,1.5649576350286756,-0.4335440197434825,54.45642191347343,0
97241,0.5665119294411894,1.1234647179238435,0.5162858974073742,-1.5850594349340394,1.8001330404027867,21.718471169660152,0
53441,0.9775452018543154,0.29197320006678507,-0.43772557538684836,-0.7959977166193544,-0.8405207602940199,49.72519996224426,0
5463,0.7996037853020775,-0.5951497782664485,1.0886339009915547,-0.9100186590511149,0.2275438208316947,18.084654916895055,0
66150,-0.34481513066729513,0.5621895306852417,0.18669796459422633,0.027078038249237976,1.13381339009708,79.58986178905575,0
7461,-0.6582142988421027,0.47867436758652293,-0.4040026605932531,-0.3223748489583755,-1.6485598835609496,0.1831505994527427,0
45833,1.5335008409803093,0.9173182278766948,-0.438312276439473,-0.000623176899871723,-0.4081082375061723,44.00527860497481,0
80356,0.37703383782801303,-0.994830991369274,-0.2673010743900444,0.33082272529863804,0.3771498386252876,1.9858186663832365,0
48756,0.9097833451011628,-1.50790236336102,0.7773564295851175,0.8630158032378694,1.5623588340829297,36.75514058943361,0
52579,-1.7355176103597263,0.7405222889724334,1.0385605581135338,-0.4479754677695841,-1.40484312059099,30.84222272317241,0
90900,0.6226270398123211,-1.1669881821406638,1.2271601762567586,-1.0899028288968664,-1.0829965078053223,83.28327133928745,0
47517,2.000107691885334,0.7836198305408291,0.5026518176033214,-0.4399511555713656,-0.7770364852041693,21.309086307366172,0
9268,0.40146414186699486,-1.0746775979831065,-1.013597550510733,-0.44066917327288757,0.16360590961778826,15.869005592718596,0
86672,-1.2846395953877447,-0.572689190427965,0.658297225203948,-1.254237534677396,-0.6580439237534242,8.153734842803942,0
38000,-0.822335471352724,-0.02057942709086451,-1.4389428634499404,1.426158300716195,-0.7596121060476158,187.66774861734075,0
5997,-0.16644600946993743,0.16948104742061337,1.263261422331151,-0.7294901107614066,-1.824164164891383,11.742216702772106,0
18099,-0.022409448398201484,-0.32097516939919124,0.2950445672486496,-0.11405238114801533,-0.22440713636115683,15.6396657152553,0
67065,-0.25103712985722254,-1.5937258559551035,1.7590220152037213,0.6332365887919514,-1.9541879451509416,11.230683588651736,0
46163,1.1962975438431387,0.3454238190404714,0.5608080651609907,0.7617988339525773,0.5348550826399774,87.5686860262072,0
55778,-0.2567345788425684,-0.26603725114374654,0.34196597992327854,-0.6380481693431806,0.20190929371434824,207.7747735949415,0
64047,-1.0157664669241608,0.2922960126139994,1.4688643405962059,0.08005796251107257,-0.3902987279818581,26.546871574718146,0
37744,-0.4504631508837254,0.9276649113725367,-1.0713387501580618,1.1564564877672674,0.5700019412929034,17.544018919447144,0
80623,0.7395452071959393,2.2048507220781515,-1.9935783824291238,-1.1066820248250582,-0.3663004648926283,185.13499282987345,0
22547,-1.9377901561814954,0.2788684195580776,0.2767121246944584,0.20881735660542772,-0.8778366204040161,112.10940733089419,0
74971,-0.6239514162412679,-0.8668191285941451,0.5808885316918493,1.5801641876978867,0.01651401179922236,106.53702882814675,0
29118,1.650748344305217,-1.0758659254889664,-0.7112168334479686,-1.0309478778586225,-1.7103432667592235,31.300370836597097,0
74663,0.3376125925551852,1.529668274287631,1.1776479844929932,1.0492398719584197,-0.3868170229930355,3.011815432946526,0
22168,0.1442217568726688,0.7142374677317087,0.6924495930442146,0.1380228450890939,1.3275106943532096,84.26873903771266,0
97504,1.312084416107226,1.7157000928806039,1.5328290976625387,1.3448881020389312,-0.6009706474265069,61.06258569092443,0
13261,-0.3667360785170223,0.10849833926309564,0.8414324167727243,-0.4871236307288651,-0.20356538925638012,6.274684788568368,0
46313,-0.9793591751116391,3.1038726797661447,-6.731667198254646,-0.5140820292360908,-0.7733825625400723,3.1929666841680153,1
50428,0.15917711592258094,-0.21021194189649736,-0.8990971326111976,-0.8554517117689004,-0.31250474849896126,34.47070222438082,0
70480,-0.12151967820023801,-0.7269385975720276,-1.1719209327168651,-0.3419839852173764,0.7491943800936945,36.49859810873943,0
88509,1.3630483212767515,1.8123562925094931,0.21477271849184867,-0.4337329673113364,0.497666926607605,40.68877855139496,0
64157,0.1302390838495389,-0.07187652958566514,1.15182256221938,-0.4441973031427701,0.034459065423621975,2.038390074753596,0
10775,0.4471634130857203,-0.14704456043989222,0.8891430275673704,1.0767944919656516,0.24318837093601597,58.48407786432919,0
48442,-1.3341607557492254,-1.6524045853927698,1.0307494163525688,-0.8083801467317573,-0.9088534998794006,28.872466696934364,0
99590,1.6177170757757846,-1.8842162685219725,0.8259770564370071,0.5549715291001369,0.6616269948379886,27.83429290328935,0
2591,1.5229359244837934,0.07424958225086495,-0.5676847280756565,0.3482931726795381,-0.09395366661765489,24.193692101066905,0
78815,-0.020192102973766283,-0.28912429678450113,-0.07280683292011868,0.7473903585930887,-0.16535581346706807,163.9552588329341,0
64288,0.21442893041244723,0.9521602235241249,-0.554906869988666,0.9973160811838668,-0.49816088277580645,16.617618740132432,0
27076,2.209387125902919,0.46730270129488166,1.182272450659539,-0.47463846934340614,0.016903690556634494,39.14026274214992,0
60710,-0.10425431531645454,-0.8910505172076293,1.0098534940790427,-0.9486662238433999,0.38313280947275175,16.34692619961044,0
75880,-0.00896632576373965,0.10436878186941813,-0.27728332263761374,-0.6059139716243815,-0.020566058960239518,46.209860306817895,0
47498,0.01903417621607687,1.2760988288178194,0.9271716972012574,0.3162372510212019,0.2070093303943671,41.772749263863915,0
77240,0.7279413890322503,0.36984069075304565,-0.5134109244564404,-0.3159408508458155,-1.021387512676185,90.58388953333058,0
95804,-0.21129135779325584,-0.4180326946851387,0.024577142273143403,0.16115199018731072,-1.1026141757878891,4.982685593766578,0
97088,0.08835799115607225,-1.1132230564770607,-0.944928697312802,0.18997644127482605,0.3808791841903156,32.80468029556903,0
87440,-0.1390655984692081,0.6849349394011915,0.2578523829182443,-0.07213587617624656,0.7943601619583699,20.225042135026193,0
70119,-1.1800148800942867,-1.1218488443481371,0.005221415342270941,0.6912470088662062,-1.1696714751660198,137.57114851591203,0
34865,-0.4985980356741741,-1.344319297606588,0.22935042736273703,2.211469952975141,-0.38560743938743053,67.45176338393351,0
52887,1.9900295135191748,-0.9501449068564668,-0.04328560487960969,0.08245702989758452,-0.40575187676865054,145.73204171928597,0
26292,-0.0406130213206811,0.1696168067176415,0.21352592592847303,0.14677901272898816,-1.788882845540941,2.11914631066632,0
88607,0.661728735021597,-0.8017604510188983,0.6004009492911057,-0.11042952073576444,-0.2134209543484186,14.033045399007468,0
66418,0.740520153299995,1.4297307261923515,-0.3215327579442687,-0.6044325611580692,0.26585844321199104,10.082872622804327,0
2920,0.5193463295971336,0.7511211907804813,-0.3591561876613128,1.4336902318374543,-0.6291748093683088,46.55712567820531,0
81709,-0.49499019890806567,0.026911724141361133,-0.12679637412070588,0.49729318213321827,-1.063100153303999,2.5283088405979743,0
40774,-1.7001760126188237,-3.7574353212591856,-0.2320626885980007,0.3611053582364322,0.1569265012539441,15.36941705045495,0
41605,-1.8609273538260767,1.375017304320732,-1.0684485257558927,2.219031671831758,-0.4544970826450856,94.89771798360367,1
97136,-1.0347697780535663,-1.4376025361115554,1.5651014406085924,-0.7135845921122078,0.7280196898121404,53.27376833625832,0
492,0.16686524744165504,0.04521571709750941,-0.41361550552956816,0.21088989994715018,-1.01705279472882,77.31747508990527,0
66960,-0.65228484472671,0.3022240447578436,-0.7619833021261706,-0.2841873768471706,0.018772721341306434,80.88423868321298,0
61934,-1.897896986513304,3.5949682302643335,-1.070645083271897,1.0759772088808521,0.5497871286573641,90.76877172093667,1
3748,-0.5877659049711595,-0.7786899631250612,1.3015113634798892,0.9712955987921812,-0.7122930972950344,9.883294682328685,0
94767,-0.45452240701841656,0.6744654244910979,0.08220433631370518,0.04179136862600226,-0.612630237691251,112.73740203325946,0
70981,-1.91333225014893,0.3563258295730599,1.0972401515594965,0.42148206671903377,1.0657776961518615,16.20030240877383,0
87833,1.4844590928257,-0.945468708176232,-0.8386907445435131,-0.71405532330728,0.014010207969882206,39.33234583213343,0
66912,0.045629329987863926,-0.7841013735016077,0.48470175022428375,0.4858331469259038,-0.4255300707281032,4.274541536937936,0
34148,-1.7517559167898828,1.2367718895022066,-0.7934086510328179,-0.08092556095859624,-1.6610976372817392,127.7500048594868,0
32115,-2.6992605524534445,1.1615793206286262,-2.966816161271144,-0.9093429514523013,-1.3871019908921884,146.86060575412668,1
16371,-1.6159763337170558,1.291885901864576,-0.8696103367439861,-0.11654340595968071,-0.4988054557971273,7.093659592899565,0
12987,-2.2083721890129024,0.7766424893377897,-0.48351258853658513,-1.5466726677498848,-0.1312452403441337,10.276046954361123,0
92789,-1.3018039951889915,1.436922779685238,-2.326848431968418,1.2966593265160524,1.0094337675360379,70.89280971052237,1
42913,0.437822878510287,0.32572503424362986,1.300650204369242,-0.6740265472699329,2.7670323714201657,66.59701386750012,0
81768,1.7467873866019517,0.9130359846462619,0.32568923091146523,0.04800848848300489,-2.398430286441559,82.43554729925832,0
45409,0.4324353876560606,-2.220453751503902,0.5248666105286669,1.2972326700689625,2.1007829059348695,8.89074561804636,0
77988,-0.06302297737989031,0.33432825353352447,-0.8186828751613636,-1.6804127116316379,0.7457470574309127,8.161897812573555,0
95003,-0.4996135932227324,-0.15433037587971055,0.7754095344039733,1.6936067070365732,1.4119620059496611,132.35212029327806,0
49708,-0.5467841559157098,-0.7290157224810525,-0.22757931935184353,0.6436446259952242,1.7711553055604494,133.0811433556138,0
35111,-0.2945776404999956,1.1470686485209218,0.47371502653892616,-0.12561757942609217,1.4342029237529947,56.28685927925503,0
9111,-0.1341253790451568,0.9737669359390929,0.7355521354802225,-0.6607331523918664,2.0462816562890795,8.21104956124834,0
87272,2.3834570366468655,-1.8630468568224754,-0.103116812655206,-0.5677793782534163,0.12512642865886495,127.96759337628536,0
21636,0.7759775664061606,0.1143834751359338,-1.601440052477868,-0.526857807672589,0.7373875093109462,104.83042751819582,0
65061,0.14930524122544148,0.37428951013084594,0.04722252151672714,1.1784468853753214,-1.129762504910996,56.08794180804345,0
44064,-0.9691507327393264,0.4672036928277625,0.7667121161322208,-0.45054942058807257,1.656199105651475,28.803765409826504,0
34560,0.5771933171877279,-0.12865248500536386,0.6705966261110702,-1.7240796986249523,-0.12316294932748702,79.5415081360898,0
72750,0.8762130742723462,-0.517622744420836,-0.6488213635517954,1.4135730344249247,-1.9243559293981887,83.51428752002451,0
49811,0.1877094481279248,0.7751445506114306,-0.4981271602150922,0.5018679368358924,-1.4066318740320338,9.588209103286864,0
56044,0.46644580083980597,-1.3102038415387305,-0.5358206557192421,-0.5682055742081584,-0.39687571283355144,48.316898045698,0
5901,0.41282137273314556,-1.0177329400894606,-0.21554187847022402,0.49518044084861923,0.01212122309211662,199.18490454528396,0
16193,1.4371698553041121,-0.451236745566911,0.392117915554187,-1.5680967181388359,-0.6810394717155912,18.911948365422838,0
64881,-1.0863918778775465,-0.5885949845622744,-0.0099953123778403,0.9594015456748938,-1.4305600285550093,170.11911419677435,0
15850,-0.8465118444436109,0.8940966759537066,-0.9718983104405119,0.3601021460727724,-0.5220406483868127,1.8119501455745992,0
82566,1.9290914012185698,-0.588684643504235,-1.7706561716636915,0.3511853575607781,-0.22964062673175234,29.647245352131808,0
52290,-0.28280999504254634,-0.5297938203086952,-0.6844594894144985,-2.0672402806590027,-0.12984392628951189,120.15587932777431,0
76256,0.3681026481568129,0.9803386702177634,1.3527998456957198,1.30179276664542,0.10493593938573978,8.327108381471463,0
84530,0.5946985299808122,-1.088354451073005,-0.1902321072394553,0.04209273412478242,0.9634546752323062,0.9123276329167063,0
49831,0.32701072997561287,-0.9662583876600286,-1.8380930529192674,0.8966994892570667,0.1395759243343425,117.86359028174375,0
1431,1.7236729016919548,-0.7615715270929277,0.27095659924073434,1.0023442202797754,0.14632040362257806,7.70336297096847,0
82050,1.8103026100041621,0.5081792890523279,0.041021756243463325,2.1017300876586846,-1.2153647780315213,16.00944361885238,0
65725,1.5665091267059081,-0.6433970622003758,-0.64539309458811,1.2223292055524015,-1.5467324878869588,12.430204750183501,0
52796,0.16238318513304686,-2.180546822491492,-0.20312173627250116,0.2019661426173398,-0.5847114037147062,5.573592452565576,0
44327,0.7037228188992819,-1.40300106702754,-0.7919527600131321,-1.3608158263370282,-1.0770801968499928,75.75473921632272,0
39499,0.4792500958967251,-1.3059999057352296,-0.7753675845865745,-1.3099243199660973,0.36537376924119885,147.52473209791938,0
36455,0.6694380133932271,0.15908652584386626,-0.5696328035424871,0.02676439775223908,-0.4297554124524534,14.108030026485471,0
21357,-1.7043667082962657,-0.23565340051520234,0.9257446007025706,0.3688855015501813,-0.025418284620748983,22.42414582282474,0
92420,-3.0000773530985603,0.41750094046486463,-4.033009188759065,-0.04447253837888798,-0.8349530800041041,203.2734497154017,1
9110,-1.0567856331498822,-1.1836923420361263,-0.1554891254723913,0.8214003028561089,1.546707950244519,12.268687309126555,0
69286,-0.07750801114628608,-1.3001822433097072,-0.9071336497623553,-1.474577055435485,-0.8503991054140999,40.737707154040606,0
61389,2.3716035801677697,0.3475180359052687,-0.9145649199926179,-1.1257607399200642,-0.8053828502973774,8.980593310915678,0
39353,-0.39354631987318744,-0.2097180768228321,0.9266967343836623,0.12869040231616133,-2.2730089168923766,33.51995776638009,0
3191,0.9261745266851372,0.32193644418963757,-0.9144619914712221,-1.4352018761514058,0.4974623095664551,20.662784760868444,0
84866,1.3808065884550094,0.7117343679998122,1.0756934280298593,-0.3261654080825785,-0.30880384827867013,26.552924991185595,0
28398,0.08581631955639477,-0.4090685863233753,-0.43181730966359355,-0.6600494905053718,0.07407156614632787,47.518474426559436,0
82018,0.37227461003854023,0.7410992282667114,-0.2909867411001344,-0.3122831341298548,0.4756605614182476,67.6703468632035,0
91088,-0.40422329037518645,0.3037579491009266,1.3837003872294342,1.2939738745059608,-1.2768523814374269,1.7449939386423967,0
79134,0.5739767008316777,-1.1280284070314834,-1.1303667208654253,-2.4695538281708047,0.2968084476355398,0.49380808496267525,0
82180,-1.5256179282982496,0.21480037571713861,-1.2815334474735183,0.1799303118113388,-0.24500300515808401,23.97861072654757,0
37131,-0.7731909684866285,2.1477848272405127,-0.7288229905018216,0.39762409337237065,1.5140777947616753,124.60748078922748,0
56622,0.018490058947156017,0.376505680977427,1.6356849863616734,-1.3001208872900298,0.09500576593824374,63.64105920002366,0
60233,-0.2251054046798361,0.6695342435560055,0.9152219625044209,0.32830088238009164,-0.4710435676328277,37.61379882178202,0
23664,-0.3427106214798979,-0.2515792770268969,2.121315929734298,1.4624762163941751,-0.861586647113201,43.75633630557236,0
80811,-1.0357026778131113,-0.3103964849550655,0.7272526063920683,-0.024819622246128183,0.7882159650817011,19.335516553142256,0
57854,-1.030405737227558,-0.613184333208273,1.0336471776787366,2.209328354464066,0.6816618422576785,183.82896273127105,0
75353,0.43558791669183916,-2.4933500484826845,-0.38668632198399133,0.7079061176601448,0.6014773275666383,135.71555523709793,0
58067,-0.8386274786632111,0.06118220714424601,2.2867976224938507,1.5487752993048465,-0.5130683046617224,43.01160513477376,0
63811,2.1692707351256835,-1.4559855451036634,0.1714731904476285,-1.1067272581730898,0.6834124021554576,29.029740777011366,0
40262,-1.1885354539611006,-0.695520715106446,0.1697713998342717,-0.2842590545704682,-0.17346228923435192,7.2778584813495435,0
30080,-0.09547264428609868,-0.5193413108811302,-1.5137375821749355,0.5578252572498902,-1.5803514479355782,23.350216057317393,0
28001,1.0353964498047432,1.10566072778317,2.4260467839819433,-1.0744321285875014,0.7589783715242678,54.23100775427591,0
4437,0.11545346562286796,-1.342719664837795,-0.9537447835110242,-1.1824357797692917,0.167285452454499,15.59855156316425,0
29734,-0.9418150214473305,0.5475362192819941,1.42273846755332,0.8766705352669774,0.2724742960964822,51.23363810539973,0
30873,-0.49958264031183874,0.9067156838508832,-0.5169282608621684,-1.085513022674733,-0.8853917857629988,75.60006380798195,0
16371,0.7186526282557465,-0.17468191658949636,-0.07164041289092338,0.20246281841925354,-0.011917685137617852,7.375633156735948,0
83820,1.3320318116312337,0.6288712544525031,0.2039386894265557,-0.6909016953544066,0.9338272182273607,38.90972960243622,0
1134,0.3412266326924841,0.4173034615036174,0.770106578353353,-1.7692700822987766,-0.3388190375890879,5.210759889723601,0
53006,0.7968048330570654,-0.950754988583956,0.45267917616006303,1.5853633721787135,-0.994509615173678,108.07820487186962,0
15151,-0.3684498753660277,-2.410662694908141,1.0445856045414657,-0.7224259977212155,-0.4812022455572023,2.933321887280849,0
41427,1.7848823990323515,-1.5189845835554145,0.10115429469956397,0.05752042296663656,0.3367964522784419,4.202537571378502,0
88223,2.085410622092149,0.5341281187946741,-0.0868038020675589,-1.0396417387001684,-0.1854812457315436,2.5830642606752447,0
75749,1.1528880451287398,0.3518594294465751,-1.106122433593503,-0.21146055002250272,0.1318483172270748,15.225157203151085,0
21959,0.7745804977317415,0.2748134611974878,-0.2853601457781144,0.6532686037086156,-1.244010015336113,8.492378198547863,0
78131,-0.328440737328814,-0.416217619899324,0.5088348945408068,0.640879637256476,-1.8430096792888147,48.41011204494487,0
74085,-1.2251834985716743,2.2749884135364646,-0.6587027058043938,0.5737737724280197,0.5783880703253933,34.851292723075325,0
63416,0.5892001322325895,1.634608848829265,1.6240197994726442,0.022944088013458316,0.1856061628575985,23.659327852463406,0
21918,0.2401144977218622,-0.90937524752908,0.21656930617088582,-1.184197796636598,0.011525576101856177,20.976564723377955,0
11303,-1.3885102489172416,0.5295254443280599,0.032108245831276166,-0.912221834596125,-1.1478384421673662,32.06908752292723,0
96035,2.4860202462776724,-0.4447625813337491,1.0228048345882408,1.0655637839313106,-0.9289035614129358,61.3181675672958,0
35057,0.23609816417071042,-2.337296287244784,0.9631647253543423,0.7014091946752973,-1.9233695311189893,46.73857480194014,0
70263,-0.6129894889335459,-0.311959313116186,-0.768181231336283,0.19030178986836324,0.04498784357610075,135.89549632631625,0
12666,0.7051733219097177,1.4502193738337088,-0.3901206894213935,-1.525060470683866,0.030975526569029372,1.7128257613789892,0
4358,-1.0676417633325754,-0.2680077425053572,0.26883972355844793,-0.9458622060320331,1.4286399456288703,97.80816410573524,0
7392,1.0341099905036009,0.9395289721634184,1.0643735818970168,0.5482277197510133,1.590495740975375,107.24267725759071,0
32307,-1.931623977176875,-1.438074351490207,0.41793466062350854,-0.3519547292557266,1.141797099614418,28.22026125488418,0
75683,-0.6823110722071305,-0.5321418699618199,-0.4808957088136235,1.854375626896814,0.2604932168576579,100.65392812131746,0
49437,-0.967865426885087,-1.280415803416591,0.7183932583473456,1.34494687644905,-0.8916393201525016,13.680401327971161,0
34503,0.28337800240176236,0.6189276135952376,-1.0063702630140052,-2.3930617633805,-0.6522854555205847,18.51425549203286,0
23833,-0.16123525467926955,1.1783948015767771,-2.643825437963495,-1.1857643484894296,0.45607769747214266,14.586267837357859,0
66155,-0.22787312899556308,-0.07291096782415907,0.22427828109070927,-0.31224379779611117,-0.22209955120770528,88.49318856517205,0
28251,-1.8672735516352748,1.2650142340716974,1.0133771216457046,0.6249630727935845,-0.6178737764221163,14.161839422852346,0
42351,0.027924442679475893,0.48667668606921916,1.2019202529988124,-0.17885810394093826,0.4308251082593893,43.12293655762136,0
89643,0.2530084866777919,-0.20918043446703338,-0.5801452652155596,0.6081619294322382,0.39290783333463597,11.726618780401754,0
74905,0.6998157231050156,0.22652154024166818,-1.1095303570559183,0.9352615649754317,1.2438452257577408,11.377104807988884,0
21172,0.059913237091261326,-0.30736124134784987,-1.2314681704286847,-0.9934498420327081,-0.6710871984030522,272.8592315316911,0
93557,-0.1633079550015069,-1.0670296045940793,-0.886353477310738,-0.0314218999039425,-0.10999710884267146,75.5028438535453,0
94397,-0.22774373074316773,-0.29400776113237803,-0.6578858506873694,0.9227542183548245,1.1927178608732458,0.3745564495861902,0
29592,-1.1920263419831856,-0.1909858084779715,-1.0718783600727297,0.511893244861761,-1.4426828880726559,16.49815586056245,0
8244,-0.05282173952757766,-0.45404639815968423,-2.1106808475884145,1.2106968400430538,1.4145307931105,2.358205753168367,0
38458,-0.006736156114102297,-1.289516719300908,1.0754327173023768,-1.066571555799511,0.21723380367049408,122.56267957167901,0
62943,0.32252626325596734,-0.3258117824897338,-0.7263688127204645,0.22959336928257906,-0.25324339344778524,15.830242978489665,0
92152,-0.31122089750855303,0.6576336910076903,-0.6340823478860038,-0.2800573211844655,-0.4013272124840051,73.95383301091532,0
61627,1.0363849679305441,0.030467406804004168,-0.01643330920075887,-0.9457159252294116,-2.0305347434111782,90.52868889069899,0
85160,-1.3056713470362415,-1.069443986395557,1.0715439701706324,-0.6891834913762637,-1.986950215586691,50.23558492096974,0
74460,-0.5622056962202638,0.24044750514001126,0.09899805762479688,-0.04204376796431034,0.9349095836332435,15.457438820776304,0
52224,-0.23399757054656292,-0.7830327985989051,-1.218776233189182,-0.7235146976817955,0.29691980691013375,81.90442374357613,0
37904,-0.36246763975942536,-0.24286282457205172,0.9467695460069344,-0.17932996688266972,0.43336069090949997,35.55477156091545,0
46976,1.093313378668319,0.10975340127556972,0.1368696179417854,-2.0327493548321627,-3.0287201174986063,18.676765761821784,0
97239,2.1376116293792236,-0.16023078346551933,0.17669053423017642,-0.9379904718585524,1.0180566740590977,30.875292284165827,0
60946,-1.8873369514350844,-0.772833460036299,-0.27544846536480916,2.185371733284947,1.534525234865268,2.89278666399649,0
33062,-0.7954247917548061,-0.09033230551015822,0.48514309564823804,0.11826489933151699,0.6184244124770871,10.661107153887137,0
94179,-0.6199556973136181,-0.5963999059798073,1.184700008269008,0.3225909342631092,1.9787860924163827,71.86821742735029,0
39420,0.03373729493280132,-0.34448676495407904,-0.7835793053616179,0.40392816920289787,0.09605043714712716,29.505151160749488,0
59848,-3.436846479369687,0.8150822484331526,-3.836740552139408,1.5611077487342973,1.3700689756601392,14.297053996023932,1
3561,1.880803518793316,1.377274386508468,0.6715419334514876,-0.30299237387282485,1.254256784680147,13.94580914974728,0
82838,0.5945261269679613,-0.2616610860424581,-0.8783327991137353,-0.4210627495810095,1.7325889435597563,121.14686572842845,0
16087,-0.1619381465632616,-1.2216696022432145,-0.0010805572549957114,-0.18803751483960232,0.9233474417662029,175.5230860641273,0
35292,-0.40887336840408994,0.0917583267555199,-1.505127877843057,0.5862226748557618,-1.5248935399213526,40.517299694791774,0
55619,0.17453140834448458,-1.4885939779624031,-2.481512537985418,0.012505015343629005,-0.8087870649159447,7.95935672216736,0
98696,-1.202483698581293,1.1827773704720832,-2.010657325280877,0.7861884412820255,-0.7000681700193767,15.894378127310056,0
42056,-6.924318246770093,1.523960759766086,-3.384928006944188,-0.15881452508742155,-0.5477203924404552,14.43799558969788,1
21427,1.4433000101297884,0.6336620212924092,0.8059009431107838,-1.189130801558776,-0.5813065462115173,2.709292223847981,0
6530,1.4610256223390974,-0.1240606779362897,0.039990647464107375,-0.33782388035528976,-2.669680366664121,3.6581167087393585,0
7531,0.3713818416034398,-0.7297874874885265,-0.23937394244873753,0.3412659454726392,1.1420830026644924,87.68500434639375,0
29165,1.3768858861758493,-0.8083195385975238,-0.40260254702296555,-1.5638018550369404,-1.1568358310560711,21.67084355378382,0
13689,-0.02801762233399993,-1.1046309924184885,1.7991285085238564,-0.5303488180325058,-0.035609822158477814,6.565386117233288,0
52098,0.18210603205732684,0.9267084730097143,0.7759430787368385,0.01573857973231852,-1.147398115828347,27.71325162598201,0
30015,-0.20410912649344204,-0.8800899873211465,0.1425038986720126,-0.7491898614388942,0.15862203371208602,60.33355841550835,0
19816,1.539017375255416,-2.7994488274364855,-0.7959547802024568,0.49118572678485567,-0.6948364162186461,16.65380873313557,0
49067,-0.7670713513188714,-0.5248547799343276,-1.3451193311100536,0.7000549035541545,0.9185438073233004,6.180392868491115,0
1920,-3.267933251260005,1.67273400870013,-4.468366326913717,0.5497131528988262,-0.19693476171381596,158.82413210447586,1
2591,-0.06802289070487834,-0.6236103906056415,-0.05816069650308416,-0.802870026743361,0.3226899823041894,62.24112211387216,0
99977,1.121827491987481,-1.053130882905641,-0.01623227748081371,-0.5966999758391445,-0.36456964119372864,43.271540798236714,0
21253,-0.21873801295081943,0.0792769154367707,0.09803959795341746,-0.9352003659238189,1.185496410952648,106.69925791670325,0
24860,-0.11013157578269007,0.32870639862509166,0.480815773189125,0.6644994845485601,-0.8889412997246302,73.212174887384,0
98117,-0.3984816451323545,1.2091198099505955,-0.5542149526868441,-0.3406212506455759,-1.3730388323596754,17.283144046938887,0
80905,-1.9383910612622153,-1.9340439217476193,-1.605207117877063,-0.8274152140858166,0.07243456351598326,17.99663369319604,0
16673,0.6900583398086663,0.034862176111455326,0.3296308281952898,-1.3336463566021994,-1.4733162360235148,69.4730146057002,0
91155,-0.2591252106328507,-1.0331362400785684,-1.2507301164587183,0.44756917808902563,0.3221086793948148,24.411451790312494,0
57775,0.2793158417725047,1.1197004005736249,0.33796181661337843,-1.832709085083111,-0.4206525672145211,120.85843649551245,0
62292,-0.280926624207774,-0.45077237329337355,0.8874775606097598,-0.7298559819383715,-1.105151232636038,72.48585953335794,0
76021,-0.03789966221856508,0.38858528903260314,0.5281444082270119,0.4907053801601204,0.13368600333060054,120.85729023171723,0
5626,0.37377487490223954,-0.40453174025159216,-0.1299047314984712,0.45260934964476973,0.15723276568899122,4.153597691492223,0
76865,0.4478928585579239,0.1729698079558269,1.245025635723315,1.131354565524231,-0.7421721930540489,50.72309117561081,0
61886,-2.0630118115008154,-1.6097727003353888,-0.6573816578684561,1.5761259574106552,-0.5515774445558328,125.2947947958093,0
45096,0.6124001607980137,-0.4351787726987831,-0.7873156222315935,-1.161558818298335,-0.034376267512949386,34.14261293945499,0
98668,0.7764149186384308,2.545035523403604,-0.42425171461208533,0.25557280503720103,-0.299742983877268,1.4298173105807197,0
92093,-0.4089418892412716,0.05327871056486983,-0.281370535527243,1.285383856524289,0.5732563715787151,15.800147346499276,0
74553,2.6041583532456154,-0.5385026522226634,-0.4881863780695798,0.8307571709013057,-0.21183560634187146,37.49518681013277,0
40809,-0.08966392153963396,-0.42074514889806713,-1.0969856920886976,0.32709595539259934,-0.5053227824185181,29.050324623568603,0
76721,-0.3660923129077371,1.4896352833883448,-0.6246906322107701,1.787869904551495,-2.1115989172370146,98.70491853073453,0
1306,1.0209796051476259,1.502697866344197,-2.0487540284471115,0.14737436927986808,1.8137458253774852,16.071985741875235,0
64789,1.2649635597716582,-0.5925982839474283,0.3734826502971333,-0.08710520535852988,-1.12751010095236,28.839245065733042,0
70533,-0.17255125751486772,-1.7230162191325151,-1.6857491774960969,-0.8988514649944812,0.13222399879126648,6.304341760005751,0
78518,0.05591207498653649,0.9639448490796676,0.7801961311995445,-1.2025631360276268,-2.0989737278400504,28.34926344838265,0
8927,0.5465691628622559,0.30054744840099773,-1.2205159520884334,-0.24620847683548694,-0.006880795325241453,73.00019214177723,0
30682,1.0710204721128358,-0.9721556533948422,0.2139423010789787,0.6953664853765239,0.13291491589148124,48.13021250320643,0
98936,1.6045279277362936,0.16260534505003804,0.5137683344017713,0.6127063296193023,0.7579370200416324,4.881601169356458,0
93468,0.11159971690151374,-0.2416779645132707,-0.6670652825297668,-0.47780647420021344,-0.17281637863334537,28.44427420597862,0
63870,1.4216958832848487,1.0689605809846687,-1.7651210852192303,0.7951657775365581,-1.1577718087051252,103.32078451853108,0
74671,0.6644533843597537,0.25840171553463326,0.062343519956018,-0.3581559259724111,0.4961797657413876,6.25306819020371,0
8275,-0.20975753075451017,0.743133265424835,-0.562149729099303,-0.5559771262163905,-0.7616694815223946,73.43432459326161,0
43872,-0.8746398141480543,2.138282316458755,0.029211015710739783,0.7021115994891354,-1.2126602480555833,76.26076966689729,0
76118,-2.337727140527021,-0.3066876363767765,1.177870082842069,-0.20033187660301388,1.4683606531466296,0.012051686571531687,0
71719,-3.1166528474598914,-0.5365572838111947,0.09577141565544345,0.6334747327755845,0.2505400794895282,20.776104476451934,0
92708,0.8820748152894805,-0.21570397772861039,-0.12290229595588593,-0.998126015092417,1.0662422811871797,54.04756723183329,0
39532,0.22177078244138554,0.13363319318873396,-0.4855118512994366,2.59312101769616,1.3396134111925941,1.699745341424337,0
86710,-2.0434935024851213,-0.8183524620850697,0.6079155485728651,0.39716044064670114,-0.9446690066157604,50.226500131837994,0
72936,-1.6621147135514407,0.34795413260678965,0.10861135804182094,-0.17655805321626544,-1.15537654949297,37.88898059611326,0
17602,-0.03235275367069412,-1.7480345371360055,0.7030552015900584,-2.116146239986127,-1.0091869216720712,32.22740798921673,0
64200,-0.7000148350932873,-0.12115804919071038,0.7771389479869385,-0.2225306528817864,0.7590871662675732,24.948070508906383,0
50069,1.2931780855282224,1.6594194988582092,1.0420069943602674,0.0024676625720383236,-0.6489302913513277,54.64232786109861,0
76589,-1.2290179365531857,-0.3622729834926137,-1.1390428885780886,0.3763108297333539,0.18890857031471914,66.4060249869231,0
78301,-0.18077675480348723,0.47590083452498055,-0.34350902910005643,-0.34328159429596883,-0.7976070461504208,0.7149185354754567,0
59659,0.4715284841752391,0.11143233272431184,0.9589644432802982,-0.9981603007398593,1.526104321729615,18.507448622218664,0
25934,-0.9545493108244779,-1.6662228008386173,0.8177972485357209,1.0691294360742993,-0.6875123713601831,4.958921965445033,0
10142,0.47917915941149414,-1.6053830270598055,-0.7344400000857142,-0.6883402892486052,0.48476982860950335,39.04597491099998,0
30105,-1.250025532784049,1.8993837609679463,0.313883772123974,-1.4427987011490615,-1.2323820034826902,9.749281834062135,0
41874,-1.4448973229642597,2.1175194017310353,0.4544055593214179,-0.3171112807510508,0.3045814621197868,7.384415541095351,0
18589,-0.7929315499398801,1.1446649842487395,0.18593029505716607,-0.7803172607724657,-1.0619231666368447,49.35295559612934,0
59201,-1.7654286975257067,0.5755087277566842,-1.519634186517625,0.7535600250617325,0.07457615203612739,16.46694390801953,0
60703,-0.9644968199896022,0.4253731067989882,0.7444454732331406,-1.6412748731956877,-0.7620280642692339,6.7796357345921185,0
26475,-2.472445658094348,1.97871068423802,-0.3620983942919553,-0.44616176274788577,-0.6785542464996196,327.18362256168973,0
29373,0.5090283540679753,-0.9315981435288059,-0.11262005072912981,-1.1724195626719087,-0.12924521524026733,30.627103853078992,0
6031,0.2340659910556799,-1.3969825943443908,-1.949534351137355,0.7019563337598107,0.6945312598224783,10.711644034926406,0
92365,-1.5105991470765858,5.848066999600986,-3.772153962060411,0.7685361674810466,-0.4156617221645803,163.20318187266662,1
16835,0.8645406694634493,0.35892050887264293,-1.308056963400935,-0.23893607447308596,-0.03918702075101654,10.766027222649704,0
79003,-1.0543801952454162,0.43813657214145746,-0.9383436399325162,-1.1995827154264818,-0.09700762964584372,11.192481250533612,0
70507,0.8261098366938703,-0.7466614364206963,-1.570125281645645,-1.3028176142531889,1.1009690624829316,69.28671215841588,0
72766,0.332655071477108,0.6641168537444525,-0.2045818112704244,0.23391699233084018,-0.4775568016559563,4.463559201065018,0
17429,-0.5537089930758496,-1.929808912891066,0.16492924878638401,-0.3238979455269096,-0.3506240105517248,10.09588239898087,0
37226,0.3409461235169334,-0.3821578620523226,-1.4554559368513527,1.3370831775567942,0.11721529439666767,22.485084001704273,0
3744,2.036872171795816,1.3056463681161927,-2.060054950306531,-1.279323569881946,0.17719473681261816,9.133091476075816,0
5439,-1.0660383628853936,-2.298935839162718,-1.8201492150456389,-0.4145339407015539,-0.621164001993346,9.460442719912358,0
2011,-0.00386227879186147,0.6837091504024939,-0.9549818664438822,-0.4851442654281422,0.5767839623359914,83.55708739216108,0
4494,-1.8123587064271196,0.37526944904329784,1.570295513321641,-0.5840597304344906,-0.6333338703406819,18.385284366564466,0
11954,-0.6406322301359623,-1.1079252261948622,-0.07645955083947616,-0.2854235209552161,0.6189903292538252,2.2533130580002525,0
22042,1.753825244849748,1.8149139351663486,0.44817732718093745,0.756907721993194,0.17014198809862008,2.8933370772913336,0
37383,0.04818875474790214,0.9149082035567687,-1.6120096035916003,-0.08676980933351232,0.8519058598364567,12.010510454636378,0
42951,-0.6581766876096433,0.3911072442408998,-0.4636238546099987,-0.27965210720750733,-0.7849036046095206,147.40916904268408,0
91353,1.2570848921053457,1.1709307785954146,-1.1729056357417236,-0.7622773663637834,-0.1940704844861863,30.803932379874883,0
73781,-0.24884771899102934,-0.7249029262599724,-1.3972142459245906,0.7326759053714847,-1.7248344923267829,71.81092170419447,0
58335,0.019576762090171933,0.07907026820882807,0.22246486234247298,-0.6771279108178737,1.300849539797611,29.241384637999975,0
93680,0.770833961123564,-2.2364262035051636,-0.8071875693361718,-0.017581448638234503,2.0280478497139005,6.049991349774558,0
73523,-0.2502361656570745,0.269017527771541,-0.6542121157383459,-0.28698991746008123,1.1465668363030392,131.99427710520376,0
54237,-0.4764801304514311,-0.04906552846734478,0.33996379075691296,1.9465639205096612,-0.8621031838504611,39.324051441745176,0
16964,-0.06815663043443759,-0.6538033597937238,0.3185152887806779,-0.8599744155543277,-0.03916209768659413,71.78110490598615,0
21621,1.1970945262589563,-1.0481502997801369,-0.6419809735454817,-1.309739501988946,-0.8010470827416711,213.20033646448616,0
769,0.5772483723755298,-1.0830289045923183,-0.6626740519345098,-1.9498812423425667,-0.8735352922468359,81.36422586247191,0
36268,0.5324337287103161,-1.8766951084609356,0.22927295412675203,0.514311918251578,0.32978970719458384,11.130410725122879,0
87731,-0.6957191244670855,-0.5148238963607281,-0.26312452696043603,0.6177282421009959,-0.5487561199189867,58.448048745049604,0
91906,-1.5066128291433938,-0.22956017300372036,0.5794330929655631,-0.06300255095660524,1.1337999196954365,13.027071848820396,0
45800,0.20000066583166098,-0.8930786006049823,-1.9420122465327243,-1.14058393294557,-2.108756774461991,202.71508866166127,0
43525,-0.5136113022139397,-0.9432427626437779,-0.4467774296361395,0.911162877879646,-0.6784838209778663,21.633032924217137,0
62875,1.283782608325773,0.06828327593863867,0.37621949712225244,-0.13026197630890002,0.6635636615236761,9.246263575109332,0
12676,0.23977017358264288,-1.0412051371272881,-0.5836394264251722,-1.1115754156117073,-1.5842666858065393,57.58010763540457,0
72430,0.15823086965328603,-0.1786064354098913,0.5557017395395832,0.41231019403353353,-1.3168410850971901,52.51785144038891,0
29336,1.7534046273129704,0.27726029436616295,-0.5880412461492505,1.1874843124607666,0.7170228950770831,33.20424101289092,0
94986,0.5628399963216041,0.5303099362479597,0.575349547181206,0.19377229628235262,1.8688853228950608,1.0630665598636335,0
88177,-1.2774179987810317,-0.9735258086474549,-0.7654864541360713,-0.9808593282705529,-0.568624704822163,80.11215241543879,0
80360,0.4571755311570313,-0.3033469188198543,-0.47566009057847974,1.7012201455433127,0.4739921275988617,162.74792454283363,0
98934,0.7779377675803066,-0.5205491170534167,-1.6379682253332581,-0.2889455016157498,-0.6820371272036796,46.31768441807948,0
48516,0.33984738896533107,-0.002852270673149132,-0.39609403795107484,-1.0704049927889578,1.305955984797965,24.303294788269998,0
88664,-0.20756156621926944,0.2645406157361685,-1.276105673706229,1.0949258219656213,-0.4961139869614243,40.2267232653576,0
69042,-0.29081461270758724,0.759375499389452,0.35418909321495473,-2.4594747312114733,0.9690360331758242,16.98003023060038,0
81317,-0.41234669342340735,-0.41142246965604795,0.5594082342054149,-0.7917777765180062,-0.2829038616022471,0.8188407087170259,0
33130,-1.635678969000222,-0.09450654226908063,0.3554395723604608,-1.1792580002954482,0.25645173383641806,50.437209970856166,0
61997,-0.4522708391935566,0.39576180425807006,-1.0666453450909712,-1.1337768565258166,1.2487117188070278,5.240046178525402,0
99003,1.0621913076271912,-0.9231577428076859,-0.17891899578689366,1.210221031517156,1.7273832937138864,32.40791784343824,0
29328,-0.6374565243176132,1.7590046180128887,-1.8068227978401867,-0.7227865196606073,0.40564851278524255,5.527611819946485,0
84565,2.0606889337279184,-1.0935586856554882,2.256050870676975,-1.3525811955430032,0.4509883342333267,6.950631687899746,0
43919,-1.12611397577874,0.21452856949725138,0.26366934468270115,0.917167335738365,-0.6862503770635968,114.32892748977166,0
49723,-0.04638048590207275,-0.111927250405041,-0.6034000328390805,-1.1972197307275814,-0.615878241031853,7.926831725002745,0
19715,0.2480406428958048,-0.1438642738914198,1.0051132244250869,0.30775055620623276,0.12325226055396497,18.053211078049358,0
96347,0.7786273646421575,1.3009112374165572,-1.1284187576530538,0.49388269570949295,-0.4889244099796109,46.851640553577745,0
22116,0.5494295074357635,-0.8560969966212014,-0.6744922294583658,-1.1556261225154958,-0.7562914342697644,47.09426506615993,0
29287,-1.6934990908350727,-1.0041124247584468,0.5381739465275096,-0.8284815597870121,-1.7679864375997791,160.68324676437612,0
51027,1.6609919041406227,0.729832112840642,-1.706489127679997,-0.3974410946176139,-0.7007228394750864,38.64883160965252,0
42946,1.7197667929295155,0.8945914825692303,-1.6387936170798318,-0.9545058485177996,0.9949556209739759,54.21480957021663,0
18639,-1.5080143726328283,0.27908968505734144,-0.36229010397795286,1.6812587597831745,0.6130497709655632,18.53084928372473,0
88229,-0.24404737288040645,-0.16863290969190903,1.2407319772736758,0.7101077460467076,0.6010245829906953,7.591670236347356,0
95285,1.9050230835354185,-0.08697609762672419,-0.43044733867642976,0.7797358777052895,0.8210058599325499,67.17457586923356,0
17014,0.17570894260456668,0.057955168641172075,0.17420134235907095,-0.5204967088634761,-0.3410330655189614,91.7379972422134,0
91179,0.7599369819598278,0.5468017883385884,0.44852527859203944,-0.9333881156319407,-2.080103449473167,72.80342641932587,0
8706,-0.16981997217719902,-1.6630555148805193,0.7696302903444611,-0.044346212153086595,0.9676263885936561,10.90656821067724,0
69350,1.2727575366353827,-0.8145025922824178,-1.9898377931261881,-0.48291284722839156,-1.1258426709575138,231.70508776151686,0
7710,0.3505014968221044,0.028060806383912448,-1.9469685957382254,0.7856842495727304,0.8240228460368418,62.5195782210051,0
26390,-1.6742271490919693,-0.08599431564531318,-1.43715378981121,1.0914757488117788,0.18995522458586897,41.29334557098908,0
99134,-0.6925811773904662,2.3905354771458587,-0.2364146302786353,-0.3256078861739348,1.1295805328737183,23.368607613560886,0
22031,0.6151188558254251,-0.04996879081053281,-0.18071941560587035,-0.37006865223977525,-0.7429851077190445,46.45249594014763,0
36727,0.009524157933607764,-1.1457382830520515,-1.2954792654238505,1.1724249199675205,1.8158528236853442,7.869466989282824,0
19282,0.42131979423243615,0.3964669716288463,0.7062831431437482,-1.3334113861368384,0.23964557488965957,33.01408915541284,0
53276,-0.5147916994996568,1.4701027817186962,2.100916139234912,0.08198313873718953,0.9733744493865836,2.814377083401599,0
85956,-0.4740315359130864,0.4167143492589161,-0.09697051766864213,0.3880261980090746,-1.8502696950972581,52.272236948028784,0
95102,0.6585516020040107,-0.8316922893199672,0.47498907718038735,-0.18711839063866675,-1.6297338578389546,12.379522907239858,0
80018,-0.2945220908126371,1.6577405500269589,0.21637148617916466,-0.06870756670456205,-1.2818421611576,119.34383789316723,0
62623,-0.2772031153416828,0.8528059005567749,0.48839956236244525,-0.789141819804924,0.903740936957407,44.207698034597236,0
90106,-1.0266937580742832,-0.4011203061709095,0.2987553119881882,-0.7562216874110345,0.1358998868639036,9.556657224086266,0
60461,-1.2625245940527738,-0.6706762364050985,-1.4804439250227162,-0.00347430800337882,1.0944248656423168,33.64623873466977,0
79459,-1.0270155882282783,-1.2852227868542092,-0.9232417043709195,-0.5202796602568759,2.052948439459977,49.68838365187657,0
21545,-1.6524123902968042,1.755524980070087,1.3324943599506938,1.0517516999593768,-0.3453718176791336,65.16587890408428,0
75304,1.2484680394227587,0.8744963283982289,-0.6842979794038673,1.5927762143713924,0.8085720133047145,101.83200535417039,0
25372,-1.4297306562360077,-1.0023521099305026,-0.4268805676707039,-0.20663098880251304,1.5802955080685877,145.63719118133105,0
8512,1.2502869129412333,0.6324586861481764,0.07245312981093784,1.3656736844771362,-0.7990297240388818,2.478565789507593,0
22318,-0.6694881650021808,-1.2990356362655615,-1.6041389422076309,1.8002285381302925,-0.5727253468927105,27.632111121942653,0
52870,-0.7374338889839753,0.20998819408049657,0.2410031643257942,-1.0808575625560917,-1.8679491619816884,18.5265107508898,0
96258,1.9448286415681042,-0.025243058663484013,0.8424447008310508,0.40446436288432464,0.22515969346400055,1.1413575713968773,0
12356,-0.019887793852138756,-0.15213588679357515,0.21519489017089477,0.08318535246977922,-0.8724536051720158,60.790182375620546,0
45525,1.7662398602994058,1.5524475479283126,0.5641996880589301,0.516182362303746,-0.24527466876541776,16.331060305257065,0
76707,-1.434816511346655,1.85160907703945,-0.5769852675470976,-1.7677208646053852,0.5729091416932595,14.973727113287701,0
671,0.8066431167227499,0.0741518959311109,0.8267443031062924,-1.734907476651366,1.506426596258796,44.07132981589317,0
36487,0.1566588323151004,-1.3322948735215885,-0.1759091355515497,0.8903493473142281,-0.27528969954331367,15.516466455118113,0
35270,-1.2580199112663373,-0.014979205429377819,-1.0018987506741357,-0.6760672333696209,-0.9686695016832657,86.99769781963522,0
69346,1.224389286802904,0.8521995130955187,0.4845230229456296,0.26925057330729946,0.5867633820969806,45.3748598556454,0
93059,-0.4351422094022193,-0.6935685095180287,0.02140532153797481,-2.2297166148341567,0.3067825358667028,7.287522306612641,0
83961,-0.498691424809695,0.01909671231209128,0.9179304668533151,0.9764865127788058,1.0535330671361212,37.996877236838614,0
77064,-1.176665157385487,1.9588100681422542,-0.2997213946110118,0.1357184046929536,1.9799798653738627,108.94388846254981,0
29009,-1.820552881661241,-1.7171401030675408,0.26389251849658063,-0.8661583665260716,0.011347476975799456,72.47583134383784,0
31131,0.4513680314454664,0.18300995037398718,-0.4273416121837854,0.03259704663633234,-0.19812942028723957,40.757238022605804,0
86511,0.6861216087738703,1.2705053810343956,1.0988844279922962,-0.4432481290102483,0.43004183655984995,8.61557429909675,0
84665,1.3776074471743054,0.5071657592155541,-0.1991701900603925,-0.20813108254450416,0.5509796543035121,66.96117845359463,0
68385,-0.28358112214153597,0.5221815959136071,-1.788388927204346,-0.6884183219332114,-0.7347458774539152,3.480055326070639,0
60011,0.9553929964573576,0.25534010009093083,-0.3491026562396311,-0.6532452236966514,-0.24323921472729046,42.662882991864386,0
84654,0.7394094886164625,0.33281979894319524,-0.6896617174685151,0.3951806195733558,-1.5094115971767406,21.579202945019084,0
57775,-0.33331499450800395,-0.4726843884369919,-0.9110710862795801,0.5216414117302741,0.19920259263042747,34.31010986717417,0
32154,-0.7687182605183653,0.2599553065442319,-0.17951678623153824,-0.9049202568184825,0.8793253830200521,56.58970922056745,0
99657,0.3183729395146662,-0.8829783739064431,0.18820208842281722,-0.07371051413012551,-0.4861731870638999,113.01937549945613,0
23051,-1.3477869752125091,0.3225604959975529,0.559778494786625,-0.6534223787482349,0.5040272471616077,0.35033759673622306,0
31259,-0.8507648486877276,-1.132876867847411,-0.47443040864975816,-0.9452393052823004,0.6354956616736759,135.4939225039567,0
37772,1.178301444943211,-0.6638895056131665,0.7048153128918327,0.584128321459197,1.4047902936677858,24.183316826514883,0
9074,-1.0632212407978208,1.135046561869691,1.5891672432416373,-0.6476203340119325,-0.6816008508654665,63.304497182287555,0
95084,-0.06656154854445688,0.77857289727785,2.326189058863616,2.535673641278469,-0.5217659458557397,85.29205127799828,0
83375,1.4130608435040422,-0.2824777107832254,0.08208825049054352,-2.2315987283974175,1.293626296587855,184.61861677175133,0
25051,0.41998874522080465,0.8370510042355225,-0.4370322923294635,-1.3546054341582523,-0.08050986894451367,10.55962417696199,0
52662,-0.701750442130786,0.31967261257605173,-0.6763657556359388,-1.1910818316848417,0.1545267784516916,294.58819920511763,0
77709,-0.4639479694844082,-0.40208842674785095,-0.06008556737978037,-1.3857866564051906,-0.30645832682935026,15.869590716216559,0
53551,-1.1170095622303255,0.968176152875425,0.8635893559200984,0.27989566898186896,0.8344374565283117,31.486182415279252,0
58627,-0.1873083616080402,-0.811268733480996,-0.738144068839076,-1.8659362252559817,1.560794877887187,14.556801972355082,0
70316,-0.41149124122128045,2.1321856668063788,0.39607752796858386,0.47314090541592796,2.9939050679346657,6.70436574455666,0
48925,0.14376464310858494,-0.8968816214343724,0.21221912837602613,-0.8421577093770197,-0.8575448391026832,271.6623096007408,0
72369,-0.21389648864431846,-0.22175201800740965,-1.34000399502458,-0.9226118354668165,-0.2055954310453375,47.59204929287193,0
17087,-1.4070485309989456,-0.4272725817655366,-0.7508654171230501,-0.48091000429941116,0.6842739744515063,64.91756753103576,0
13467,2.1356874094133724,-2.5617515620580185,-1.314048843156099,-0.02661190196113309,0.22072268908341927,202.2279749457288,0
86269,0.29523703669352597,0.6005097972271872,0.21457835371221973,0.7925417862603313,-0.06945127464069274,27.011257772462148,0
39954,-0.9822732534781534,-1.2041147328955137,1.9116989388605339,0.8662643616277227,-0.29414256957527635,124.09787685418448,0
61367,1.6130357374638709,1.4235909510202784,0.7597374610582138,-0.32337584590447205,-0.2506971879565842,33.09919516937448,0
20953,1.4484116701223901,1.269266272924928,-1.514893499076297,-1.265821006641914,-1.1671610118276243,5.611444314044407,0
98646,-0.19007724721659816,-1.0040408610202272,0.03304173913145254,-0.8720188700060769,-0.7976870582806972,13.203393299944837,0
19029,1.2972492001860536,0.4121092051372377,1.76232165216181,1.0429093955848912,1.4231675301779148,3.775791477930543,0
84703,0.7698209031577865,1.8978680757991242,1.1633915627249158,1.017338541971477,0.4030292460528468,11.966828041257074,0
70202,-1.4622289725210473,0.7394018150232046,0.5297299040236267,0.9080484605061854,-0.9023814866983696,69.34689499825025,0
45734,0.6433501795697513,1.2107755219347964,-0.043993674302532544,-0.8531140034771788,-0.2814469186233805,2.0180585026108795,0
10616,0.6638413612554662,-1.2261473645198493,-0.7017324838175452,-2.10685572769888,0.30939799814935803,9.932221514339053,0
32981,-1.228776149049634,0.9996770969070387,-0.0627278789796975,-0.10668905166339439,0.9092939001787012,23.676635051643704,0
17015,0.9179431915621112,-0.08792649091714158,-0.031515059180472246,0.05877595092145416,0.25705422672112826,76.37529896761743,0
15305,-0.19944371588805515,-0.4309599067001535,0.0890737697140614,-2.2948626955305667,-0.2849934417508762,6.314669130403347,0
97938,-1.9587736612955935,-0.49035659652468316,1.493264821887517,1.9496597523514017,-1.3352972949088968,120.0891562557118,0
8811,0.9469748008755057,0.12488728990101115,1.3736475717009295,1.662216427534441,-0.6580720660206716,23.052800746851464,0
88700,-0.793167058876348,0.634080936752976,-0.818002250319816,2.021956153595149,-0.07635165819076954,5.5829233899968775,0
24058,0.13281753341626526,-1.1944585565751942,-0.12916976316448395,-0.6719273245915529,-1.1762567479454462,13.245718340327208,0
89818,-0.30348775949843565,-0.875272098575002,1.625647936627077,0.5014692742032589,0.308945999250318,23.5659221824097,0
6540,-0.2597616552876761,1.083441303347885,1.058695226424739,1.370511559284474,0.774206089861576,72.74920922196848,0
70269,-1.2982589308145707,0.38973602322815903,-1.8758556656375518,0.5523765344737116,-1.9377793476344694,104.64890792303876,1
2261,-0.937869603161639,-1.2359163752366034,-0.0759663790646399,-1.2731847457745118,-0.12930238498704855,246.90734871447745,0
56276,-1.3147734507194535,-0.3721345413413484,0.15180971381551212,0.09372354632673792,-1.7391601946110635,4.052722444364123,0
83596,0.33052817290541564,-0.9663882593312797,1.3070539078034213,-1.0524874551169503,-0.7426264511718177,55.13394518437611,0
55114,-0.7308656201837209,-1.2101819050972824,0.4714901784489648,-0.23880003547004297,-0.5541029337098096,28.118467834903516,0
32430,-0.4774915968411002,-0.18234036328361974,-1.026153516920301,0.2539761588561609,-1.258810840683061,21.001015121764954,0
40631,0.21964158661701466,-1.1466051963455226,2.541641059840153,-1.1645288260785236,0.510482759827689,191.33969282322005,0
29402,1.5321637696085468,-0.974532704094733,1.1132103250442176,-0.029809212266428166,-0.897772454556609,14.38229637983935,0
86416,1.0015304243744003,-1.0280817598431713,0.5132522896942462,-1.174997649293336,0.6020393299459316,23.274551736404085,0
78477,1.3158872670461172,-0.4993712043191545,0.9506245451701658,-0.9020427812995114,-0.4440135952568882,82.95111661685223,0
82379,0.24673045108693178,-3.2268996247805846,-0.21248063518698887,-0.63617399323455,-1.0872467997930577,24.226964007842355,0
42051,-0.3307312207982786,0.3367229815964999,-0.988042262250959,0.4751055784198079,-0.6611672154991697,6.210412721850302,0
51151,-0.628330834589551,0.7821156049763861,-0.3397478621808091,-0.25742057768927434,1.1431321070127851,49.209648486772366,0
34171,0.11463787455269113,1.7040464798219168,-0.06323557326745641,-1.2906122377629918,-0.0845614702664156,100.87467122865729,0
65082,-0.2726604402249168,1.3730423293848015,0.185392640516553,-1.3699383045269669,0.734454441421493,61.31162431452706,0
17368,-0.641146634452866,0.3695131163164241,0.961085968241973,-0.5205210799256276,-1.2938561620666047,105.84740886727491,0
36939,-0.6999653360405335,-0.2236560706129202,0.7796750143719668,0.9317772655251275,-2.544517182301781,27.970856970137053,0
14596,-1.4157710130558239,-0.6713238076569781,0.32423730126634465,1.1934823152629634,-0.31427109550177557,14.538657989522823,0
89464,-0.5722873725943023,1.1393869305161624,-0.8815874130137338,0.7524865538119101,0.9471657354585353,2.5816640790778314,0
814,-0.006048518639085177,-0.0657289443524329,0.8113055056977589,-1.205174520483723,-0.9686448863721446,283.1268751802723,0
70091,2.979054963801388,-0.6538487364791594,-0.3825774540460087,-0.022105293107386213,-0.23142383577160672,42.300632961878144,0
23714,1.3363818034531878,0.2871608776027747,1.6608549116041296,-0.5812889565244118,0.4770673437093948,25.558973972415767,0
6254,-0.3421465631234604,-0.007240398594146747,0.3780156477602202,0.038294487252045956,-0.4536100725310592,9.733693725394515,0
68899,-1.9274824275340938,-0.8740604823997152,0.7067888371939568,-0.9055814964467445,0.07207904009235196,86.51259519282752,0
19096,-0.4175080735150316,-0.22522233836094227,1.523368553129795,-0.33691361786768426,1.7143268346770932,17.592365228022988,0
61788,0.8251837245533683,-1.1532776534114078,-1.6258412685835972,0.07062782869834133,0.3888237215173109,8.005992486055339,0
22931,0.495137870045973,0.8009535693011547,0.44667962805067185,-0.42555507180835606,0.781648593680662,57.06290553611482,0
76162,0.7613485633734344,1.0842152041413629,1.178068240281266,-0.5737066866414319,-0.47179512474521895,168.5622844321864,0
32934,1.2070032387525482,0.6675089224817384,0.20064358687201592,0.037326950985964995,-0.27192325412072255,214.7005056125383,0
31433,-1.2748056152728766,-0.10552482732608953,-0.08997996133865264,-0.1589703761243024,1.5779556250558142,19.79619603634866,0
48543,-0.5702531928280898,0.3676972532248786,-1.0875140136176797,-0.1589216586226859,-0.47827330889867403,21.999549294118882,0
71906,-0.48317329492491273,-0.9109581754432782,-1.0245980464957776,2.1180673625589406,0.6863673142238954,26.407382873178314,0
48244,-0.5415658766108851,0.670957572095812,-0.9113172654620733,-0.6820114534200507,0.8666833117354743,92.5581144203833,0
83441,0.6322992097833006,-1.7756722535017238,-1.4794533330897426,0.31366769759808283,-0.47477570784746564,109.54831739603526,0
67712,0.7067703870618957,-0.2814631750493462,-0.00514452773822704,-0.858258122463228,-1.9182960260485087,11.86264727804161,0
76323,1.4795272035185179,-0.13310886351736356,-1.0261395775913584,0.2395546213963597,-1.3850107360038229,7.743265081481421,0
71626,1.0830506555535826,-0.14192592360688056,0.32915655084322104,-1.4362158035718935,-0.5677726980331775,63.16170830807772,0
39082,-4.098446500094038,2.597510559148458,-5.002711155210296,2.3818293630428355,0.5100961985717811,40.535357538446945,1
70831,-1.321115666827012,0.02807653449454904,0.8956391411630628,1.491954941655716,1.270642512988917,45.84597273639555,0
9903,-1.1106632699512438,0.7602016326255314,-0.09920049916946326,0.40692958892884556,-0.2553010340262267,185.27151877392393,0
1524,0.221567527608239,0.5154576979248359,0.48441088120221254,-0.13428026691092623,-0.5323307876805883,20.870137687341686,0
60100,0.8628761738997408,-0.6518995938750431,-1.1002517228009645,-0.9068253301019217,1.5183543175457233,49.08550470250957,0
55147,1.6427259073979663,-0.8927279710372812,-0.07801128822630118,-0.23347091849330356,0.8591717726737769,376.2601718016094,0
47915,0.34003460920573797,-0.42914949366660404,-0.32290444596664075,0.5511559752582244,-0.578090936575649,3.202226218904918,0
26990,-0.530408740127566,-0.6663714077047016,0.9852976686977338,0.5569230165083673,-0.1809079520390724,105.54914751545613,0
17413,-2.172729523202664,0.923178305622918,-0.47554158539872265,0.6245289100686552,0.5586183929439074,28.654063598325564,0
7287,-1.0127080166616316,0.2902750174592024,-0.0034211511349828503,-0.36147653153871095,1.066836955641918,50.357859384851785,0
14256,0.0758229309804383,0.24873822972854492,-0.6600760334433915,0.5765417163795801,-0.2611281752134444,20.564253199856807,0
12254,0.7552429989905723,0.46726417503386314,-1.3692020000844913,-0.026099036301325675,1.7234638821107728,117.85153543676272,0
12323,0.4374244857229345,-0.4125260725372831,-1.5958579799665258,-1.0537783546299824,1.1444227347417817,9.106291620431998,0
16082,1.1392713991971015,0.5302923590659436,-0.031222958823870196,1.2239323488661262,0.8110194658253493,74.46856389096142,0
44814,0.0529610899146122,-0.2532459471742025,-0.589031650398693,0.8464716339274181,-1.7314436517303284,144.2048814111083,0
92124,0.5870979263002958,-0.3521362158210421,-0.14292023225737802,2.289639138815099,0.07592102322836977,71.81880019041758,0
26105,-0.2682981770580552,-1.069559905877322,-1.0966375086388196,-0.3327915862238279,-0.14687917109526835,62.7808801792394,0
19426,0.22505788525793918,-0.715393571239174,-1.9836340926863736,-0.07796739196679794,1.885223926798168,9.170099370718935,0
36081,0.6316352098206687,-0.14595299782903404,-0.46502388510258014,-1.5679198145231794,0.2180785729448001,45.72430778303321,0
34008,-0.028849720134268272,-1.3363713032768696,1.575681897225293,0.531543744504293,0.7649971939279184,100.50908730809611,0
60142,-1.1352253558884424,1.2299774604644524,-1.8861613427703794,-1.4171854177947767,0.25598157683199885,4.582445486289958,0
854,1.0009326791956685,-1.745440629920937,2.085327800717563,-0.6751966693136414,-0.782124078988419,4.417816493337841,0
84050,1.1810005310039455,-0.4147493167088482,-0.13826149395053267,1.5209996491393756,0.5922718665847648,23.895684852319725,0
14973,-0.8028652402339286,1.050281993397764,-0.2107875245785709,0.26430980213018973,-0.23721326100309761,4.353062753608371,0
25289,-0.6384124186695391,-0.474299165819574,-1.1036947701542872,-0.4926718386386751,0.14077359958166677,43.763724888488284,0
49841,-0.7290364280265381,-1.5106847034140596,2.014194322354516,-0.12006786026666219,-1.462368528470791,8.867361383283445,0
1367,0.7954876949548881,-0.9496387450907569,-0.6628706096290684,-0.7947756691685385,0.31041593521789196,35.07236072887912,0
27723,0.42229163126339586,1.716358498799454,-0.1693817234585768,0.5302070141050813,1.2313755247293834,131.3781947976804,0
16984,-0.24980315433531908,-0.33069614544277387,-0.292668612410809,1.413529805095847,1.722143225856191,35.23030355778842,0
42207,-0.11640489946110076,-0.241152492261653,0.5365994334273445,-1.1629355231904364,-0.39707468146320307,34.89510536359083,0
29139,0.639125763478494,-1.1918156909863078,0.7989403953983882,1.5697546827278046,1.107993307288569,57.93263172009636,0
60963,0.13659151739839284,-0.5175334889131944,-0.5757834293430089,0.948799405364417,-1.1763378132400493,118.75000411167527,0
50517,0.1995073264388884,0.06194403497818751,-1.2230144614347815,-1.1355900797216238,0.4397855131384423,108.65762977530828,0
21312,1.4547495353705886,1.7517962170705998,0.9985951094403411,0.12618315725359716,0.12426873778132808,6.891570501287273,0
30403,0.15153888082527078,-1.8957461434125769,1.4646126836464202,0.5690419584181278,0.5180021758181764,92.4274472684431,0
412,-0.4490036203715333,0.05953993623099409,-0.7930683907128941,-1.5064701596322434,-0.3336388799719015,3.5452949668158547,0
42229,-0.29086517019067476,0.2777256563345103,-0.03892295418009306,-0.798260928865737,-0.3551096540513208,20.389261636121574,0
37726,0.9996891539453561,-0.3709455018546202,-1.0964416439410125,1.8286621280294055,-2.4030115211775405,38.54237731439433,0
39666,-2.050799855994148,0.1579626977529609,-1.4267375640444053,0.8420959678984358,1.2362300256134025,81.5242848016774,0
55123,0.5622390597582658,0.16367176222971988,-0.8078781666150006,-0.8411508791142853,1.143628736435638,4.444641954546507,0
12819,0.6937519207067695,0.4151477329298358,0.5871134486556414,-0.07085916343043974,-0.18800849206767584,107.04082857181696,0
99616,1.3040664633488368,0.5737354822298656,-0.36565146884881455,1.1294380500187358,0.5179705107653142,4.613135107966413,0
14056,0.7307546611603922,2.000625932214334,-0.5928494752075841,-0.5664301483012153,0.16384580797481416,57.715526247184734,0
10916,-0.7438593891229156,-0.7502886691740386,0.7319262453856865,0.4183644931773538,0.33474402682229554,66.24138874764508,0
84246,0.20916981068875165,0.8604009567555533,0.31661088485229333,0.7906148775092637,-1.1770811017090523,20.331137802694858,0
53331,-1.1147232559550084,0.3056502529768904,0.06753977906994638,1.789403564306525,-0.08577062087132668,5.24468198529216,0
52733,0.7302838193069643,-0.09022459790015883,-0.7389766845937729,-1.6567384541445032,-0.5989019356444178,42.50259296105759,0
6295,0.7142364826939283,0.2518803600928554,-1.6987693064583123,-0.6012185778649408,0.007025871342969912,42.699560978241365,0
71520,0.9585319612986151,-2.363665540004127,0.8332245281449644,-0.4883837695554094,0.3192451130125196,51.86252842440848,0
73384,-0.8807601911147211,0.08831454946524162,0.45782402125066585,-0.8014404041490554,0.9970086019619141,12.755002219923774,0
58606,-1.4817672225794876,-0.5031963884173696,-0.47952703998332624,0.6756578710866232,-0.12404252550737632,80.70712848531731,0
19097,0.8056510328936717,-0.37740118505126985,0.9894010636697103,-0.6072988747752069,1.212779320204545,47.78027384912371,0
73479,-0.5409539034797328,2.926157338518293,0.23460484106257998,-0.28806388987016773,-0.29248033511841115,24.49190482470711,0
89388,0.7319641373943171,-1.198926071463697,1.1853146765987381,0.5923247282052154,1.1034803390940413,85.16111147688295,0
32733,0.07274332869723261,0.04556069771985127,-1.3140166635802102,-2.2709652791276356,-0.5101032198471679,58.566712293826605,0
56835,-0.3075567351812621,0.43488634036358464,-1.6675689759482688,-0.3310923111239177,-0.7743372894351556,0.03268021570351846,0
73155,1.704110520866804,1.293426818020839,-0.2543900306421997,-1.1376279913404455,1.8577618554689812,11.186501648445397,0
661,-0.47444699149447894,-1.4661391332916416,-1.591324606721872,-0.860792203752028,0.10045230931323762,7.2185494603352165,0
70188,-0.8172010695020143,-2.65494744061676,-0.4242912796324582,1.0422478330483995,-1.5514110756597728,51.376512953197384,0
11871,0.06859835422886011,-1.2323575043213433,0.05567430649672625,0.4403246655707306,-0.8855775662454841,22.434827319387615,0
97798,0.09192603700722637,-1.2421965946218991,-0.08333147487540847,-1.259639779304051,-0.7174965443387753,35.617404515091,0
37430,2.201390712287935,1.757071341531166,-0.7121370117112932,0.304082646032703,-1.0287242312449731,36.04728573631553,0
84896,0.2876976070117176,-1.6702940057558509,-0.8196567616334733,1.6939846337775444,0.6506960908912313,19.745098602513416,0
67957,-2.161596133238537,2.4729999267680864,-0.6348391242889239,0.18568730884227388,-0.3452482665213084,3.1058431806089413,0
31966,-0.6308209939074417,-0.16869103498212665,0.3904968604816443,0.713835393059119,-1.1538908345198176,11.004654540075027,0
50931,-0.2858559561574305,0.9167682707243727,1.419062512392482,-0.4622637830618063,0.8931875286289948,50.62534181943613,0
75713,0.3110150743781913,0.3583866131281748,0.7080211958677365,-0.6759559443097996,0.49762211755235336,54.93346229838425,0
66641,-0.8725433767755096,1.07066002828769,-0.05429371752190458,-0.2621465397205813,-0.8968704070036753,110.22186196516779,0
23483,-2.9893930211632136,-1.4722573634829728,-0.6198526283571891,-0.27999306880781855,-1.3861964253894494,69.66534304535216,0
85925,0.6547912616681332,-1.4306525137212387,-1.4921519573133117,-0.16957051508106274,0.14943586508308748,56.84245942415068,0
68136,-0.28900555354386737,-0.08192307484655668,-0.045508673370260426,0.04737443401531086,-0.1232590308390174,55.334493850499435,0
63353,-0.444691133350475,0.12817519067067903,-0.9852098786207614,1.4534930704257203,1.147622120184531,4.916897838327785,0
54624,1.3529420477706988,-0.27348423330496235,0.7232459804171976,2.0244993192824183,-0.7502241859239825,123.15820702687368,0
76971,-1.3372424159188452,-1.8100431225280182,1.167450417876661,-1.7903633068701383,1.2929399625098346,25.835477712548165,0
81929,1.392095244121183,-0.3039540630705414,-0.5897052945112294,-0.5053879166370269,0.6035546458994628,13.931490422755516,0
13234,0.22011387330145232,-1.61029815551116,1.937562720390904,-1.6548767888540477,-1.204089515841476,32.39328945969932,0
58596,-0.03202756915864482,-0.26420463033316927,0.6513867121868381,-0.35310915243344193,0.6514911493209906,11.300755336683302,0
91680,2.5656515748356306,0.8522896894528121,-0.06021387961472527,-0.005954377574845044,0.8084922744288519,22.25257667094912,0
58067,-2.0492057703238418,-0.11256052914617856,-0.14057444122984536,-0.0014525987778563727,0.5090893310575455,36.312793627908405,0
5655,-0.06093163514728437,-0.6249099624230801,-2.286002531993625,0.5715565710387613,0.29544993261616215,6.98340231666427,0
78532,0.39849877872840567,-0.6595915038863804,1.0463286156962754,1.003954683390948,0.2973206236844861,44.800870041284924,0
59150,-1.5538930044475427,0.07261083423621893,-0.11898119144995098,0.6450997762008317,0.7860827246907521,19.36864954473237,0
93396,0.08528406873324018,1.711759717983775,1.7150881953325237,-0.3379879252858817,-1.1288409140151705,37.74480907402323,0
56053,-4.555899770642396,2.7435642001565506,-2.2664999160954733,0.054992583551959795,-1.0882951827345915,20.388235224053066,1
41243,1.6426665178563478,-0.5423190856848674,-2.8774620334201506,1.521450157169277,0.4476941313561616,12.966125165900245,0
1381,-0.1255755879300833,-0.7830847248349347,1.0299214770121665,0.9815823325972547,0.5436568541826409,239.49156622993834,0
82565,0.14903970062499755,2.0443238023747976,-0.5271602352964028,-1.8679850217204916,-0.8764314847804072,202.96684976046615,0
64612,-0.2635209201591318,0.6695805734803052,0.9907993854841025,-1.1000326779773888,0.27101628024055385,50.14402010278992,0
92772,-0.4094225730308178,-1.5778064052596468,0.9200138055422513,0.24733361283350033,-0.6912897434090713,165.33117425062153,0
4895,-1.114773861037247,-0.07949794586859955,1.8774480359594623,-0.730344479721119,1.2578596381425438,239.12128759787828,0
28732,1.4072997065345885,-0.18893157166819427,0.15981762272714956,0.7274071349941924,1.1146804812048055,50.03748524175631,0
27045,2.0101508500891336,1.5686021064379236,-0.5394041144390472,0.8070551347990526,-1.0421597067164987,4.078847663440093,0
82612,-0.8556922001737279,0.5115029991322932,-0.38614202373853346,-1.9859614316901044,-0.6436474302394887,52.577827566255344,0
2800,0.03268623443857666,0.38999838747385573,-0.34036115758350893,1.3401333721396091,-0.28471203605565815,33.59044828019839,0
80437,-1.1244034957402724,-0.5435217529450828,-0.11679009123297983,-1.4461027280185585,0.18199782852233615,12.632184207681968,0
56088,-0.1504698974825089,0.8657011788346128,-0.28151537927043885,0.311937625540629,1.7179900781625423,20.84870215114887,0
19477,-3.09814715452078,-0.025702232509186518,1.1343123839122942,1.345605684250839,0.2558874823262223,91.38216913305165,0
97945,0.010933013243189653,-1.3061577004789535,0.2011890594004428,-1.7312650679673098,-0.4319958297203456,31.89976861234839,0
11637,1.96754074619586,-0.13110690962450014,-0.48787760068237834,-0.13088950630311388,0.05056801320829281,43.699225889007124,0
74878,0.6029000452481538,-0.007815917090578843,-2.8994102006598883,-0.16320015758696935,0.7321628919054022,24.190313730556987,0
16154,0.6342839331822381,-0.3362224142095311,-0.6015839795487117,-1.1346316682867568,-0.3237833302557874,4.428783871291158,0
3081,-0.6901408375488947,0.06899756116248447,0.7218202312280553,-0.5768090141988949,-1.7717453239226715,38.789690907087014,0
35247,-1.487359916725743,-0.44112519919610754,0.5203926245593335,-0.04418459717668677,-0.6345030743032287,25.501195976414404,0
42870,-0.296307402785102,0.4676162799442456,0.6433077805035644,-0.5497954102172288,-0.4308104435729651,169.10130522570154,0
6776,0.21081507795919088,-0.18779162815613853,-2.6274248130323024,-1.74872604505755,-0.5905009809638624,34.69331657590699,0
57132,0.2705977161156537,1.0551271715811792,-0.003236870733649335,0.9862320735263328,-0.7430306260117617,26.68053979617064,0
70476,-0.8939283230009163,-0.8644916117566375,0.022189938606687668,-0.7724172523331104,0.5231184871522506,8.120608715529732,0
58871,-2.3260637133891717,-0.5987398123063147,-0.06010294181646917,0.5494939037726312,-1.0340233093241296,33.630423765726604,0
23377,-0.9339919596369565,0.25538336538533213,-0.5121789855063287,0.05864205317504016,-0.6491474546431407,22.835633342589993,0
37198,0.34257183153145665,-1.2376427261280285,-0.24489006504943875,-0.2947071781136514,-0.3844517577962163,96.18787577866014,0
81958,1.2145080117778038,-2.0354794285511777,1.3324100584207152,0.2980971679913876,0.19257950213937158,175.4521435600952,0
7421,-0.6836857150290852,0.5584845207792332,0.17196282285843462,0.1846767292337134,-1.2495233012672557,21.73036073534379,0
54615,-0.6394060358745213,-1.278636704557792,0.701441383817183,-0.22968571820071026,-0.05639205656641513,141.79508158214003,0
75932,1.4011040654640814,-0.05685659986476705,-0.6254358019996236,-0.562677297568024,1.3747631356160688,60.343131667104856,0
23499,-0.4657028346590745,-0.01626976090966454,-0.8037581143300142,-0.2693538166732936,0.2307110072766469,42.33813830778963,0
57149,0.6208417480333385,1.4457181121423268,1.8122306622123627,-0.7913756920140128,1.7815094470945616,1.6998984934238972,0
59379,0.7119574667172651,-0.05475155588077412,1.9947339527082228,0.3975883728511986,0.2993689610301794,9.744951455235421,0
42685,-0.1828024324063674,-2.544075518734061,1.916548336667717,1.768661239579193,0.5458231717333033,18.58006731766436,0
87313,1.6625550811140222,0.4595077666386616,-1.2532080412418714,-1.024371863687437,-1.0104243864236224,0.2663821192736602,0
33997,1.778269239304477,0.059910439684482286,-1.541566171854868,0.44947183759510256,0.021551212050940828,13.827300555338743,0
90600,1.9256261274619442,0.48882855820201454,-0.698273796231372,0.6469899448872997,1.1105622753312672,50.38011148725333,0
13652,-0.3177037310668073,-0.15802448008628092,-1.3426662632518216,-1.2837744562569908,0.19679548582991108,101.00380858048507,0
63197,-1.894382195925908,1.1152504932817804,-0.3684207928619764,-1.3623600338854833,0.5390357454589975,63.197640451824164,0
48845,0.7481957843941472,0.11620171909580941,0.292168651847224,0.15676069843512577,-1.513850022601458,65.02990099882649,0
13975,-0.4658729421732854,0.25138603885751637,0.7071683149087612,-0.2127825127220916,-1.1175029403086363,42.06063985039436,0
76429,-0.006752405155139963,-1.3899517473838237,0.6931615178029368,-0.36071371952951303,-1.5278347284597893,132.35578763142396,0
68431,-0.5178052653301162,-1.2323125260226988,0.9998089836291046,2.0946514531061515,0.6343919791100927,35.45340400828051,0
56133,0.7675900769499596,0.00691944848858827,0.9443368547967097,0.15359025634475576,-1.0509087310541387,15.773857161300109,0
61665,2.6805088716332452,0.20620920830783845,1.048364885635423,-1.586935264145139,-0.5046922153433838,20.937594394579033,0
8702,-0.9474290450606763,-0.5340360293188317,0.23207619650262493,-1.109872978488819,-0.8028382337226675,57.36898503200989,0
2079,-0.8235226168569771,0.906138918091378,-0.10098034615933793,-0.2980604607142,0.887315709963142,16.929207902268363,0
37380,0.2271338286934484,-0.2940473139662285,-0.06742899634275008,0.2058551698477734,-1.1020266817599613,12.26006039278473,0
50331,0.18657443856088918,0.8593904978198513,0.5965138147719378,-0.5289639871483915,0.6460393673534287,36.49215048235608,0
51196,-0.11536962821082757,-1.2334839099201262,0.5273482352810756,2.128694793052634,2.7364447661344182,80.67684003548297,0
63646,0.7328675824556993,-0.009197164050925629,-0.6778052757472707,-0.7742036111088738,1.1046165654402151,37.25553649703846,0
67270,-0.09189562541568821,0.1334432790439806,0.007255173636000776,0.07469128423228319,0.5320483836433963,28.96775928236257,0
35060,-1.0580352588581445,0.8512333705208499,0.24413004083393114,0.12979141939258962,0.2089862845275525,13.062937894262944,0
30561,-0.8924840191326041,0.8562414122965504,1.0804390648354485,1.940009409240935,-1.2833605226697762,96.39524859532233,0
51356,1.5444420988742655,1.5052386894064136,-0.4477896183634996,0.3363673927668584,-0.3361443614160974,18.943379691203738,0
69561,-0.2852413403073753,3.513676313065459,-1.4956041779407176,-0.27445974039105137,-1.7935090663559552,10.03294101183558,0
9348,0.09130117105966842,1.1891949720939472,-0.28737163969779744,0.8197720347515387,-0.15263704112025414,146.64373762425987,0
94733,-1.0644655390996216,-0.9970911242653454,0.12738509982699775,-0.29129178663612193,-0.7824027590958406,11.79357140518704,0
46542,1.7301718049856214,1.1411994149084022,1.1832613194239208,-0.10226078706942304,-0.2785259935100543,29.59513840544568,0
39341,0.12596141487863907,0.627292013125093,0.7068829212666524,0.9374107795401669,0.9376760352396777,56.41210266796739,0
44695,-0.8945112216182736,-0.3783926926938018,-1.4934250598806327,0.6255292437004567,-1.3262640374766095,25.110416548875737,0
48770,-0.9858104964754729,-0.15952204806612233,-0.2687459905037352,-0.7839273908828671,2.2169313565903024,55.69272200237665,0
11563,0.5291703669447326,-0.425361470265525,0.1281404230120102,-0.14302055149435133,0.6444252117298708,101.24751323483406,0
65641,-2.600575019529331,-0.5375102708450441,0.3453222574703249,-0.7493414504516045,-0.8866648115154907,22.963085135505064,0
98452,-1.0241826404477345,0.9936896763006376,0.4880127154018677,0.3138533314335379,1.912618558478195,1.989377568452158,0
36188,0.8099344925008359,-0.49406428586035417,-2.2238530623712354,-0.6661872842703866,-1.3470790637693153,19.615598247981854,0
66358,0.589503049877248,1.4787115680334728,-0.24144306041634547,-0.44507109913546034,1.030382213811973,58.61124828976646,0
10487,0.15565419709973197,-1.651683488490996,-0.8446214651010399,-0.4568409172322035,0.8318471746213802,27.257880800598077,0
38660,-2.2303204247730286,-0.21760223577931304,1.6724060321201581,1.779611573735011,0.5173758791795087,105.67506119683947,0
78707,0.8579485996243433,1.0430704919703606,-2.116981760848309,0.14299095718410818,0.33953708121226917,19.954805127140993,0
11111,-0.08504433903802336,-0.8284169304503102,-1.0223952908709855,-0.31728491585888396,-0.4438979873004992,14.81684158781171,0
27856,2.406122358003271,-1.2012768987579148,-0.3251592339758745,0.4787591059248104,0.9302983550762455,5.569006383157989,0
85530,0.9928774681886875,0.1487734045010925,1.2155068050230795,-0.0652490560011619,-0.06313472949059137,11.269487873151105,0
76325,-0.10899516071138146,1.0083544936940132,0.04043983951099896,0.9475611856380832,-0.4142618547103739,39.76878752250783,0
29055,1.588173928170954,-0.34146687286163924,-0.7279811584459457,0.2967397631334794,0.41911587265692507,27.039210627423383,0
35920,-1.2949773886349234,0.12550887448218748,1.3429950777402997,-0.09768069646121723,-0.8170060074639116,55.60881426470513,0
25522,0.9641787733834252,-1.5821880508751418,0.8274648012495125,-1.2997293701154606,0.6102967783377901,76.13799711270445,0
44482,-0.44555190351192697,0.6037255754575325,0.23105805323198284,-2.1478501563257333,0.12102247537725104,44.37936002857341,0
16184,0.02468776388565832,0.1828039641701267,1.6904034430144184,-1.0620366662754863,0.0559782845397702,49.47084737564512,0
19129,0.8950975559201985,-0.2400873199671996,0.23722296403412438,-1.331094498845084,1.4984698448780989,45.47970749700628,0
47064,-0.5716183915692663,0.3816370677020346,0.7361223323766257,-1.4110673558404296,1.149128652594351,36.19754178929614,0
49847,0.11389757199847944,0.12766134984344943,0.6904749348373335,0.8107593597556704,0.8348705013643479,74.51011598621776,0
86831,1.1876411393589066,-1.0181627854590918,-0.802819172916993,0.25640327315436795,-0.9862959608695043,41.93493406866942,0
43463,0.5672564020580001,0.628208011796339,-0.20407453278885793,-1.4761226049126905,-0.0719516812285325,112.57653518803808,0
1324,-0.02208631499157738,0.08879182231780254,1.1616069404668121,-0.02514059754586416,-1.2440115841734893,101.40303165636087,0
15072,2.2793128348480223,-0.9303115711456651,-0.4126128425368305,-0.9172379158320894,1.2296485833648432,36.39914092035554,0
5906,0.4048656929636095,-0.2254039937388813,1.6442437428975856,-0.589422222777757,1.0035983919110745,150.29272816458823,0
80885,1.034360098014559,0.20273168823968934,-2.100863540056221,-0.7415526039614807,-0.010492349868986972,12.904972825242004,0
91785,1.2266598343105293,-0.7196651691755729,1.2485874792165037,1.5568988099865835,0.6867709178905875,25.344584071430386,0
33487,-1.2409090655098076,0.7788107685278894,0.5412311540108008,-1.3097832656785362,0.26235231923067054,26.873437787020993,0
43016,-0.21534868482827643,1.094650815910273,0.7610866056087316,-1.7633515518113385,1.1426622829157422,30.77080857529958,0
85553,-0.0673056699677156,0.04179908472949723,0.8881757470134929,0.28615688389954597,0.06056575688919952,2.058490882396365,0
23669,-0.0972036702597796,0.3113523830140507,1.7128217198660913,-0.35939703589379485,0.30233868915390005,4.004632858983886,0
6721,-0.1707758322020781,-1.6721595136444953,0.15163477940817363,-1.4359266570767037,-0.21518343650817895,123.73653891602308,0
78714,0.635253064848071,-0.9748304823479658,-1.9553201958289914,0.8116673629600006,-0.1643459558964511,15.058500707565688,0
9847,-1.2746112913601737,-0.9434615786943489,-1.60040439852996,-1.7841826471992501,-1.1037256338910586,13.98538445012143,0
86716,0.13774389400313738,0.1561053524822054,0.6811620645961635,0.6700930893557933,-0.24917722989628707,50.54458292639605,0
75451,-2.6001207001989832,-0.25215685083557865,-1.077868092936311,-0.011143927605751067,1.5642813694308688,25.846099653799737,0
35133,0.6234079739950275,-0.4953646267899452,0.4793660066383242,0.047681367386169,-0.6234299302954925,9.266016060389449,0
52638,1.6393038833690963,-0.27388411317441996,-0.6275716804230591,1.3798015531879129,-0.015432719684975858,2.9175084760689614,0
23248,-0.5577784798460769,-1.0261763079634616,0.6363793285423056,0.6722546490030943,-1.959715541704841,89.56936153662441,0
3436,-0.8638659663957002,-0.03288569920279419,0.7229828113771894,0.15615683089724114,1.3954255062000651,175.2055868226091,0
97539,0.8332786171034329,0.4741348011830975,1.2006419492392584,-0.8333923779421146,1.2909707492525146,44.388958896773936,0
58279,-0.4226580286171217,-0.9180082651146999,-1.5166579287172552,-2.4941955180760433,-1.2783876378669614,60.25665533858866,0
22052,-0.421030345862495,0.9484257707181705,-0.8924730851638318,1.1619952675814986,-0.5922810960742466,87.99122932707446,0
94319,1.309813335192124,0.07968878144473109,0.5625741703648524,0.9118591448567257,-0.09301567407702215,167.18013149189326,0
19216,-0.8955458847173062,1.24940142981085,0.4719104151741429,-0.6808915732198839,-0.3681076650607013,44.33665272312192,0
45379,-1.167519120076846,-0.6380730352667855,0.09479495967607107,-0.2986877984162514,-1.9457083143101772,16.364855807506018,0
30448,-1.6238053114724023,0.15807289709124248,0.74427582661273,1.4403559451573686,0.8793783073426799,141.5043858842527,0
47591,-2.0545820248619173,-1.1693454637658045,-0.8182586786761233,-0.10951843596763612,1.0033045414754806,209.7495053472576,0
93935,0.38820061355195645,1.878682479838358,-0.8599049331774803,-0.7592362943615609,0.18300230756698915,65.2108689917473,0
24087,2.5916947213095622,-1.843401651810293,-0.3494492331373076,-2.2422099002726443,1.5754016416484227,4.976594246574393,0
93688,2.0956903299603655,0.4858344244121921,0.30458367308015605,0.10630344967340559,0.33502700785995987,37.7378996364228,0
48200,0.8621103951896245,0.6102360060046633,-0.4702253330854083,0.6488987989654352,1.0565015853081723,29.874034185333908,0
24354,-0.5582648758056487,1.4637441249908447,-0.6515465769762155,0.08862746276840082,-1.508632477516153,216.7416792160197,0
44078,-0.717904892909212,-0.6986969352588083,2.766497489123994,-0.37928981358613467,-1.1046056050160964,116.35056661237526,0
59979,-0.2808637555749642,0.06773039361612657,0.7853767093802351,1.7242954474334586,-0.7826291978523723,69.98173381372962,0
86795,1.7365528527660827,0.22003100406939308,1.6737197674826467,0.432427280835588,0.1197823567629256,18.14238293021708,0
25032,1.2122600577854137,-1.657932993720959,-0.4153992328349966,0.4120104825765275,-1.636018327359986,26.108970788653373,0
59634,0.7081298604952805,2.0358886435007544,0.1875297603029304,-0.8378963588321309,-1.6356864185198698,34.47661601973612,0
63646,0.631016571988494,1.3965915625222476,1.0733801151386306,0.5750853104396335,-0.5631191485343621,58.87098451314484,0
56575,-0.7389510239018741,0.17727015250844574,-1.0959924344178027,-0.10847731842761277,-1.6597252199722006,3.748535963784158,0
47076,-0.6013548170709753,0.9281628335101157,-0.06542828162620223,1.2384496075818678,-0.7162798135542865,54.891725265239074,0
50081,-0.6268343208914771,-0.4043653256803252,-1.3241970607411517,0.227855960512026,-0.2076445049634923,83.19572083000224,0
17508,-0.5829002011534333,0.6288061507847076,1.380736412639098,1.3999221270209399,2.522848229633043,22.516577001477902,0
30027,-0.45838807685368677,-1.9031432059736781,0.5805281489178395,0.7065863087564661,0.6362920305645317,24.649990806133594,0
4324,0.9238650159641746,0.019644455960846092,-0.7696127630272848,0.5119562095511141,-2.129768262533495,17.571990836621985,0
69967,-1.5924829722782052,-0.8919192661546727,2.1971194491054633,0.20388407175965417,-0.9227196052745015,61.95435812880584,0
62061,0.527289918837327,1.543877161056002,0.6145533722417159,-1.7920582747828795,-1.3140811177492744,76.45978256567997,0
47562,1.9697026790511198,-1.4055189311177638,1.5982875604840379,-0.48387920070736273,0.5311274482550129,20.53753019673825,0
28228,-1.0464152361937116,1.184061614408482,0.4875580051653644,-1.0650868841787495,1.5884147904557355,9.210361424301903,0
86120,-0.7977807260741908,1.3438214295481254,0.6212403921323417,2.085628588735579,-1.2288691798619271,2.899111184453993,0
62856,1.531642466149037,-0.09058702138811366,0.7513474611501303,0.40090921462191054,1.2937679234012505,9.37292053855441,0
53117,0.33254159045644316,-0.6103998335406896,0.25114235331670126,-0.9721057060499688,-0.7125789671773227,10.141294705686756,0
60428,-0.32218244976200616,0.07268612506370074,-1.1361742365255116,-1.3830160053916845,0.49427289397394947,130.5816112236498,0
75939,0.774656635890075,0.31837245005863,-0.21520086081834872,0.11217977977555434,0.3971513704009905,40.11328942895022,0
89080,0.8765405122923029,1.0313160619334916,0.2719941245413601,-1.3661222100138457,0.6972258912326597,25.930604794636324,0
16994,-1.4737589013433978,-1.332818630339381,-1.1972388392996314,1.2126758129210697,1.6151195640797096,233.58012320922938,0
13918,0.7881218046934625,0.689269669125307,-0.20830815696970303,0.1829576633927227,0.5285755070751296,38.856763145234595,0
97532,0.24295635213135128,-0.8345805774771595,-1.524631319721042,-0.3508639727654561,0.8897101816034021,23.981795446533663,0
76329,-0.8472692768687942,-0.580741118283471,0.259006159256651,0.8152691015015723,0.015948656754374776,51.14472238721316,0
60279,0.8873823641411338,0.13535998609221697,0.07308213092744939,0.5719853618714938,0.9711543798519111,8.804520582092211,0
1560,-0.6235590552991402,1.4278623820852956,0.4519901009445182,-0.492207790968045,-0.6646885730405762,140.60755292789034,0
10749,-2.138988893613738,0.7551027307933962,0.17414775800578922,0.9776866536233111,-0.24202986630239728,111.49884873066316,0
50108,1.7914793403641365,-0.13028624928391652,0.5748307500486405,-1.7281569166785278,-1.1608584019964325,19.35649001942868,0
44623,0.19796609997355485,-0.03823850767809254,-0.504595558749045,-0.23739037392648654,0.29675180170193316,17.22045763737056,0
67675,-0.7518775255875075,-0.17771586627014554,-1.6257425823246754,0.8975719601897459,0.5940979373049315,28.136352728059187,0
51663,0.9197484789904266,-0.6419969944533351,-0.7967402233081192,-0.8043122644488854,-0.22803171629040137,3.6842048178420517,0
32265,-0.40677521629388924,-1.6632344792394895,-0.3586388907881295,1.9033130814242465,0.0300663876451924,21.534365538578975,0
75948,1.1002751801452397,-0.186647937741589,0.14248067306008824,0.7137709169947649,2.022608221106037,20.624394085006614,0
8155,0.9082221265959503,1.0998832735534692,-0.4569525571435672,0.7839703262379905,0.45440842035377865,3.230384428183206,0
49104,0.5515930140405155,0.740904633051127,0.041153126403164396,1.0343916222995617,-1.3595892292273506,2.512305037537511,0
93709,-1.0848787762763399,0.6328186361090995,-0.4873205361087919,0.6567619783725123,0.8745380094335049,2.496019672895963,0
77189,-0.5108248188641186,0.7347096675729954,1.5959797350372649,1.636643724807389,-0.7979215887038205,119.42266819727803,0
6406,0.3291192134172946,-0.025838144716133032,-1.156812095652981,-0.5858133052425042,0.41478028883819845,29.23201417484717,0
93471,-0.33140110369626374,0.39376624230404117,0.8184087934315182,0.4000686813402377,-0.911316623510115,20.270744958722076,0
5978,0.6518577695156011,1.0574531394341933,1.2266538650824201,-0.556254964143223,0.30286336678500325,48.79379091062655,0
67155,1.050399535874439,-1.1836328966144969,0.6169967809590753,-0.5269812683238403,1.1599493287038318,11.6288639276708,0
6304,-0.35494826674065827,-1.1937262442757581,0.12036976627681863,-0.6679693917664473,1.6230332949062931,61.84840812922564,0
56614,0.4509728107517077,0.664086228770222,0.4046040350430019,0.30453739851595774,0.38801922321335697,131.81384631263248,0
43541,0.6792608808887145,-0.23844566714956222,-0.1123231172015702,0.28647008643351857,1.5555463071561142,61.77250744884366,0
31348,0.1848397643603801,0.18654182120262447,-0.24223934567906757,-0.6393198297925317,-2.303186448594082,58.8249189962376,0
91057,-6.157939129935034,3.851353271221525,-6.561240574292835,1.92185037042883,0.8554702174292657,120.24821019403593,1
65031,0.5570979585709954,1.2060858873997573,0.08738031255296189,0.8030470836745683,1.4033648833051102,6.225151446166626,0
39224,0.1498670913877777,-0.5527147286079154,-0.7773887684381586,1.0544502271524923,-0.01369436990718454,9.582805450842118,0
2695,0.6870670696361196,-1.9881546189214958,0.26872299878292705,1.9839537876147846,-1.0355633515434248,71.533493706326,0
16052,1.1999802179479444,-0.7228012370979725,0.5182585984333133,0.633631828124144,-0.25141241961274463,208.59119113914258,0
60713,1.7114017557841346,-1.117455008894189,0.7303645292521455,-2.1303627708517454,-2.121517329289824,8.416513317584938,0
94758,0.4106739732747986,-1.5040309901488447,-0.01585513388758311,-0.6234734170904759,0.19813560818929982,19.785247627584628,0
36321,-2.4263175734587334,-0.7197588447268848,0.25949272103084603,-0.13209497695624803,0.16695952445269754,49.94591635636997,0
89037,3.6677844638748844,1.646812612405253,-0.807372175498672,2.1788189731820586,-2.665428345742841,27.17163686651884,1
25592,-0.41908485198707596,0.8245151560185962,-0.9077566874743674,1.197402611398549,-1.1830766843092233,56.47729852201779,0
6949,0.5141458264060461,-1.2166430955406744,-1.7397453324806809,-1.420153802093573,-0.25937650660704176,54.689594624407555,0
10449,1.4584327034267779,-2.1934751053849944,-0.10079716865163538,0.5964001425270242,-0.3074718299857303,43.56453442039596,0
83807,3.276399345113,-1.2799812736257956,0.3762977791910654,-1.8704475729763366,0.188933410314267,55.81447001277346,0
79530,0.5460731718082676,0.024820554624800366,-0.4280517841485829,-0.055488604367231804,-0.9789094466560552,170.5147034953414,0
52327,1.054892412551747,0.07638440758894635,0.004125093716180475,0.9998887126522745,0.01921484945418607,13.838063272071475,0
90816,-0.18083338439885213,0.20238122708930897,-0.06866985450094097,0.12899458723469426,0.8360844976888051,0.3032700296193671,0
35851,-1.0696636260124668,2.165879741391191,0.706253373594852,-1.658736251841615,-0.7600309084815615,35.89869790481824,0
15896,0.04175097336784854,1.3009064535471864,0.7847740305269084,1.1413282628968906,-1.6874690612130387,19.31263908410264,0
7239,0.2789123650819429,0.9626180540172147,-0.49187971578071743,0.5148941080659255,2.520783372894506,110.5387428405059,0
82989,0.7407563785031073,-1.2558167842423265,0.18074021532834086,0.46612161924986334,-1.2094844854896478,8.246595886831491,0
98806,0.5970725610113586,0.012691764112708524,-0.46405062626332033,0.06586025649579998,0.8894135604139836,6.967739778697819,0
5539,-0.697829288253898,0.04522619064655778,-0.4048836100592911,-0.37324365758609657,0.43200023052785114,91.6628591119818,0
17850,-0.7790524043066904,-0.337502066157465,-0.6174524110056049,-0.39803660573554134,0.6595169280437979,34.992996094557164,0
76090,-1.0730552296239266,0.34819685301797904,0.8346231822478283,-1.360127618408287,-1.3840662037493898,25.663244742597886,0
51885,0.9909581870356614,-0.5535253683535555,-0.6388206348223144,-0.6963339446959711,1.1097284754345362,11.435976691547312,0
79104,0.7823727702921633,0.6287543145278464,0.3599926394206753,-2.037413653353657,1.5498717041592647,50.774367207919404,0
88454,0.05083852660983912,0.05512820536405596,-1.6828436951840477,-1.3703374640003054,0.49865106514018154,211.76361892871626,0
31781,1.6183784768913128,0.354690986039357,0.3528823147861195,1.689462897998741,-0.10270212990490013,135.61449216118885,0
47605,1.0374611035089725,-1.4495235207054613,-0.9136686974462381,-0.060988186421360266,0.43104563832533926,8.492078318230082,0
58762,-0.4743518948893711,-0.6882235578279712,-1.9461488609145319,-2.2129369794643554,1.1731521176823794,0.04719302819514585,0
82711,0.020562470429827465,-0.7306095413814279,0.13131683316005388,-0.30743808109017506,-0.5738605380847381,52.30330982140459,0
31822,-0.6799362542946168,-1.2650189283134636,1.3355561782979053,0.017286763766214346,0.4967012552011479,65.81467751553792,0
94588,0.3413442593453236,0.864958205837676,0.26743788000512814,1.9814787708644557,-0.7002468564212776,34.49093912080505,0
37208,-0.11841510471612826,-0.5980633236488281,0.4207631976917133,1.0755679379999952,-0.39029914380804615,58.115053500550374,0
17144,0.531665595938595,0.18167787215559464,0.42251814434160273,-0.23260203172406507,0.8205486334003222,218.45022392779453,0
70812,0.39409310502821954,0.4436168006413885,0.14936369615132886,-2.660522995393271,-0.5545275110498058,51.30244532645336,0
31705,0.09336886080316495,1.2704333556647733,-0.45455185141368065,-0.9629104014319679,0.871326893386785,8.090628860210618,0
51693,-0.36912727307249366,-1.9740078022656418,1.081948177713248,-0.10634061805684115,0.6420913619898411,108.74494587831099,0
27810,1.3126881784496485,-1.1639678613911928,-0.2910584302873996,-0.19764098893855486,-0.6923126169717498,70.08333826570771,0
19595,0.44734555930633746,-1.2578405560053199,-0.8264737179404995,1.1531348786791829,1.1380936173540683,114.9358737800473,0
80070,-1.6721855090761322,-0.5221314199471975,0.5277479093914943,0.04262440442227257,-0.03999886643035974,51.39997938168065,0
75564,-0.7513885026828745,0.6992476221520606,-0.8337091559586342,0.19504708055221823,-2.0808139770138365,75.8616444064644,0
338,-0.5174865483256956,-0.30448081739030786,0.7991014640218883,-0.06407631734001577,0.659340964957789,23.649755390741216,0
55318,-1.499867639262517,0.1899139709201114,0.5751351036511284,-2.0786569163582502,2.087720481677295,36.65802467038247,0
7999,-1.9771131794544552,-0.8394178106597178,-1.821350209142141,1.3610455976599232,0.8440898448390518,8.516456605443071,0
64324,-0.9277682990957032,-1.6593624592297702,-0.005204434201671527,0.6068492485540589,0.9846383089277486,38.63334561954432,0
99120,-0.5721740686822758,2.078129021468048,1.2996340416051702,1.064334040816123,-0.8896309956077729,58.02092141992129,1
89388,-0.9857480745020302,0.11837588533238683,-0.10390013237014918,0.21550734964764567,-0.7172704742282623,5.187360409862849,0
33159,-0.0012678534874969365,0.023082555702404917,-0.8018560945434515,0.8469188921878276,-0.6845609099767205,28.31217998206428,0
36963,0.37702683303032763,-0.3298838851601831,0.2151564208915537,0.5465614854044272,-0.43976629661842037,50.674172734306055,0
46486,1.5456737255866613,-0.48640551982541314,-0.00859491539426787,1.836493719939752,-0.1755902366945623,21.73408233689405,0
90009,-0.2624810477468882,-0.3993263833797075,0.2708421114958986,0.9906046298638753,-0.29007566745481517,34.444729832738915,0
67121,0.5032602265255054,-2.3787619272587017,-1.1074607803497711,1.2705806052553272,-1.4739119963281588,67.78887608141982,0
11534,1.0475136370876286,-0.015365447646741267,-0.4775447923350288,0.3528265977941008,-0.7066016667211676,13.820665406717284,0
86704,1.686596136022188,-0.22980370331577363,1.579819244832888,0.11108641769694873,1.5648853801826468,93.8290266937688,0
301,0.8501865538483758,0.020123902995707287,0.5791253871425066,0.4868276281111017,-0.1410484461841121,119.53506411923291,0
16322,-7.188418314613691,3.141709128230203,-5.375901057151442,0.5807467365570729,0.24350568308787834,8.232168659801815,1
1015,-2.0055761729197408,-0.4297193890991661,-0.7779230308329358,-0.036853087497611015,-0.278713573434405,110.32438677425304,0
98317,-0.31734916739652724,0.9249578945057592,-0.5684768301404822,-0.07605732892686651,0.3269017387463234,12.890700112906384,0
44139,-0.40149168160748844,0.6067846469543371,-1.3219563219303276,0.14627001036183682,0.1392973241256974,31.652011314842245,0
6816,-2.2422216587440293,0.29387621185014656,0.7734489466366704,0.061278043088645415,-0.2439036405881119,19.32487573370595,0
71975,-0.40601135338038663,-0.0958713062625303,-0.06532352227941156,-0.04498758352418838,-0.06866221374193433,73.21586132536628,0
36021,1.080144166520095,0.7032417288224121,0.26663261246274955,0.24412702088608149,0.9787706596397112,58.14743926123981,0
11536,-0.11053290748678851,-1.0714193917120802,-0.1856795921842839,-0.7577631004228758,-0.02037145790291696,84.81934907777897,0
42520,1.422560328842514,0.4859183394591162,-0.5059640909787979,1.679199664937084,0.8743035593304357,6.5880689046928325,0
52256,0.4106745854198008,0.534302049730166,0.44631343147647756,1.903634270566796,0.33382040441327554,115.61202569055897,0
60545,0.07400401194286525,-1.4914267376560257,0.6747579975700542,1.2232656058473093,-0.6651854332225339,32.89067558778896,0
68388,0.6761049292948319,-0.9602529244189619,1.2550102168635007,-1.312158283803538,-0.8583322660214932,19.781102311442496,0
2352,0.2639743094361582,0.4633561570182974,1.7521044461853779,-0.617645358877866,1.7169791553105584,10.337220774773362,0
69724,0.5675134612896133,-0.9534243008225031,0.9491235890461854,2.067727139300996,0.34686496636656666,18.934302072868178,0
77373,-0.8244853056535114,-1.249476488541901,-0.06501382277805628,0.7543684220404183,1.5875588917559542,93.1750245926015,0
39922,0.4334552379006314,0.5318540204738004,-0.8360494010989112,-0.1673044218339797,0.931054772285358,13.490464798743778,0
74038,0.6604209359413116,1.4211790967971158,-0.4056259646062051,0.171124625063127,1.4719789997621622,109.22630042230313,0
45765,0.7041298480492758,1.7896989895963833,-0.4062243293734895,-2.633143044022036,1.2188654505852268,15.653249856366386,0
92491,-0.846454491268648,3.4896476094098703,0.16752597516224846,0.9794157462536135,0.9073911031373957,97.25568323236475,0
28933,0.5916570839354447,0.3255604071093235,-1.6116895845554704,0.487908089857875,0.2674270295974748,4.521269384171654,0
82594,0.0905839234814968,0.4214471827301903,-0.44185108950097624,0.209473897843027,2.202109734891766,9.60566994209342,0
20609,-0.5728225235804407,1.8169458252058674,-1.2181484120692732,-1.383112851155231,1.9867104155026418,43.18014238904101,0
8770,1.0145862532614673,1.1805262912317216,-0.4521430175905827,-1.0785038559148004,0.7655473233588275,143.91890679956555,0
62824,1.4586575229376622,0.2075196377161215,-1.0660281667145108,0.2815747161325989,-0.563311124823587,42.220277534164566,0
17569,-0.9160337447075975,0.2774532576559205,-0.7102805552766089,-1.1046460168216612,-1.5280099314764812,9.381941434491006,0
12588,-2.4943540007227973,-0.3510482574722215,1.3213248613799733,0.4751179533384053,0.37758692137520417,42.958778124695904,0
87235,-1.0337358005622264,0.8063601006208263,-1.518523795229399,2.0572992272863457,0.296814226915065,18.689560884289396,0
73297,0.8224323117726177,-0.1680809844048159,-0.9727491043467843,0.339507768372794,-0.5764508023212198,36.56819599311364,0
91502,-0.49737414965028837,-0.8514515798502055,-0.2376008824036259,0.08264453986566916,0.5246185155540974,90.95901462861123,0
51745,0.06926988117587513,-1.1671842538476616,0.2985247053435757,1.938942130635714,0.16894317464043468,29.262527747851664,0
71854,-1.13824594605993,0.4405071726036236,-0.10486523106102547,0.7586471755938273,0.8841076936291696,33.94065489390087,0
80896,0.898549500341217,0.723022903730172,-1.4805787733610272,-0.041110732164029856,1.0467742612787205,33.767304482344684,0
21281,0.39119015882625124,0.9608916750154606,-2.8120642732645935,1.8255636851580956,-0.4573038315428471,61.04972341928541,0
38243,-0.29970559352785353,-0.28904787606115256,1.3219920032027368,-1.2800729073468584,-1.3141575508420875,74.6951582740636,0
193,0.824670393319513,-0.8071133415620749,-0.9103623274331721,0.43261564955955617,0.09806341647343508,139.39335454718181,0
23279,-0.5973971256906215,1.3818480357930825,0.4174220312496067,1.1424046255826095,-0.3028072378232204,38.559776142847404,0
1341,-0.20813209608425529,1.2796484346719947,0.23016532200719958,0.39990265472797654,-0.7883441262403214,40.54583742748314,0
53173,-0.36445413494894163,0.3924377040762278,0.6792531857002103,-1.9213384816302201,-0.08422642962581192,45.72702409857454,0
85896,0.7614897389393612,-0.22971559344511477,-0.6921374476344834,-0.7621491075067962,-0.9494918905880337,15.583324957863818,0
29794,0.17448819948773614,-0.7950928146383525,-0.44831327504372454,0.4888080744033495,0.5026719656636606,1.0087543940300479,0
38402,-0.40349579406262814,-1.97181516773194,-0.702458532323886,-0.09542540759167957,-0.5253575550286884,68.96371421718794,0
75054,2.09018482476606,0.506379498694662,0.6461402606020927,-0.03902927624950636,0.12575056003115576,5.59157172928912,0
86156,0.46322445600013434,1.1210763684490113,0.9605038550767908,-0.40860821388401597,-0.5758141300459375,18.87553294342793,0
99522,-0.17448450661702508,0.26881119718204194,0.05726211434034541,-1.1301055540566824,-0.11291977217467222,40.222070829147434,0
46154,-1.5860951923189113,-0.11705532308526423,-0.6975055376442856,-0.7872221296404074,0.5584022831375668,96.00091936018438,0
95344,-0.21462066538522007,-0.7977905543208894,0.15466707007445016,0.29653583195876704,0.9771223084965038,3.721919846375493,0
5704,-1.7060630805981012,-1.8464216590525009,-1.3816491097930366,-1.0404648388770816,-0.8402089744981762,59.03238627443741,0
67494,1.563992154846776,-0.6493180051164164,-0.6459105588325199,-1.3881348535200755,1.1352317972405392,0.2940996470037823,0
41800,-1.090030495473646,-2.0078985737640673,-0.3560014137279139,-1.0167362681301717,1.5707097429320627,37.321762833953315,0
51474,0.6780199154669925,-1.566801501069484,0.14602111704443896,-0.7475148235000917,0.21497274266798236,25.832206677789117,0
35772,0.8915212184058299,-1.027603143173384,1.7310983601060217,-0.26136191679311443,0.6026507592352539,87.87477040994844,0
28024,0.5575038210338372,-0.10685870078910822,-0.09808541239626974,0.4991186481272361,-0.7425865972230673,24.85784428303406,0
24968,-0.7616452389357636,-0.7716545938719451,-1.561460277213709,-1.6419553479546845,-0.041270618996763576,15.590103943143422,0
62424,-0.452448205783607,2.1927896822643738,-0.5749008530504395,0.07417550124719736,-0.059859144513500266,101.1429112740991,0
88296,0.7462938598884538,0.043855097699741864,0.5594272545655826,0.17589375195864687,0.40766743524434473,39.98601050856734,0
67298,-1.0099542026761599,0.022401588039713274,0.5083650441335016,-0.3426321430101899,-0.2322851717684565,63.41989784111247,0
47523,-0.505344892200297,1.709942050999601,-2.832571490783083,1.087209461771397,-0.825348106071837,15.145404636634513,0
6852,0.2039053513449041,0.49487120020162356,1.5584052226061689,-0.8725890149235329,0.6946544643414463,15.65762161068664,0
11556,-2.1641367670130003,2.1191036023595675,-0.6519497788555446,-0.8765839884347106,0.4351649729470782,5.642301959700797,0
72702,-0.891654787340781,-0.836851563487394,0.5463887643092598,2.278336899957568,0.16812886589060091,72.43117245773621,0
68904,-0.9058201794228425,-2.0679592873527577,-0.1206131696368863,0.7324890414061122,1.5212036166515062,41.49337359383612,0
48766,-0.8953845421915588,0.9776591369651063,-0.36481840567903223,-0.529197659071448,-0.4896020565361259,83.67580234466766,0
13794,-1.522954471956448,-0.7199817377150125,-1.4509317840801823,-0.7218785348575827,-0.8348756063284029,13.15589377605886,0
10966,-0.5282140148497824,0.04181934789533887,1.5920027369828416,0.6435574270231549,0.35667344205192825,13.35644386220155,0
44900,-0.0713399985004032,0.19286967649813178,0.4280144757658992,0.050407579212079945,-0.17401795565480233,67.52381898139078,0
37194,0.8955255374169739,0.20490085797712446,-0.984427920527556,0.8215501731802358,0.3596816940793624,78.40477129159646,0
5240,-0.8650096430108425,0.5633730417648825,-1.7315569899670584,1.4010020564491563,-0.1848044649738344,32.55144406058838,0
17674,0.06453806300972237,1.1863432356827102,1.8492046824691233,1.607935933597025,0.3893939267600361,32.94706987231407,0
3051,0.3036042712837195,2.585790627217978,-0.5228941622933254,-1.7703785232805254,-1.1150557140611976,61.25065749837182,0
12342,0.5027972945255772,1.4846904025987575,0.01590761982389131,-0.566915069522162,0.4477592456772903,25.00708965940357,0
91792,-0.2875581101511349,0.6513459774516481,0.3178376319746965,0.6038930123616106,1.237438552564681,90.07449453855672,0
48787,-1.1222549787929021,0.5050626662835506,1.4162033220839674,0.7313127823956391,0.8594098168699683,29.400949690668092,0
16199,0.26870545294687354,0.11877840680279592,-0.36409871988493897,-0.2249859885279659,-1.0245088355436334,109.38147602493149,0
21447,-1.1421147369186135,-0.6802958350592943,-0.7011642221636102,0.7660807327253796,1.5337222423796093,126.3102904748308,0
27598,0.4152452343233938,0.23720920127565875,-0.041082239274284706,-0.6211438789894017,-0.7537112540371185,52.42771881540704,0
7846,1.8568436628491722,0.5099516667426873,0.5521532131732327,0.36400488253885416,-0.16575570463482503,6.983318930676549,0
58283,-1.477349208854877,0.7790295379797135,1.657010733925431,-0.3109152193662554,0.7837580615196308,39.31373374422168,0
78222,0.1701120016542962,-0.0640564346457395,1.4025460222205832,-1.4661115798740532,0.8470592046135162,54.36281873638287,0
10526,0.47625276008722073,0.8805628943076674,-0.7391037499025365,0.3390209913263253,0.8473134257116071,30.154663210966593,0
63115,-0.4671406983178905,0.5977706503364763,-0.7021934948906061,1.605934138728761,0.8196615288463438,170.35908805984926,0
38827,-1.6139911270961003,1.0077630756515632,0.32237737229452007,-1.0515672871485071,-1.586238995016163,11.729020464797122,0
77227,-0.15504865885163163,-1.6220263782875344,-0.09298728302425228,-0.787414782898855,1.9188424222559943,13.669967101731514,0
73233,0.8461592627402835,0.09000028297732356,1.0613960432687646,-0.985604583527803,-0.47053227903627837,24.62076496909344,0
59353,-1.1534672011861151,-0.3232719397152676,-0.08416759665911136,0.1577766033466109,0.2330196827037026,27.143653801211848,0
13545,-1.118060427981828,1.0055588470061783,-0.7977338737999218,-0.6618550943636917,1.150031148540006,55.094973015560754,0
66017,-0.9134251263173027,1.9208711499397864,-1.0734209422789178,-0.827246058792064,-0.5440444395964625,1.9868503306108904,0
92036,-0.12215224609479869,-0.4916916087597099,-0.5219255788528742,-0.5681585950037119,-1.3140442272037194,25.554222268320498,0
27632,0.5463317060017511,1.7405212298373929,0.5514985299957588,0.5232154919327876,-0.6897273406833092,11.792901497912002,0
48604,1.4279519022530862,0.5804197564673585,1.5723786330446405,0.3437965798799513,-0.26395544956231837,172.61447181381305,0
40042,0.7880490843170695,0.4829567337840797,-0.29050516053877085,-0.2686974230328262,-1.077288676265129,27.562430028113017,0
63936,0.015396536877895222,-1.0667675546846611,-1.0083631615496809,-0.01731748227851103,0.78398377343332,94.90026372696992,0
15352,-0.7254277431833954,1.0530192099399445,1.5356460350208718,-0.45784225494186676,0.612054438162125,172.76018686488484,0
60920,1.197441376549668,0.2734077897503936,1.363305800938278,-0.7309754434660377,-0.25051292081487675,38.56420855224157,0
21625,0.3054462438603733,1.566703721444044,0.84555436145622,1.0140477909450367,-0.9101650160850435,55.244586324206146,0
5926,-0.030656105352437783,-0.8873013670361983,1.1047763680558182,0.7465416529872753,-0.13996407043301753,60.60003392941046,0
42652,0.3601912781016061,-0.7005269906110326,-1.0957739331099479,1.4961983548274973,1.0389328785167367,6.8683613800831935,0
92263,2.4388567065792515,-0.12251423984480558,0.9240967134422856,0.3078534436267028,0.02084960025238944,22.169231298440145,0
4853,-1.760262500580009,-1.3966249658369505,0.9594099968570928,-0.9559326209051104,-0.9441866858866826,28.15296984773289,0
96601,-0.9517444732917201,-0.3588760848681331,1.4432835324486173,-0.4458793362268278,-0.35833877991531576,41.437849664063584,0
67203,-0.23279200038544726,0.061310397556036705,-0.9767764478332219,0.45847986047768347,0.43848227498555165,20.306511242698644,0
42668,1.265155500436636,-0.029799976194821397,0.8297338809873693,-0.6873224252574562,-0.7115915839578838,2.030534557717763,0
5722,0.2682657095322018,-0.0029312185062886987,-1.5900777401244082,1.005871968741621,-1.161672015194444,231.38374958097313,0
48302,0.45209728845068775,0.6435176776499427,0.9485140803534553,-0.09623903738874413,0.8466284281968087,18.741802064597284,0
73800,0.06914981613654678,0.4447222620741773,0.4316085228765972,-1.485655499492098,-0.33883093757035243,15.405855384253812,0
46717,-1.0639936165655535,0.5982508136813659,-1.3503178098315267,0.6676398755133396,-0.5316220945888382,11.864141540467562,0
59321,-1.553647043369941,-0.2730490825151575,-0.1707450883346634,0.1710995873048751,-0.9687919342053573,112.18445618418788,0
21804,0.8144667327485066,0.08358736538447735,-0.01923508911892533,0.7189495770093558,-0.7551708411563337,3.2960167703578382,0
38513,-1.3685201427252165,1.175224455567833,-2.00580622161407,-1.1494154736946978,2.707944141783535,177.2838368881519,0
57545,-0.22937568736475497,-0.4848399241688649,0.6941188538511088,-0.35102850418128956,0.4766267037434475,141.91441185867114,0
60348,-0.17197574364882165,0.4798283715194892,2.252344795981425,0.046846072395045665,1.7841819653137487,134.78431236121412,0
619,1.0527689396115851,1.3108827266886962,-2.057477032504352,-0.061550419672321235,-0.7000702516112512,169.99324483489548,0
72258,0.646449368542261,-0.3234369531427366,0.10205115731285117,-0.8930573046829074,0.006738545307093142,10.094389980158063,0
48231,1.4247188303170473,0.25142160740464653,0.6765699283895829,0.4149148557162031,-0.3984633461339107,86.15028209282701,0
32097,-0.266613013279537,1.1428303395562345,-0.5708890002192526,-0.40780697254720366,0.20702050939082917,37.194203873678035,0
44589,-4.498341239293781,3.789189733923014,-4.140738629638278,3.520107908822168,-1.9423399057951647,550.1672356578116,1
77,0.11583194900956444,0.055201753795182745,-0.8016790366677842,-3.4415792471851825,0.6169275106868255,91.3630968994574,0
83763,-0.17516373577895686,-0.32730403127438007,-0.1781954217106992,-1.0201493809567364,1.7282758326285543,16.312031639109378,0
12183,0.7064847605814564,-0.7634236328562302,0.9784597999849344,0.6203385767441011,0.5500466343170657,75.04022719200142,0
26160,1.5419723478386336,0.6812343199949997,-1.9708008160932078,1.2466433062863491,-0.19751482401701392,10.182284525958716,0
11093,-0.6031475670136943,0.2369046296753219,1.39420825461489,-0.5096964688958858,0.8041269734539096,120.7349274895966,0
98745,-0.4001245847187433,1.7508410716500276,0.21190033541756872,-1.934318536505475,0.23038458624544275,142.2842893010418,0
48695,-0.7265362139655445,3.77748997612812,-0.42439523180951105,-0.6853751321174921,-2.661709076965646,39.35989315643405,0
17772,-1.5404110639503477,0.07084639605228406,-0.7632431986607814,-0.8175862116629818,-0.41763997819188964,18.570236523790747,0
7967,-0.6515274797657549,-0.5532785728680706,-1.9398859788059604,-0.532373616670392,0.69699121500238,3.6660007282356175,0
55841,0.8322695885742079,-0.1771848754283862,-0.19784127376865898,0.3296182343981416,0.6336418599051225,20.507580015199643,0
92541,-0.18714880464091355,-0.8866121875254491,-0.08597694162442279,0.006297492454957948,-0.28725656325245275,95.04977334592756,0
41846,0.260171890336454,-0.6724081857942658,-1.1635398405562185,0.5542157380796099,-0.4903114683832891,45.913653437764154,0
66668,0.06862819993275557,0.2310154145762398,0.5574302874712542,0.33749901326902904,-0.2902144116269585,55.34010020172055,0
96443,-1.9206888668853224,-0.07192559294852517,-1.6234784747561903,-0.716075901992217,0.16848457166525754,23.68959392421717,0
2356,-0.7307167800986489,-0.480201725345037,2.1752668788798832,-0.6007925312432002,0.8735254743531207,5.084726612342599,0
55029,0.04011908243657868,-2.173351079895689,1.5940284730672647,-0.14454022044839246,-1.006032163033362,5.972434847280182,0
66040,1.5749486993076387,0.4791972032760403,0.831857703613595,-0.8988581721076221,0.32881365304226085,133.24840065913938,0
14484,-1.8132980723663006,1.3705086531082344,-1.1299276814200714,1.0432667554144957,1.1303533295981325,45.03128113388318,0
26715,-0.973415358504453,0.3411796290033564,0.2729141152332561,-0.7063403777659979,-0.7734901312285224,33.89983146863323,0
65318,0.24100025339724565,1.608888093413138,-0.7452172837276045,0.6336679412485579,1.0804661600712349,16.218168984630424,0
49298,-1.0557191951488678,2.603814743067079,-2.1144808392223826,-0.015525534625436821,0.05493275687586352,75.1912695180901,1
2717,-0.036376623659504295,0.8343402211571068,-1.121850825000477,-0.054444090948024576,0.9991087453710152,105.91011738477792,0
80738,-1.695962008377259,-0.5293455236693311,-0.7642534049257304,-1.626384874504523,-1.1573282690661557,137.04249918254914,0
26672,0.24543272422378476,0.9216763194775675,-0.572403645531329,0.44869520021855525,0.39542376259930456,32.70930001934992,0
92822,-0.6995103144271798,0.6392699474777953,-0.8983094322567038,0.9449269960527593,-0.08396183700210595,4.911489265562232,0
87046,1.518322824567314,0.36783819339889656,-0.007968024861214118,-0.17955108909337536,0.1312679917282588,6.2766012880686715,0
5122,0.4008231637352854,0.3344707050584852,0.9834764405625623,0.4094854578835981,-0.0005042098737354098,40.648887250415974,0
98875,1.843925742515286,0.7294219383503361,0.017995461854860437,1.2498152878598012,0.740899796676248,32.19585623343909,0
69906,0.46278738652830775,0.24521470470437323,0.504653440534112,-0.3303637032546099,-0.33988403652536464,40.12899142017238,0
48136,-0.7152485188175908,0.6699427761606213,-0.17660171886594317,-1.1458411396778154,-1.129488142842377,53.867886040240585,0
16456,0.7937581430991331,0.37493286844768214,0.6074835600168066,0.6601882398579441,-0.8966305607723997,13.419028332078364,0
51919,-0.44505734388725304,-0.2756707504917144,-0.2439077424589,0.40709722959801203,1.5090941380375456,32.88851127221367,0
33662,1.7710211503980606,1.001383145660648,0.8291414805583857,-0.16630578290832382,-0.12881602330058578,97.54635990236143,0
77236,-0.018356224193736944,-1.6039617514266094,-0.08308800314950383,-0.8824813650471803,-1.3638733852276526,45.887489412362484,0
36041,-0.9315217286172649,-0.3303492465514715,-1.226380271756487,-0.4257781623144803,2.9252803751484935,20.957550967752123,0
77360,-0.5830018483659962,-0.8134420560054573,0.5201670887293468,1.1450471949323704,0.7910232641043349,30.34451838415383,0
96774,-0.7122019585853434,0.7723360402943095,-1.1984572935988032,1.1950848896339825,0.5871795690174798,63.41654770395613,0
6655,-0.640684993497601,0.8832590162275658,-0.5841510598010923,0.8141751033515644,-1.3470917597063503,56.56604087255281,0
75418,-1.6496129294336135,-1.2447227969187662,-1.0838621380563884,1.4186510064394808,-0.9797339275241835,37.60841860176812,0
7016,1.0417941190215945,0.6160542355371026,0.13713878637758647,0.7462271622912312,0.807338635527659,122.86872372617295,0
88009,0.22352572447638855,-0.6398126391918693,-1.6980919577970242,0.8458011890203355,0.5298776063902524,154.68529241937958,0
57784,0.7017100579770927,0.26026272991097116,-0.8803647133665949,0.3958010052174996,-0.8042565895538656,11.526159964046741,0
84227,-1.8675639364387564,2.1003956109556703,-1.3383765348357681,1.44641298775778,0.8393166420278838,47.488544575558386,0
81051,-0.022965900314450522,0.3878877170798863,0.5908688904778764,-0.2554276529818654,-0.8770339598357524,38.23801818434825,0
53053,0.07213805385166665,0.04085672131381844,-0.7053168659710661,1.7938578884156093,-2.220061501384726,1.5835594071890102,0
2169,-0.303114321516715,2.7985659120309045,1.170315725601516,-2.5112126684852654,-0.06565722721709456,28.639215919847956,0
15649,-0.24280228731195067,-1.2669074620582157,0.31784095752490377,0.8934967632235289,0.43237237420278096,2.410229671012376,0
54318,1.0689160184253121,0.5320288361173547,-0.5580191754917718,0.6049138271835687,-1.7451679475555295,21.26828747189617,0
35820,0.2781254895361048,0.862356164470016,1.1627105936059665,0.17438566553243479,-0.8680772946363264,4.66115338621994,0
51813,-0.6099539105905558,-0.28160380343382274,-0.3817802326421663,1.859114804641165,0.3023346832328115,41.17990470082657,0
71344,-0.9879178336410189,0.22021318514480237,0.807640580885491,0.6694108974440749,0.564558098876674,5.986527170030216,0
57169,0.6127147311965667,-0.2005728328917318,0.35837197808086263,2.0804607714384686,0.45783633746765673,38.57621107536396,0
31024,-0.43064925275382604,0.7223054837827397,1.9306420024624773,-0.7266166999350964,-1.2404225174642518,94.22968339540975,0
90421,0.8073904106539035,0.7842615695024255,0.44470396222799174,0.711593538024513,-1.4958343871089952,106.73389055687083,0
18743,-2.053717795619064,-0.4739381960231787,-1.1939822700424956,2.2497840227814425,0.02875789105230488,22.31903518878148,0
42880,1.7089640520298932,-0.8772495699787377,0.8384680520915719,1.1674611897113703,0.1751007550317895,83.55136855348373,0
27961,-0.6881370621515897,-0.9684127137100002,0.6294212470834306,0.5556705028575117,1.781383143429005,35.93507073255474,0
91396,-0.9596633265554438,0.4363281949032192,0.6270286659192188,-0.5076516717423349,0.290784992124041,81.0435756691717,0
84291,0.6993003997179004,0.8119838526340167,0.33490993645994044,0.8522934503006728,0.44099268813815407,65.62810147679964,0
70028,-0.20521300622596286,0.22806686765319084,0.11792507680331835,-0.9094796139659705,0.8806343495248303,5.857215089372651,0
32921,-0.798539514558761,2.0001525124929094,0.0941154134992307,-0.2979491828664624,-0.4868507836865621,81.07597621666282,0
340,-0.546223684466106,-0.7036867654919974,-1.241529374368818,0.24685030265513333,0.27269389888227913,10.630048633456536,0
80818,0.7888842075486421,0.3466063404724999,0.6955114932633333,-0.73903108600508,0.897372701848969,7.70503514805673,0
67563,0.9180314686799862,-1.8677179981596814,1.0379708957043694,-1.0406614386642201,-1.4681824910869772,75.25958057169422,0
23816,-0.9635914050207207,1.475809645436334,0.16772404963795876,0.6577609085446663,-0.14884086876884484,19.296446949884725,0
2096,-0.10571802470109723,-0.21865885725176532,1.0777585841183233,-0.6308542885000343,-0.8937174527583296,34.74509655067964,0
4757,-1.4015298469325184,0.7198641688472236,0.6812562316208439,1.9981115358353607,0.1483430605562897,27.79984508418544,0
36751,-0.17437970740390066,-0.6165369271282555,0.5270516892626117,0.9172984966093122,0.6693918197274806,10.372540901671199,0
96468,0.1871840274885842,0.2661150248621453,-1.4429897287624562,-1.8713846997166654,-0.3272030003918698,21.71105445905906,0
50583,-0.5790616013392247,-1.7850694591464658,1.2899248509336336,-0.5777371342342039,-1.3681679306909678,113.2819295151618,0
89087,0.36462635394205084,-0.18424597885404745,-0.9313989990059521,-1.3915762317972649,-1.0657418566779662,36.40058654822599,0
3642,-0.6697552997899471,2.115613183331255,-0.5313454903849577,-0.5852251823413607,-0.9516726199894621,26.29080743038325,0
76229,0.8021567911628121,0.1167548178384844,-1.3502180969120867,0.18273079841094525,0.3291621656073052,4.088160552454596,0
36468,-1.7803852942861342,2.1222346053952337,-2.286253373364217,0.9375821508416269,-0.31439645178161424,214.07427228340782,1
62493,-1.235791411506426,0.24068982229387786,0.0931582623472575,-0.15437204020534262,-0.10319153592772577,13.131870272678842,0
34636,0.16089420419906206,1.146672268128483,0.5988996097207662,-0.30223237181668305,-0.08267847080370375,19.86280959599893,0
87599,-1.309422299601324,1.5075674538069848,-1.381376776232157,-1.1686286828570198,1.4210805930629675,113.796425756108,0
15795,0.5900047611044712,-0.5356871181435665,1.3703428095107595,2.5896463483355454,0.14561613876517723,38.35654564363472,0
7564,0.3530061805464952,-0.14704806469804693,-0.027952130248583073,1.3513305471076535,-1.896005888774553,20.97245267582794,0
47068,-0.35459063250298134,-0.85287820987419,-0.5543706661827079,-2.596806204383699,0.15302979230716213,56.67921226890091,0
96664,-0.12636599805613863,0.5481383805825634,-1.1789799438104607,0.2838154354316865,1.2551268787366026,27.56573309354759,0
2198,1.2736650541304377,0.1817766247947565,0.0254406820750314,0.46736527148514,-0.6461468268861518,35.725733270672215,0
78915,0.3021502374318582,-0.3419458118312522,-0.3227058998684365,-0.545615091149155,-0.7028307786861041,25.39567963098382,0
85842,0.05985296137968417,-0.5493628701120722,-0.6931119574583672,3.1400711174937883,0.5616438612260981,34.062083719308234,0
5498,0.4005029568627704,-2.1753814320391736,0.38722306791821093,-0.5102249158994872,0.7032484458087049,38.13069752526385,0
91194,0.8416072037583913,-1.890260196687171,-0.30906802223636265,-0.11983903688604358,1.3726073034048787,27.96157563870309,0
66024,0.11801596410790594,0.37736436613524704,0.9277562548475287,-0.19873955543579142,-0.9398452612041823,69.67565036572387,0
78069,1.6918348375245835,-0.7929475029860962,-0.634862376641585,-0.11906678390511732,-0.44913281426556695,29.804541576218885,0
69166,2.5926786318587176,1.8609881000419568,-2.288520784754239,-0.145291020209936,-1.4398316943322782,95.43348742035074,1
2219,-0.359498776645418,0.7686821368867198,-1.5844211281771077,0.706866783741549,0.19744197623386037,116.34556764170989,0
91006,0.12434358488113018,-0.7544376098037611,-0.08840507423815364,1.269678241010128,0.0021302725316547375,42.109073318106546,0
64178,1.6852235114797387,-0.44885715967470863,0.965679956276048,0.4222831295033616,-1.49454155866137,204.73953833050342,0
4809,-1.1473415163213292,-0.774817263600515,-0.08857025731884294,-1.0943515031343833,1.8969290449692906,20.875769546610865,0
37567,0.5511767023571392,0.716309850566015,-0.7871235503202662,1.203788656664959,1.384838975697313,35.150932302417466,0
40108,0.2333021065643773,0.04964376356751898,0.3838946998444078,1.7255621861100967,0.1800805413792185,22.409450112157188,0
51571,0.6134719366917788,0.6755187365822855,0.05113416662288371,1.4082690747746727,-0.41568433028711155,8.710512926934543,0
66914,0.3385830908863617,-0.19878598122853228,-1.7409878956035099,-1.352377074749181,0.9113056144249753,14.118128327677212,0
69172,1.0286103113033778,-1.3316043186119952,0.7052834899766558,0.4528113933050707,-0.6823227785683137,2.302030497882628,0
78187,0.8630607812527138,1.579033701092001,1.1786959847192626,-1.1311234867604978,-0.14318756002605482,24.896933703682148,0
75225,0.5866495703386697,-0.19763800625307526,0.5930711132280979,1.274569696935241,-0.055781784622286584,97.15119718486375,0
83807,0.12845106724629307,0.5833469497415206,-0.7477830397187013,-1.2034853326206734,0.418309724506659,4.463589043263435,0
70902,-1.1299648926666546,-0.17554791863099908,1.4309140809977245,0.26098693032031833,-0.14069470338218223,66.49961567607515,0
66105,0.711045304397363,-1.3132022290464695,-1.6178451497568869,0.175836516544474,-0.7058413095416951,1.5468674449368607,0
26832,-0.7818138633588233,-0.16100816619470118,-1.5911259720182742,0.45082098762308,-0.20113238011307005,33.410516028677925,0
19149,-1.0244849990154385,-0.6911966267469493,-0.05949496648047176,-1.107274854964595,-0.877174770221164,98.67608311476017,0
85024,0.758144889210677,-1.2100329674810664,0.7837820407584202,0.08394121403370815,0.33568613215725107,108.10931847251226,0
58557,-0.6721326584973266,-0.7955126936948659,-1.4203351327654734,-0.5444698732599226,-0.34836533077649456,66.74102220721653,0
23171,0.9489482228070966,-0.8614186380975557,-0.38542130616181514,0.15897768103941404,-0.8231540894899116,30.74857124422771,0
37311,1.8420001495344303,0.7728340492664013,1.189675198185023,-0.5188898698187129,-0.323479995255614,4.439718636719816,0
29956,-0.7271848826528688,-1.9452516969612503,0.34513930965405826,0.18659674172694246,-0.5975649441213174,8.089585359779548,0
42828,0.22956261485596166,1.402581417043068,-0.46771754321744174,1.514480297758265,-0.39604701749923366,9.241200570057446,0
76666,-1.5604195304769135,-1.3065326416622,-1.1929104792665814,-0.5248629381290125,-0.5461559534755215,101.89421066221959,0
78587,-0.7437160852944981,-0.5630141949126682,-1.246830520143283,-0.3720009405150993,0.008984724619779075,19.543389400724234,0
84162,1.9997558319580198,-0.0986221043341575,-0.4963074772123244,-0.09617215797429893,1.3836645172103057,190.50422729556723,0
51578,-0.022597833044902496,-0.020998256334276225,0.37162963803304055,-0.354031768236655,1.2303671703602264,6.093805198699483,0
38494,1.0462572134371722,-0.9773832502346362,0.20396560091124497,-0.4747045090048151,-1.153820886643598,32.90175432324232,0
2336,-2.06763055408835,0.14627904381135326,0.12306236652628441,0.21765979446459033,1.156359120559627,32.226410872873565,0
55176,-0.9780883762484497,0.8402168599640815,-0.6024938689130366,-0.33073958648709806,-0.5300506944429381,1.276101432619636,0
63922,0.7877296574335861,0.6086563386341333,1.5517029929977706,-0.07577489409196071,-1.6596173508051615,44.187293869357276,0
90270,1.251528869213899,1.0001008972055816,-1.9294165260099934,1.9398024898680992,0.5497511461771262,27.31370552845641,0
43001,1.4184025460365826,1.2778643373901297,0.503237403877222,-2.256643046318989,-0.39164109045377865,3.4387514988213947,0
41621,0.30267689342297366,0.9847346857512055,-0.07549237144633661,-0.6650156131092885,0.908696373124446,42.5216708356428,0
3709,2.5074952378588335,-0.9273072539306401,-1.5659687963468298,0.7818433132435716,-0.30109952146951935,61.797063803355975,0
6801,0.7241672408771637,-0.8751280279606837,-1.1602170570327905,-1.4913222845284002,1.281723539594864,1.3053725868436596,0
58394,-1.5302141458225098,-0.16696642234871384,0.8751159565444877,-0.7995551979887466,-2.509570855901224,14.56883512338864,0
20954,-0.45835559274570603,-0.799111924560637,-0.24342275255394902,-0.014873829490969586,-0.15848305596849518,47.713003310132656,0
55077,-0.1480215065346948,-0.4757959447086059,2.4257629980549185,1.5733906299964044,0.06319082655500699,55.30513693904129,0
90469,-0.9969069603303903,-0.2531399494603059,1.5993508708140063,-0.2953573526881948,0.10780395752861958,13.756827230918525,0
11046,-0.6970447013594224,0.008521072738391776,-0.8891107160670026,-0.98179235027287,0.8403499483518234,67.79645081047452,0
46473,-2.0604769289335,-1.148276834394577,-0.5815222787187041,-0.05385684118451689,0.21938863464054206,47.61777206398385,0
31910,0.8727594562340973,0.4073971776443704,1.0937852635274434,-0.8033123783225156,-0.8812798813350062,83.79250179324124,0
56044,-0.9250306472386158,0.22875558021718137,-0.7375824425574512,-0.7528380489875021,-1.024886957499313,13.217138537312954,0
55393,-1.2944933548580115,-0.01688297991511885,0.7813915011823453,0.021414064494879037,-1.0406313296885674,40.661716639259396,0
9337,-0.6207337466025565,-0.992089680099622,1.6434762709769233,0.0036073537076300433,0.6012751811297552,86.96322232633,0
80097,-0.87996435202241,0.9314788266529853,1.2946333037401292,0.1994909986240912,0.16304547320188933,23.267305016637415,0
86779,0.492239464464855,-0.37305934438201005,-0.187894223288639,-1.6604713298033742,-1.0875522704108378,50.58150931618789,0
93809,-0.7341591723709454,-1.7063751662015183,0.20315333060565888,0.4010237996660596,-0.8872637525586259,10.601023928785766,0
78021,1.0022710356756102,0.8220617843060168,-0.32185213791070033,-1.9687390705044758,1.1625214498488576,11.744893129222685,0
97543,-0.2996527756648127,-0.5218957376082406,1.388824414144988,0.22303705115310118,-0.7214720186041311,15.440897817890548,0
63037,1.7670595744577013,0.3747785308586731,1.1425447262462796,-0.9660222970928196,0.8277904441956572,6.927519305881899,0
28145,0.8684443105959316,-0.49116285903675344,-0.13815962286397315,0.06334792764511184,-0.01726674628893345,14.291182327326565,0
2023,0.6200836816119566,-1.267788564261654,-1.4434144362585513,-0.6788425443655479,-0.7214405975064482,2.8775548473995305,0
82811,0.4708762567384327,0.14219313514130974,0.6078915092165353,-1.4990647307534786,-0.36312780772907116,17.105363041180198,0
91362,-1.6601112599137606,-0.3484831994228694,0.30305042362014967,0.9757389447754404,-2.3454169345679317,71.389356067275,0
10278,0.7937994595098654,-0.6068852617171128,0.6391083254981511,0.1415317122520896,0.9085382073271695,14.093720086588949,0
76559,1.1827134318744033,-1.0548634298235902,-0.7685009532997439,-0.1623489009027853,0.6611130006408505,8.933384264307671,0
31324,1.1415587322767222,-0.7081268640084478,2.6482642329022617,-0.7454912693195149,-0.499362641743979,74.7780703045502,0
43408,2.041190503194086,-0.6324513939508659,-1.8155792897895147,0.5396068350309917,-0.14586255406536092,9.962657002461487,0
69274,3.3981273176629,-0.7025136898233378,-0.04731389199931435,0.6334322269187602,-0.5589056007547799,41.02002026184067,0
2426,-0.719033595962493,1.2793526763660894,1.3581526911483353,-0.33842295813327844,-0.7753246128578923,112.25892653570044,0
26536,0.09877943755105899,-0.417809221584259,-0.31044586524096723,1.9051570601760803,2.0890094675877076,36.13612412246386,0
73869,0.16928802365601284,-1.2988288180988146,0.3934430472833983,-1.3527840398123527,-1.1412238104574672,78.71320279851194,0
43303,-0.6739213776630413,-0.6996416220674734,1.5274092087643527,-0.6273183204530441,0.6985311210775337,41.73765997207439,0
65677,-0.0453416734600633,-1.6365231763997656,0.9317107504104423,0.8875039953976644,-0.6162711665245576,101.83487860880783,0
75357,-0.10962585048771564,0.36019813633321623,-1.3561720611949675,0.33418693229890495,0.7040318031080619,122.51221590268986,0
23064,0.22474211958217438,-1.7433314020665682,-0.30407049450980767,0.1807295281423227,-1.2286440893040553,31.12427926346777,0
53554,-1.6729616095371351,0.5097791306937841,-1.2427378832094915,-1.7267063084454617,-1.9810243764964857,16.85932608990672,0
39790,-0.0809249532818035,0.5096662090000231,1.0802927581214419,-0.44138050852339505,0.7631358416507277,9.62605822760085,0
14153,0.6259704749887176,0.7197829516672924,0.175065046793389,-0.7670499136936044,0.1374038293091988,26.877183660043197,0
5571,0.9056459033037962,0.03760944630373803,-1.18959583783011,1.0062395567583795,1.8765934667887985,46.57197383686015,0
51860,-0.1969257225752349,1.6352986013166044,-0.30440094011850105,1.48575093966304,-0.3054208529835494,33.957970523160405,0
71291,1.1628776937471557,-0.6715108447416982,-0.936146950463015,-0.20150889736848634,0.2104791238361001,115.7628561528927,0
33496,-2.785405872725681,-0.415227229260821,-1.0099957354457663,0.19016319447550922,1.2893437409279578,6.185191239833109,0
81905,-0.7054319960782337,-0.42958164559171663,-1.0406595794171818,0.45705739670714696,-2.624575497447951,54.13832676009014,0
32606,-0.5032436553016811,0.9027438555188002,-0.9752177936179999,1.417107090895097,1.1419506102101102,18.831260848764963,0
96523,-0.853677408287937,-0.0278968936700094,0.19337521056786575,-0.05919972165456937,0.560325803596556,54.4053208021805,0
66321,-0.809713307251726,0.014667372685599258,0.4987648534898779,1.634661024246238,-1.6435062844882267,18.06343063199781,0
6614,0.5633355030589059,-2.4047437965298086,0.5265829791630156,0.19818859428439908,-1.2381276388959541,21.94770611492123,0
6910,-1.1812224476083824,-0.5411811545334609,1.0182204292344588,0.6650113624326469,1.791512349138934,4.755158612724008,0
85280,0.0008733545933834463,3.2891697861426312,-2.6074474851404226,0.8664103330996358,-0.9202780890594977,160.28790492717852,1
52307,0.37635488861189087,-0.44547088676687246,0.15232988944879264,-0.1756037547371385,-1.2476639370292109,16.5586002765583,0
70592,0.1350531658122264,0.13365550105624702,0.8580582255459638,-1.3172192749651421,-1.205336393319812,68.9528133814556,0
44262,0.4768135950246047,-0.20819273278073774,-0.9150829928523506,-0.6044129087470321,-0.502796792338887,56.16363904695658,0
64429,-1.3769616544358936,-0.14028650834818324,1.3617021199323263,-1.1574252964097616,0.4297183766711612,2.8025601554575887,0
51001,-1.4426356710131807,-0.8583881142065399,-1.4791891985809522,-2.029021505071113,-1.617859977988405,4.098400899718166,0
32793,1.5348098061038578,-0.7662030903453688,0.12147311217226026,0.6284231502440458,0.1219131635244661,52.60385050601846,0
20609,0.5944456040041143,-0.08374738765171298,-0.7633569134830759,0.024562933096071212,-0.0015859262733926738,79.26417040715162,0
23411,-0.526624946980564,0.29133364331879874,-0.9605374335913761,0.15577645586750033,-0.18532335635128044,49.81683304268637,0
13760,1.3527398946610956,-0.7351623100669669,-1.0468561799564047,-1.273231628138199,0.4197093661801531,21.305764427688484,0
38333,2.1577143044379676,-0.06760412435084459,2.1921357102521886,-1.5047132730263943,0.22609812679603847,7.05314454385347,0
40390,-0.9421220953528093,0.933992223153786,0.41670781964097137,0.10215863094974963,-1.0655743101860848,1.3484388158165903,0
68450,-0.5968291881157131,0.5469957248776356,0.03922723036183155,-1.7582160032045422,1.9646122498915382,105.73487596197597,0
62646,1.3711410473420906,-2.4266179602311997,0.7502745084934752,-1.3423830314616167,-1.4441447182224623,49.92175026026282,0
93016,-0.4918786920496538,0.42425058766885315,-0.06457787865275445,0.3746839514291556,0.03804950621891075,23.537709819860083,0
77052,0.10122772783489464,-0.28519447469178416,-0.14511856333613612,-0.1469054250386752,-0.4422838959616578,9.994750205818287,0
61510,-2.6851792282745937,-0.7733915485351237,-3.1762097604503543,0.2988777882709175,-0.7336806514840681,508.8236813857433,1
48781,-1.1011551411244231,-0.5814625592604257,-0.4780865301973929,-0.28572364587527216,-0.13160735732123524,30.253045436561354,0
81442,-2.161361092625359,-0.5808206468277702,0.46330867118861435,-1.0143171809792118,1.1056475867588516,7.111258136008386,0
18047,0.30900693277434826,-0.7556768387288985,-0.2123489140343474,-0.5475195874063795,0.6935061974390734,81.58777018532882,0
50072,-0.19542420296937088,0.4476719908369938,-0.25727489014295285,-0.059131050359578614,0.43568846552950113,5.819001164852889,0
80135,0.23065792520835698,1.9975000931796743,0.9091983490293388,0.4380832815972119,-0.08125230250009034,0.5168873392039226,0
19830,0.501987657388833,-1.6695269492947693,0.3112916502664342,0.38272718415568296,-0.25857520707082055,12.340431183475278,0
50669,-1.825805741892989,0.6660248555449385,2.735675704938641,0.2555224367955003,-1.350675971433337,121.639000748287,0
24762,-0.7116615385763058,0.251331260458493,-1.702850560955932,0.3685796987868984,-0.028800819699881648,92.85632827085458,0
49377,-1.6278978465820517,0.4236457885331881,0.15195187794363502,0.3629843997381095,2.5655622202043546,4.551912880210078,0
67843,-1.9939946266792412,0.7875884733611177,-1.149101952596802,1.9507857035460328,0.058154777549682596,48.719222979999216,0
56184,1.4567894510905068,-0.7421464237843225,-1.1051825582596264,0.3269740849523433,-0.25650299926526604,0.686686157932912,0
84555,-0.2574086071849611,0.25498473247773684,1.2842937430602945,-2.0009054484548625,-0.07404767418586326,46.362442632842104,0
56556,-0.5934206101779232,0.14933383976980114,-0.492276373398045,0.3564902917835151,0.07582953278578751,18.834996801044138,0
76539,-1.0869752536506059,0.924982520865801,-0.39743790888032404,-1.1143035846315326,-0.1948963925084862,42.431122663409425,0
1708,0.45539194410251904,-0.9821138759143679,0.05345216576063642,1.438030886920464,0.6385494426361481,81.14040586824078,0
6229,-1.0079942388684906,0.6236970675579746,-0.371142076954873,0.752014046061744,0.8288368852020385,174.21016873840983,0
3630,0.9886385221392621,-1.5630189012964497,0.02801479195690148,0.552668967022764,0.7944675007883284,14.182205962923089,0
53072,0.04376152843993516,-0.638723320526415,-0.2656379293122753,0.2059943036666278,-1.8470453138330596,31.163318806382893,0
20581,1.7616702321368773,0.9651341243644521,2.6381026760084905,-0.19687274516305378,0.23919126995168458,203.57110373393192,0
31987,-0.7287293926540226,0.05234312465149099,-1.3156669929208955,-1.8201103078126581,1.1987064237854481,5.860612365967521,0
1645,-1.0168839855478449,-0.47416168549832216,1.7067523547241472,-2.2053448366806605,0.33534585725677746,7.146319423761691,0
21727,0.3125765753355642,1.155529776357458,0.5202820618006929,-0.13457606789004908,2.0543071160030317,16.75089645121938,0
27424,-1.3974846128304432,0.011286223160318652,0.14749362751133432,0.6501216146301122,-0.0822196382610393,2.9552305768193454,0
24417,0.30552396622662004,-0.3719472646945709,0.7971783484083358,-0.1423804952190998,0.5925564049036556,2.4288302460960343,0
69087,-0.7491526548670611,1.6991150188707476,-2.0772440441176037,0.7364137950565769,-0.9550285379714056,19.610534018342697,0
82879,0.49475011253520057,0.38254082049506766,0.8753302341145854,0.1815521110438528,0.7828400298116547,208.84657736152673,0
33536,-0.8354102823918249,1.0009645902889825,-0.7003148997607653,-0.6166441037860069,0.34053248021197213,13.660457880636798,0
22436,-1.1092685864671672,0.11020687923412407,-0.44519171214701,0.09918469385955905,0.9386930018700465,183.9664231913008,0
86328,1.2074912492745373,1.7368727731524258,0.33000495167014887,0.41985655815878203,0.14008954542615829,140.82062314915524,0
1542,-1.651918183191787,0.47377236185884813,-0.038913744909976,-1.0403182977453251,-0.8990486738412317,12.594906445104131,0
82912,-1.2848012501226194,-0.01965001220148896,0.6283783803912162,1.443196986880234,-1.5329133960957049,18.064245297964288,0
18135,1.220429909588865,-0.6645818159304667,0.45730209961325197,0.5977672982624946,-0.6723142658132499,30.343958533809566,0
2461,1.0988140706772018,0.9683751663534794,0.07268672728206203,0.541800827317001,-0.17727847628779891,33.69787326945151,0
43939,-3.53685336305201,2.2578466250999556,-5.061503935020541,1.6238873312555733,-0.957740624121856,38.234630894217965,1
18354,-1.0119273093633734,-1.0137331535651615,-1.8081173204200738,-1.2924203443622115,-0.0314763230484939,0.4603906136992443,0
16531,-0.9792523330043671,0.22894024389627662,0.080601799015813,0.6523549290685877,-2.2691824551776887,134.60900297228665,0
25917,2.8536225827404498,-0.027135232619142746,-1.0527387146712468,-0.5923145381164844,0.30486760481092573,86.24284764176501,0
73656,0.4464491988167305,-0.09417478472929892,0.2597377466574619,-0.5658074612354137,1.4675768195538175,11.818211763742076,0
90811,0.18261578366539605,1.1525370103303259,0.04533351766186557,-0.42620890025907093,0.0861193466690552,154.09898792397993,0
30049,-1.5990999217423072,-0.9213407650359815,-2.4624011482505,1.1412327624708662,0.9104638974712516,318.8581464927305,1
52142,-0.23116277536767244,-0.15649639057169043,2.6009423272071777,0.43557398287542826,-0.38940565674387106,26.432399918123465,0
17154,-0.237975813124896,-0.3792459077712594,1.5536337286320647,-0.3333230972922531,-1.4035972995806076,43.14604186966546,0
63227,1.457223075065956,-0.19464136458099254,0.06160938637731035,-1.0124469979864485,1.5291753373330506,3.8535669230255887,0
59500,-0.26020750135894166,-0.017741834514377944,-1.137859635100625,0.38216268136080717,-1.7636302969383426,43.34374233494412,0
74813,2.1960895592968157,-0.6769702910612971,-1.0810978479371895,0.7867721208335572,0.6274116264141991,37.49430296588934,0
20806,-0.6367951015495571,-0.7004041846681613,1.3875896801940337,-0.23906307958743775,-0.7557682024868332,1.0171689702263214,0
75277,0.27633084300105565,-0.2594680999879023,-0.5763462617337513,1.16837623393722,-0.04757849443608111,2.5278184260048686,0
70721,1.6432713276859345,-0.05688614954256105,0.17356417550563577,-1.0143278886422185,-0.11579529807478761,41.036589587683245,0
3631,-0.49774362542283473,-0.7645469051075113,-0.26338968781213823,-1.5002413916826591,-0.19619888680601189,8.697813143735782,0
32413,-0.1317581881917793,0.13077246894419722,0.4589421583025453,0.02292897210256553,0.3947119758039662,24.453797115747513,0
36609,-0.764749700205723,-0.5771548375561611,1.3486576375929775,0.3662045382369723,-0.07942096116476208,37.46586956263436,0
95081,0.6448412895542254,-0.0791411392458341,-2.8511678072466404,-1.9007618253778795,-0.6192929210273689,23.577939648642072,0
53625,0.44329092660742553,0.8295492202251548,-0.40117690543454726,0.15613353419362538,0.26587890548810433,73.28011245991459,0
81253,0.41854432009397274,-0.37243085303739826,0.39083930818940676,-0.9907633729489562,0.632818165736924,72.65528816912251,0
45603,0.3721667623661084,0.38802180529863045,-0.03135528737602596,0.14599036116128358,0.14755419327162667,28.291926172999364,0
37544,0.2874796750148208,-1.3245730745368822,0.9861125414364632,0.045121967383527466,1.0329557156844549,22.844663455222474,0
9692,0.22089765608138748,-0.15985786583573805,0.477662138095501,0.08497206159438697,1.7200912801670276,109.96891050998268,0
39443,0.07562677839040349,0.44092170941588715,1.2458590811883452,-1.2290387019419655,0.761558732117613,30.149312249787368,0
95694,0.19888795535568726,-0.7974605228064238,1.3527081646970955,-0.4966208656686623,-0.9252223065948284,99.6777349242374,0
26421,1.1510973454488218,1.9849209941538246,0.6808242091727538,0.8073741438163111,0.8828891292315729,6.377283627944627,0
26086,-1.0008194609836172,0.8792965256794323,2.944579624053463,-0.21685469159106374,1.5492199269101596,75.37021926738403,0
53330,0.49549866914018087,-1.9141866727408046,0.0008206283430316763,-1.8327062129565748,0.01700158298701464,132.15495923778766,0
19256,1.3620649569274774,-1.2365556001487341,0.4449712931193825,0.15328034721060685,1.6214083503306145,27.158787331419077,0
42963,-0.26845256119676414,-1.6235870856348384,0.007121368815214101,0.887954245206013,-0.3422399199725578,92.42862882599037,0
30573,-1.6607244951100175,-1.000701436779549,-1.425793870746916,-0.24705532939514388,-1.567921855114636,109.73107461191461,0
97661,-0.9974337387517476,-1.4660596703982696,1.1566532095497886,-0.6739776643400687,-0.2800551909365809,7.10529710953729,0
85029,-2.476681556030022,0.16203399361214757,-0.8410618540027395,-1.4011730058389058,0.270824348954684,37.481269801076365,0
63064,-0.9621435288593144,1.285693270572076,-0.1890782078648715,0.5731049161808107,-0.3381245212471974,44.69174959842306,0
61709,0.8646729305935682,-0.7922679859637135,1.9188980845533383,0.3159590478445712,-0.5468372892945869,33.18649797457036,0
80910,1.299176580869636,-1.6750808004617643,-1.4822918233240703,-1.065168065731695,-1.1097994118569416,26.84504922951864,0
54748,1.545237712763686,1.8030378628943522,2.3508520262346253,1.0106367274294292,1.3867936408265096,13.556232430193663,0
68099,-0.987579995165302,0.2610399825869071,0.08033176151922583,0.4492577560788731,-0.5853198228318,19.196238022691656,0
93783,0.9012962112060259,-1.562234856650264,1.8849697124153164,0.6627012713306347,1.2248819158642372,0.4194900164208161,0
17153,-1.3400177279235521,-0.03964207789491337,-1.876997526507554,0.6894329817648569,-0.09624516760366952,77.77447350806756,0
60774,0.3050005452097285,-0.798472511187592,-0.18023570501649122,0.8327147219303266,0.4882481799482171,105.71388939487412,0
82856,-0.4243952207106612,-0.48702086303450615,0.3550476714550934,0.6476867185108032,1.0259342072505657,162.92078122504407,0
4632,-0.2942806125613498,-0.6383385688598876,-1.2131506873002398,1.0886435432988102,2.9441160089826006,20.723168614733037,0
18449,-0.5492281394953985,-1.805568253985203,0.2864986092893359,-0.23637482387617492,-1.2329628986213914,56.1800772322153,0
78682,0.07796909938329855,-1.138854967307,0.3437152742537163,1.4133148334034842,0.186237759455872,56.364947345318285,0
55591,-2.034248859510923,-0.8628092636081056,-1.0108055705118018,-0.3413943742470701,-0.21682274209381536,4.00476754442232,0
78958,-1.386879470527027,0.025567818794591177,0.7574823144502231,-1.2941520124676045,1.2241138997264402,30.394522498211757,0
29301,-1.122484323722866,-0.04620147110896543,-2.155890739226377,0.48808899966754477,0.4892880395795887,21.85278609600971,0
70393,1.9362771126445633,0.2831494955184188,-0.03843581734672485,0.46561034402840196,0.07736301367362154,16.40255962581628,0
24842,0.06159585537267723,0.4667492341202872,-0.4632618931990147,0.1507666641911813,1.476593164493259,33.71127615194523,0
8906,0.5205988811089679,-1.339267121988083,-1.543594188442038,0.10556239673808898,0.8566008465286504,303.142942085074,0
52921,-1.651281423623733,0.12305078655877959,0.41655376162904734,-1.8125591428182706,0.7801063150990825,162.84488479234656,0
53574,0.3352599949493718,-0.7071005858762134,-0.7948053454859894,-0.7156870414285432,-0.12206710920791,116.0966062018183,0
79083,-2.305645505204216,0.274003902442758,-0.4592261105352324,2.0376524975723016,0.7853994814304895,4.534902818547664,0
37125,0.22753895389624126,-1.0194778316576736,-0.6951676553164858,0.14161091568772208,-2.1048960631010294,2.9087772363518067,0
53909,-0.7079729470064022,-1.3380529005349184,0.7164553793160368,-1.2680146301316826,-2.266935715454149,9.417677338678562,0
69184,0.5877782278896486,-0.9260524618792649,0.959419586733026,0.5001316508223496,0.07390186759904273,2.010774815559669,0
78945,-0.6181114316735742,-0.6862827822133699,1.594102320009313,0.18834432636587475,-1.625110262691299,2.031279828179502,0
53330,-0.8462336621965075,0.8246072919220278,-1.0852670583970272,-1.1228060058822236,0.10626156067016408,40.58198999294619,0
43125,-0.9777782109588511,-1.7886602576326742,0.5049919649096261,0.947796278832903,-2.553124804720991,3.5959692224530633,0
51293,1.9390327007979793,0.13126887117150568,-0.9921847276391071,0.3061680987644578,0.1534383043691375,66.02535110824132,0
206,-0.3248836219917387,1.710250391117314,-0.5249963268482449,-0.4588556081882441,1.0317966614850234,76.56329021790305,0
1279,0.8861381534941315,0.2774979724338658,-0.45983156206462994,0.6798896747060805,0.9987894719666116,2.7563364477845607,0
77362,-0.8370200964411151,0.45104363374589096,0.3618339101777725,-0.2893831347670742,-0.2466358530269694,11.090333504103953,0
27420,1.8400366231016745,0.7540542848457129,-1.9169127644712842,0.1202408343239678,0.27298536714256255,18.963063511938426,0
83122,0.6472865640460312,-1.002564849997556,-0.8526449096356515,1.1621538808555265,0.6754027719082352,0.20981177611591675,0
78229,-1.3122595933253687,0.6375801377818118,0.4717364144754229,0.23007268314545332,1.3619426631333937,60.74832639664823,0
29257,-0.782757008879377,-0.8451669978400385,0.010939742575923972,-0.6520502384619222,-0.39547381767514356,135.05449163326034,0
29033,-0.036602662694947094,-0.9187853088777681,-0.30338126813725386,-0.42857758919606,0.11566495588273362,42.46843848553109,0
82986,-0.056014671833671356,0.20778184872621697,-0.35923655034770324,-1.149279060702824,-0.5191259997204939,19.888203081482576,0
6968,2.1460288060070463,4.42909488400992,-4.409272391919266,3.0985659045592424,-0.4529239632872123,19.912906978194993,1
20049,-0.5905041485967646,-1.5476155133595542,0.062215074428531726,2.0689303564211263,0.6229286263720306,2.007875341000006,0
55,0.8072610563356423,-0.6464582095203093,0.484325437702705,1.7821762156682432,0.6053733942869031,47.54901370388995,0
23312,1.096117935409184,-0.5643615535611595,1.90518491022359,1.167026690633779,1.8033753153897722,88.58007855018076,0
94704,1.4590223482918887,0.9713898894275428,-0.48416050526859233,-0.9940829944985712,1.1144396650004227,174.86939155616992,0
44569,-0.11483242508622125,0.9935510273126569,-1.5423806084462635,0.5621428228907491,0.5320436975973459,42.30408628003247,0
11005,-0.14697698204713777,-1.24198535994816,0.9463355628647137,-0.5770200529793993,-0.5876457048364605,59.77239841693193,0
14270,0.09154564404472815,0.19529665595685236,0.4684457328788059,-1.515203868973601,-0.7117508824487794,106.47578880549405,0
86072,0.478846867832576,-0.713501774997195,0.5281967236673127,1.3649923683502012,-1.917491134790412,135.59774851595836,0
61916,0.35697009739526736,-0.09211683792364958,0.06942513408968863,-0.8940818499158115,-0.9012527001687192,51.47228148503714,0
27192,0.6960654170770493,-0.8878791855361773,1.1204162316812527,-1.8372352147897113,-0.6512581846998245,0.31997382229143656,0
10751,-0.3053886192040924,0.17597808900561476,-2.6700999790333615,-0.9241314619201335,0.9949951218724415,46.365147100285355,0
35854,0.5375171269731426,-0.32779200392716895,-0.9305707077566631,-0.48833077934404806,-0.5278050644142356,56.29859393851313,0
44254,-1.4267123057666307,0.6294941559995911,-2.3103660883022696,1.2987624822646517,-0.5713519767967743,90.6781216436373,0
96722,2.2819029165141713,-2.0643909640288443,1.6851671320478099,2.790748342898729,-1.2468525158671082,78.34544022810765,0
54028,0.6543739593936179,0.07801307445558936,-1.5371212226942688,-1.4598149207340623,-0.8968077770590376,22.07916146263214,0
13156,0.16455789062864684,-1.9363692749310826,-2.6980151998720716,0.41364169441080456,-1.4222875679696008,17.921774267270635,0
52249,1.711806867529505,-0.41614521651172764,-0.300738659533365,-0.19210455654989575,1.1027046564649727,91.26767516434536,0
55820,-0.0850731748251321,-1.3186672280286587,3.215947243111665,0.7924135352849436,0.3845611014167463,99.91455584666099,0
18073,-0.8722998220605086,-1.0110388627342,1.3195506254513676,0.016989280384034702,0.20289521879180214,71.80146887064508,0
88278,0.4023519884543412,-1.4988247789067888,-0.7787326492597042,0.6322204387036022,-1.991068302922198,0.11751167519305772,0
73698,-0.05433647974870458,1.1935424710049374,-0.46016996854292425,0.9533482552360615,0.8888158156776133,72.13101899608107,0
89881,-0.131020101940283,0.9194291158384525,0.09505707799052146,-0.10119697162161273,1.4074966312073809,47.66063429317505,0
37853,-0.1543640727738832,1.3755683911973327,0.6813937801101121,0.9468607730140203,-0.668488479884408,5.987519120820736,0
42642,-0.24969417246679382,0.9812158840733828,-0.045759969161904605,0.703527846726503,-0.953077788299531,86.4057830572241,0
10488,0.5136350338651522,-1.9889690677458423,2.199188037889086,0.22612303854827148,0.6889835466815611,165.4946892492489,0
31552,-1.1923635582683558,0.36376990672783033,-1.1353992851868588,-0.6062812488493281,-0.0858503850354019,49.66987454132283,0
89963,-1.7225377425938015,0.04851466221955901,-0.30794405632504207,0.15855321728211083,-1.0386781665039493,28.133710460778254,0
78610,-1.1354184552028659,0.866320364823763,-1.474245653848466,-1.5730244274764638,0.5161954505415952,15.576095646060923,0
10808,0.7661775976212185,-0.6019941468839443,0.9335796218348111,1.3007880526290998,0.5036099386679256,33.72741837769947,0
27516,-0.5401305925079748,0.016504455311128593,0.012588933245220358,-0.5865294424095698,0.034442388212760765,8.411548529804211,0
59399,-0.08171069214157814,1.6321522438452944,0.7141106880059229,2.519708077376307,-0.5873101978481875,85.75867549232842,0
19337,-0.06519888434982433,-0.5048153650986971,0.7078163206381513,0.12358359560917835,-0.029559678965264426,55.63116280790813,0
28230,0.46309693066377544,-1.309210352534179,0.008066881859585947,0.325735842130716,1.2884962614971935,6.499125558324794,0
88801,-0.7628554421965549,-1.1165426433475378,0.160131152760603,0.4370449951288117,0.41350485891683497,114.11717525227878,0
55561,-0.6604695199582961,-0.6870450659553086,-0.2330426630219333,-0.822659506188728,-0.07195196514032248,11.849871971192307,0
4135,-0.42026827411085543,0.300659448885967,-1.6036437308725953,-0.9313469868346742,-0.10928838450262579,173.59880208042563,0
43526,-0.43257575712307933,-1.3664632710364661,-1.3443040062242781,-0.8522661909803393,-0.39497914255666466,38.34204519712299,0
53747,1.0227605566412248,0.6850693709324386,-0.15113257809898908,0.9566252997067817,1.438102140431454,30.553519731613243,0
26734,-1.1105873586900432,-0.776175564897887,0.8182179165456491,-0.4940926662760314,0.710308329943784,21.90421042184496,0
55267,1.5561044375270834,-0.17684586429168253,-0.23188640541701172,-0.4586782547049063,1.6683093157241102,17.95261993738553,0
67695,0.3579276999848825,1.3287414300992495,-0.622904822813386,0.6727618409006674,0.2669602417893005,31.403058700794606,0
2257,0.33281593432606343,1.463417447976724,0.2727721410045393,1.5396346677812376,-1.079915055558342,42.606180065650186,0
86346,0.04939734691538389,-1.181056275629766,-0.7546549668889936,0.05586313489352404,-1.7156633468929383,6.808851819741167,0
6168,-1.4021959857560435,0.27527852910081746,0.9087614801144298,-0.40452976354780945,0.3034714567058414,8.832265259667212,0
90517,1.861373071318222,-0.19087430235377886,-0.035047612322013685,0.08968659995440867,-0.5844488575066139,66.86215277675606,0
7684,-1.2593712749659631,0.72509972869941,-0.5545770178178621,-1.5778172790395224,0.8909473066934134,45.934329356920514,0
22432,-1.1728177872665615,-1.3066080266531346,-1.1349234521737372,-1.195644430984824,-1.974559082924005,36.732181185080094,0
6256,-0.35579657792987746,-0.4427715566861966,-1.0699608578550825,-1.7153192688490282,0.5196817748484917,81.27087331620939,0
22054,-0.0788922219149961,-1.7922662057838596,1.4193462322275132,0.5613686341043266,0.8430894982128295,2.939703457438875,0
21826,-0.5573723285120052,0.03215861956518158,0.002461785463031483,0.4344131504341494,-0.27765476763832864,58.975848399231324,0
28769,-1.0632830097704935,-0.6795143155756067,0.7252398504962689,-2.3684344357120315,1.339434166590949,6.412330583295656,0
78344,0.6867092043485655,0.5342853792078425,0.27683914813024113,-0.7773543746409647,-0.8749810553484119,55.58684917512197,0
37504,0.07964268989389676,0.17256174399088403,0.24720339962663224,-1.125627112056832,-0.646434642775213,21.950040958558247,0
55860,-0.19658939694433109,-0.6833033288473127,-2.1115717682134347,1.0701088429898735,0.726991923137644,10.479149005129432,0
23321,-3.031193832490089,1.9470448084720289,1.3074946412317412,-0.18113676299268214,2.103087728668229,6.707996070995724,0
77243,-0.03749077172481981,-0.5791240421355486,0.1565204679684785,-1.4648238607711577,-0.775329568308889,150.73693979444275,0
49230,-0.41145863079048745,-0.650172272086158,-1.4681381266162603,0.5950826926233389,-0.6560977772315848,113.91039554249429,0
15708,-0.7134743181070387,1.4244504949072732,-1.2020033392056921,-1.3660079161702607,-1.9922347915346175,11.836338190250636,0
74637,0.16364477600286786,0.46639774924761235,0.08777675152119907,-0.47345425656082846,0.5576210035028154,158.22726396433058,0
2719,-1.7515027038203508,-0.9012642255798817,0.2238756784689018,-0.2919133219387593,0.015333520450950948,38.01468515320969,0
63059,0.2580919766013363,-0.3448460335875565,0.0019788180076371056,-0.8005780468528323,0.9529439017626905,38.71578748765201,0
94463,-0.9717336207717223,-0.6803426190998739,-1.2310930592657698,1.364857387585674,1.0072199973405744,14.935588039591535,0
18777,-1.7055515908996055,-1.603116255930204,0.44148803926035224,0.4034462900122984,1.5226398916731723,1.3012693165001155,0
15379,-0.8447209707679075,-0.47697938932273776,1.1051109038041915,1.0992283453903484,0.40659391293881797,3.248662835363941,0
39384,-0.002305787370825462,0.03959881805213766,-1.8420337457856046,0.4640285391806819,0.004542379779986037,82.78028148781993,0
83460,0.7015384583583996,1.374777288920952,-0.3539424825269719,2.131828467799029,-0.6995311882544853,4.39391466498047,0
16589,-0.17975613307640745,0.8105937992459662,-0.598375581770551,-1.611346920052112,0.1790159726090269,18.022699537258603,0
5109,0.8170366862591912,-0.9011400512018701,0.28715950949617813,1.0325174732007807,0.02355367751129097,136.9727786285637,0
70553,0.19844152853085534,-0.962675694089487,-0.9416248028469959,0.9310865203268435,0.9676448454057958,90.483336502684,0
10789,-0.33578174195413085,-1.3113538919198857,1.3638251736003766,-0.8577974726390025,2.0950506070663057,24.973445263356513,0
20025,-1.2774179481323849,0.22746726788069838,0.1233243976285878,-0.016693239534585715,-1.3392001890140703,99.27030431620804,0
28803,-0.4573570689642907,-1.2667207021315745,-1.365144502345953,-1.561694506799495,1.779743021084757,162.91166711438038,0
38405,1.0336283354875164,-0.40990352279450387,1.5560894868111015,0.318770031148127,-0.4796242845124562,47.01223804557453,0
34998,-0.5487163413482677,0.9873207116256772,-0.03324474005486299,-0.5583009160358806,0.48589565273600444,26.538857174587143,0
22911,0.26402900139599467,0.6351270937507677,-0.4785905516305926,-0.12148613053298399,-0.5737612783770683,11.100548392448713,0
77603,-1.5262789938349903,0.0871360855498081,-1.988633229582207,0.5947388705931083,0.9736316298383912,1.234669026425776,0
85708,0.32463679042940263,1.4237073100207738,0.14320770777299666,-0.43586578601403997,-0.8742376373373034,139.17736546059393,0
66234,1.9972805022846487,0.40293687242053067,-0.31244014178677765,-0.6329411967488909,0.40139339611613956,136.1359487981032,0
14210,-3.141414541296546,-1.2108740331176684,0.7564145480524449,1.1578769144756471,-0.8153700040772143,9.672580337277715,0
65344,-0.5242816096582952,-0.5753908793371463,0.020893607149565625,-0.16204045906229825,0.7794480141929058,102.61150041501146,0
15251,0.32922586691031347,0.23142546831230806,-0.10510987311309057,-1.2674969159095062,-1.4430078278286844,41.668294433376374,0
54842,-1.0049759150998872,1.252888995413658,0.48936498527543776,-1.541251424037345,0.015257004077315405,45.494220136248835,0
12411,-0.3810764544467266,-1.2986433949888831,0.2870308590264553,0.28716794414069463,0.016025554057826102,11.423917047700014,0
8680,0.4126650231818217,-0.0022127099597559416,0.7056312338051302,-1.357556946455415,0.1401378036100385,80.04700536592351,0
37626,1.470432303012538,-0.2652597831197709,1.5866683812059905,0.1474690355829153,0.9613324357067675,17.361231347784894,0
72010,-0.16255961747506978,-0.003975671286582807,-0.8418218031902239,0.29890867729071147,-0.2770626801989218,21.91329011538844,0
56264,-0.8634572371883934,0.15052320556869614,0.10264510297377231,-0.47120755822819277,0.009954349043195445,66.3274216899862,0
45558,-0.954457012652753,-0.8893702662248517,-0.576838243669509,1.0486498944735392,1.3782808137465814,6.578595928071696,0
9078,1.429927790332089,-0.5223083274730251,0.05343175265543497,1.2759319858607252,0.48379266063200765,193.23751100352615,0
92658,-0.243078056079208,1.0006034085162683,-1.2052471644989584,-1.729543797366763,-1.1107211447182976,82.6187683183126,0
19810,-0.7062663479041092,-0.17976763432824605,-1.8325822656977986,-1.098113122210825,0.962360399888817,11.819576504639686,0
9662,-0.7540424916675474,1.5435389313807983,1.2507886953628862,0.30354364700293107,-0.30286819457178726,20.935695928863474,0
81974,0.9354573648487758,0.6440685429949569,0.9600391808954257,-1.0755616972612017,-0.135854897092692,18.712112949002623,0
23567,1.1751578262941413,1.1868537905048748,-0.18175317352578932,-1.0027098542503992,-0.6055938870939891,14.597971256119665,0
87498,-1.7403678256144852,-0.27598214310674973,0.299287147941539,-1.8526603239723536,0.13990878057746386,30.009635301613528,0
41855,-0.3153541780306752,0.29601205313814366,1.2611455222174035,-0.2633522671964047,0.01285306915560368,44.052735747318025,0
85445,0.6534786562187336,-0.8377590998621844,0.15855818572933547,0.7683281208536386,0.30608571142441643,148.59150861010036,0
53002,1.504942189115205,1.5735429200497177,0.15998831789186987,-0.07831511029616775,0.07367980926494352,27.123997473157786,0
48688,-0.08307844096388375,0.35682849865796107,-0.024860702277161358,-0.7352075558555196,0.8293672626915776,117.1459151358534,0
21195,-0.4110816176784839,0.9520165453293079,-0.8239174072841009,0.528005288197053,-0.047483164618452506,3.1974157580488223,0
56178,-1.2098121970579119,-0.5617346640606443,-0.8564195729613694,-0.44874509686992803,-0.7026217584139672,20.045126687582965,0
71158,1.6527497035142258,-0.9717680577398935,-1.066668737774761,-0.7010262337469861,0.8667877755870737,40.188982631469216,0
48908,0.1933043981059928,-0.036902840728767206,-0.02764129760354811,0.27744658261079375,0.21403794472129267,74.77535105010256,0
70969,-0.5098325165018007,0.6747335553087742,-0.015687459758462027,0.40554937982028005,0.24691339806735413,7.799747214277023,0
11653,-2.1940903997612478,-0.5058456692529554,-0.9548742310505617,1.0958248359841736,0.758877543180597,178.5020511355982,0
62823,0.29674848097815815,0.16358911436627577,-0.24193362930049625,1.067647711716651,-0.7421897810239647,134.96909824771478,0
1007,-0.3639115638274787,0.4970819410032019,-1.4288779545288437,-0.3564266982277956,-0.6185674079062269,28.78748428817034,0
83457,0.004743359527588349,0.1102446321191789,0.030585296202751112,0.7433652305059327,-1.5697971368447574,171.88979966063866,0
56179,1.5890057587728696,0.7000726963262405,1.165553450492999,0.6790160760438262,-0.011455296721681689,15.126151245955821,0
70390,-0.6170782092104371,0.30889629326929696,0.4645627276650941,2.4764062313852637,-1.1059771787150485,22.04913603739409,0
95742,0.2254101426299924,1.1446542192482123,-0.7437129977866034,-0.1728775227192876,-0.8955864857376723,0.03949114606202678,0
23793,0.16924540481896463,-0.5440592180188311,-0.3091434841489421,0.1321117331081251,-0.8549415617525271,75.59666651918515,0
63620,-1.8901064726537538,1.0214949864074392,-1.5817432128345434,0.3960289442412771,-2.521571771830738,153.00832869321738,0
95028,-0.5154963110282808,-0.9539161419959209,-0.46528178375082174,-0.33942888866705323,0.013882667821793792,29.156708954102704,0
71832,-2.680611134073835,1.9229934548284913,-0.008801490904678251,-0.6202174652017047,0.40432772616034107,79.25504405060589,0
39811,0.9430514466067954,0.14435828822543298,-0.6370871999386887,-0.09253469386186064,0.008919871847261928,38.85899428401247,0
33937,-0.1610175756624195,-0.21080832450621106,0.0075029744816880765,-1.1233253874166167,-0.5910296870870915,22.828804169992008,0
36159,0.5058731822029174,0.886821712427383,-0.22824094771857162,0.11388882186482913,-0.29017553939790663,12.859106393845702,0
66897,0.4514884824749464,1.298344096105355,0.7353755549544853,0.22397890215302094,-0.48888208746321704,20.49721078037022,0
30977,1.4189180719126842,-0.015742148532632987,-1.7128076130966914,-1.6440456361548499,0.248347684001961,15.033018972719209,0
85716,0.19413215200564363,-0.02529319310900609,0.7791897214109057,0.07309203496388104,-0.46474112788523225,191.44263705883088,0
62433,1.6301257460098268,0.9390519244075611,-0.5212596926497903,0.7904665831645098,-0.3372884862164672,137.43906233306123,0
2100,1.7592166035624288,0.7093673945834129,1.6194097838938561,0.0098760626400211,-0.8471278357029567,50.15632221525201,0
1591,-0.06158218723279078,0.011132592717344245,-1.3712828902582723,-1.024675396052814,0.6715589707549214,25.013701101250412,0
728,1.7693373234006244,0.6041965491497002,0.3739578630598228,-0.001794597683584102,-0.8864148716734289,12.451666157664185,0
3267,-1.9090563503511346,0.33704869084474515,-0.16362745408401935,-1.42058944098977,0.8301549592649,26.191161814533487,0
30911,1.2744351442728192,0.40086101146682657,0.26089708605712036,1.5061566141529685,1.8404037650227503,168.4992275703082,0
20538,-0.014269177594557755,0.5188439229401117,-0.660612791367439,-0.04038663978035979,1.5190065863804083,13.768744912532657,0
48404,1.060288640887317,-0.5632976675458828,-0.17202404701473895,1.0073841279577875,-0.24873936544775344,40.68500491944789,0
94848,-0.514642808101213,-1.8799117053720003,-0.3149411597827107,-0.018361817095647444,0.019113056270074064,39.86007548931429,0
96334,-0.27062674654025753,0.2526563456989241,0.2886656165459601,1.1093935435878404,0.8853145883716469,97.09610164780501,0
15338,-0.4954921445178963,-2.1906029164011374,0.06983160829428585,-0.46209766898870086,-0.008314212467998452,16.24944869983028,0
28541,0.707586457485561,1.9172103890413,0.3726386387632,0.278787138224366,-2.0824007059021814,108.24512585782784,0
38635,-1.3109708357228902,-0.6278775390205247,0.3473570132568793,-0.23214185322811606,-0.6570561973455599,50.72338503562277,0
83104,0.7897710286367065,0.2685323189287194,-0.9100717563689603,-1.0006866577687863,1.0650855965154253,7.462864465715478,0
27490,0.01361561438082699,0.07657993120346739,-0.04578311596028421,-0.19245288176091954,-0.3818140333690551,4.788429631317092,0
44813,0.0694916127196336,0.4913651372326318,1.2136458541964776,1.7763423118757484,-0.7362487158062394,9.244843851385582,0
25537,-1.839565047822103,1.160498489410031,-0.05973756981298445,0.6716002152234339,-1.5136321923549891,1.7490821702259816,0
75388,-0.8859287054649382,-0.01923676106405932,-0.609478192509407,-1.5951157223675254,0.002670089706526471,10.690187086828235,0
1750,-1.0081299567768498,-0.4471502783061326,0.8356572511822711,-0.03274016676954971,-0.2348202944575834,5.64727735982155,0
88869,-0.9457215875184727,-0.1129564652291107,0.010004445747878203,1.270148421966446,1.2717090927207668,60.5511220888673,0
13869,-0.020426742247011312,-0.2611853187979934,-0.19706750261046374,0.926789155018808,0.13798880393880966,2.7457608286933937,0
27663,0.05236289720326249,1.4961645267668793,0.5785853082125527,1.6344718983073303,-1.4003172972356626,139.28631509919768,0
15707,-1.5736295710417973,0.6612363481148585,0.5182752280363537,0.9149382248769038,0.071495342457528,2.741186319598373,0
40583,-1.0531641491701353,-0.5236746880555153,0.6903029280919347,-1.8490401854841048,1.4503620284890586,29.853987369967584,0
51112,0.27447580157780926,-0.23603757155354116,1.4056990119767847,0.3273415136270503,-0.3031004905443506,6.4131589605590245,0
99977,-2.4238978586478797,2.6298202636638006,-0.08360028237346917,1.4450601859327594,-0.8077733951163795,72.88771448188886,1
89588,1.1183812821105803,2.008669008239167,0.26154229042581373,1.1990837397052172,-2.9550259487769304,53.415251945765206,0
93747,-1.4669059453519193,0.350350320805497,0.06539482043495345,-0.46361333780360325,-1.2745582388056698,86.2534727349106,0
16724,-1.0141612652549674,-1.4594948960263467,2.15073068849605,-0.569439588786998,-1.49100236894055,32.87936638526566,0
91652,0.9727103929221741,-0.4239476620747896,0.26618433113747114,0.08648981740593759,-1.8931864022127036,53.32963660420889,0
94475,2.2576285464143426,-1.7480674719137859,0.5197665619892278,0.9942661357839931,-1.7509292109692913,19.407275748193697,0
85091,-1.3552054073404338,-0.08659437663819446,0.03260698276809068,0.7461274297952186,0.12712902340263274,20.46960192424172,0
36059,-0.877450581169481,0.32402343422206537,-0.8411243921722905,-0.8433418293973327,-0.8834940869141408,17.401107273569384,0
60272,1.4729032456651778,-1.7339123969769745,-0.6949640767214214,0.05618151678074117,-0.5899572407132415,18.905228884398362,0
85667,-1.0077842719176842,0.5992716708727502,0.19250493701867427,0.11843364606229889,-1.1188191391941806,63.6477128345197,0
36631,-0.3020310227827632,0.47882391000781277,-0.37136212933189056,0.8785620976733143,0.3123608726250532,20.806960416615418,0
19758,1.783270810395837,-1.1221524151085256,-1.1235103453834479,-0.7648697349896997,-1.4558182851505919,56.40633958087998,0
21563,-1.4577913880148494,0.6588491411272431,-0.5662575689260696,0.022915988438130808,0.92963718302185,71.43923467867238,0
66235,0.9742622630864519,-1.12319714033978,1.1446614595996163,-1.094670276054154,-0.0523259477486962,31.396014783062025,0
27213,0.3095319303042382,-0.9706677673827739,-0.04806484377381428,0.19522565016398208,1.2188571660123784,56.23203092174411,0
27413,0.21428249173813113,0.4771243697879102,0.6889118217969987,0.1583601522341749,0.34931379745369,11.748581018831247,0
20611,0.22860414557842074,-0.5959074408130466,-1.7882474858842188,-1.1681339241923536,-1.4128101799421877,7.851798973052822,0
65087,0.23136232434129073,-0.4145461142877869,1.0984186438710222,0.7184084764269848,-0.19380485378852874,23.313102276943955,0
16566,0.3823303277998872,-1.9196755003382913,-0.9745993055540371,0.6126977170240864,-0.6267245708915488,121.66576981739159,0
24160,-0.11759845265813158,1.0294399127439522,-0.5985453168360358,-0.6060691790963968,-0.11199191463478315,23.634476887895328,0
81040,0.675870602230281,-0.3281751268411529,0.5438089064632462,-0.7281649001382979,-0.26656901137134575,3.5231250838537913,0
27798,0.3349835554979247,0.6632184207404347,1.7064673571301374,-0.7425952415896138,-0.5000981630877018,21.219291848239607,0
3654,-0.5133291866775045,0.28442374045197166,-0.049473135323638895,-0.46868471165428055,-1.2873851521510717,3.4169029295159548,0
2642,-0.18974350395406103,0.1986435513874016,0.17481734991455514,-0.7719434637189526,0.5447155006095178,65.78345870424484,0
23173,-0.3178305420195441,0.8209775618249165,-1.0911065660968535,0.7593402928021163,0.5809926220961263,90.07739350042165,0
35842,0.1847588127884412,-0.7372466703760234,-0.0986719333870818,1.2883954932194481,-0.1044712683894624,49.564878749670385,0
64435,0.29439275913620677,-0.432707627937086,1.8955024193925007,1.3794609163016796,-0.9022359383528566,26.353921845581684,0
81050,0.6494025158224628,-0.6000195816539611,0.4118117237279797,-3.227071984266752,-0.500238091799737,298.05528487189844,0
7099,-0.7013776052224556,-1.0303076505733457,-2.333763907254147,-0.46205947077830695,-2.026181354268752,4.573801411241316,0
16725,0.6902559291228032,1.2275795050671234,-0.847046819168613,-1.5910943001188196,-0.910392712911492,105.97761726074084,0
94088,0.7944982907563105,-1.5197678828100394,-0.28033970734258046,-0.2493477004934708,-0.33849067477484407,27.34862969378544,0
10634,1.06518318012364,0.4534284892223496,0.1662437949792915,-0.3580345427567648,-0.0616315452001936,14.081982405382993,0
56547,0.02496986338196453,1.3238246127209083,-0.5918526868981545,-0.7313462232083958,0.0058189870129865045,54.49269191001469,0
21792,0.18347311871156718,0.7814746188612576,-0.34772356153097006,-0.5361311640063222,-1.232627697101827,21.449373171720083,0
94456,-0.8763937434747587,0.13694178346810365,-0.7954994046001439,1.1852276940859066,0.08994387324884202,25.710501962915,0
86516,0.033594633326849505,1.0155948097511047,-0.09414252420741283,0.10067974076098613,0.06995104414750146,14.238478755100381,0
85744,0.8374572023585122,0.9598239527423692,1.1331854140725077,0.6466416567330809,-0.7826310840358215,25.307402892492515,0
6783,1.8840011375698578,0.6799278365353183,-0.3487016354401247,-0.19064884631419646,-0.38093063304144836,83.0789704168021,0
71831,-1.157568057768597,0.4395657746659394,-0.023477077188779297,1.2989303257321374,-0.02755431025547693,121.02368874451595,0
49922,-0.42207188508969595,0.4655921753951986,2.1495550892280053,-2.34840562880592,-0.5445305733392659,4.708768043237807,0
37564,-1.2271291369100206,1.5642902635270133,-0.6933300023137564,-1.1943868853678001,-0.6797925329457624,28.946995891431314,0
92920,-0.2578293766360323,-1.2283487652379041,-1.4424079802360232,1.8405673751381095,0.912147027016459,54.20260016915132,0
46576,-0.04606140412446539,-0.553687515924103,0.027586351623552368,-0.27222338423095116,0.040778665785044764,38.38654101381316,0
56638,0.6822210809128297,-1.113889652964548,0.6763817197037947,2.173327671575556,-0.5287190010643527,9.089846444861461,0
28380,-0.2697397245750924,1.3846304581765432,0.6437137296826219,0.31222345486365677,0.2809151756544448,2.5738945354293117,0
24071,1.2065874198042088,0.6405066819570927,0.28719327787279425,-0.419030234154692,0.18789202287427845,19.79611610881493,0
8335,-0.9172026801316363,1.4217464845954924,0.15233515982726717,2.4226688755390207,-1.6589689578926463,92.96306291709907,0
28365,1.9631579869922164,-0.09622822848319072,-0.24315444871494035,0.022507349351006498,-0.9026522897253085,44.26018264189116,0
1925,1.1387180678560977,-0.9234649965579527,-0.9201563140982175,-1.1688477920082279,0.10303129893251521,99.88985809830008,0
64044,-0.44721781472885597,0.3533167072516935,-1.3263766461762694,0.11577424605554125,-0.09844380806988903,24.651779752405428,0
49159,0.7471412320266032,-0.5272430277356126,2.3836753807382025,-0.7145714588424094,1.6865862103650824,38.738885104274424,0
48438,0.17126352582019327,1.3938584729693488,-1.2145879833884012,-1.6026582706837638,1.0748572157302807,134.21528585840284,0
97718,-0.8038034476563688,0.9225819634611637,-1.3391070824234175,-0.1787674201482074,0.8188753950611192,134.34825262166066,0
63932,2.722948687724303,0.9632543765890385,-0.5535820109362976,-1.0370146967833602,-1.131355877651909,69.79660926578272,0
27747,-0.2947110388441811,2.043042243470318,2.209466789802954,0.6602944476793567,-1.0702450537354926,25.23201151503205,0
47924,-0.4923187949790351,2.7998241463378313,-0.7227128683857843,0.5878175644577087,-1.5556328538303215,26.81962219677111,0
97856,0.3180681628612475,1.4057186433942654,0.34409443166432935,-0.2583149365735837,-1.0851663211038924,21.60219394899083,0
15223,0.4303448381710576,0.07264421304330575,0.6936922352576004,0.02234551364215061,-0.5798789348216229,38.48620259721895,0
18287,-1.31394449670997,-0.34178037492148444,1.0250485095005544,-0.6372574946025921,0.03630021557422472,41.82849283882749,0
44769,0.8026307013236168,-0.4791070961969124,-1.6745800318304551,0.8641486658962167,0.11397410559191218,3.767156627232697,0
32117,0.397924846715333,1.4280708119024874,-0.05830046226307204,-0.812158366879187,-1.611482771875573,10.173255125667337,0
43527,-0.3076894365069016,-0.7447828501171511,1.8566360566350362,0.6268928194842975,-0.9623523300126562,16.790726609283695,0
22440,-1.26363406950157,-0.3558188353382118,0.5444097308576138,0.5722353666922803,1.9551306450250538,33.16570620580659,0
95690,-0.6084600814322608,0.9127497799138464,-1.6410081961979222,-0.14234256414661467,1.2464645143965682,53.09990905711034,0
99986,0.7999272995299169,0.30985994436768094,-0.027916923967480682,-0.20008165960876023,0.24560856061515476,165.77647978903974,0
1062,-0.4649261744158378,0.3105624837042775,-0.7442460611397718,1.7978372678210017,1.7773057017925924,191.6485480076762,0
8605,1.760831339937733,-0.44893645002908195,-0.8493378480651751,-0.9626296279733129,-0.4361276073200601,32.31859053640961,0
60566,0.3176463690106352,-2.334415589215141,-0.507859581870685,-0.8789845307272849,0.17716376086239624,2.0030628561363373,0
73402,-0.9738283359082052,0.861166235982181,2.4658511788338564,0.27284834271283476,0.21981531494061168,60.41466321906896,0
10207,-0.295002708517136,0.46280645918185465,-0.04248315886883168,0.0921969165877305,1.224170042282331,73.75077418978073,0
81906,-1.8443616622206864,0.28950072246712927,1.033487292768359,-0.1565570067495522,0.4601370041450058,12.13307129664187,0
67649,0.151157745253608,-0.37180568078333676,0.88776025567464,-1.118181142212857,1.266062541919234,9.344348818922594,0
72827,-0.514932362981204,0.8096224271269085,0.1017457917223192,0.6791051627475824,-1.438909950748658,5.527622629333492,0
90536,0.06340351086049253,1.2337872769596048,0.12269806874485811,-0.14069066888440973,0.22325305012312946,45.34903218186328,0
22852,-0.10927651221839026,-0.09401224410092489,2.276079017827666,-1.0375996955578972,0.3325653561696426,12.981997778458233,0
29725,-1.0377048220344753,1.1356412676748064,-0.41072888997746465,0.5554115258492787,0.4522207766654843,15.717901028996245,0
39749,-2.2418963547748287,0.22894021516454757,-0.2517702752648782,-0.7766351599419932,0.6454854838960502,48.27046901619814,0
93610,-0.3320847466741954,0.1371334013192164,1.8271567575793073,-0.6127970364611621,-0.9499246437962541,32.44220083708896,0
17297,-2.4431453052307317,-0.3051622999429823,0.6057249608417221,0.6695784305050845,0.09258941926093299,18.55564963847946,0
68760,-1.964897282976844,0.5320498384858374,1.7290472561926302,0.39470894760309594,-1.3821519397216522,1.751901684096702,0
8946,-0.9544230996419101,1.4150080642858613,0.26044992516951804,-1.8027356300181465,-1.2218548286049777,0.528443945082271,0
36378,0.09440695340416014,0.005714110552789686,-0.8152656243595809,-0.8608830970835802,-1.7943510532262297,52.11284556163475,0
8711,0.7167056822387093,0.05530418530522223,-0.5834437764610827,-0.14293040838992144,0.6585410662074567,32.13771943366735,0
29757,-0.8269805995836251,-1.7785352691945528,0.16916687482853096,-1.2707032796455788,-0.9390058867392302,124.13893644023844,0
3828,-0.6969760176435625,0.767439127001189,0.4286371027612596,-0.9927493009876758,1.154844101020157,34.971700541264674,0
43803,-0.2365961040368478,1.3269940334879096,2.015059575832491,-1.017072451027927,-0.7467899810039311,12.027280294355396,0
64674,-1.9714812999899154,-1.6250989687178627,-0.20625010944675237,0.7854446300551747,-0.05033563506145716,24.26730130715167,0
63232,-0.077453007266273,-0.7655184968435811,-0.3278430410499731,2.4721714513625326,0.21555239339554527,33.53064241572735,0
44789,-0.06224047832400179,1.7053290328976094,-1.034379382162932,-0.7812342954552022,0.5610613754756312,36.722473801883915,0
30881,-0.19966367418641573,0.476579396547265,-0.006705839785366929,2.9021706348036407,-1.544900042914613,23.7427649339161,0
32972,-3.631153708876358,1.1346390029947515,0.10611954008423119,1.807174682312596,-1.1190174171406069,247.694401111819,1
14489,1.4657172417040598,-0.5639294797822884,-1.3200585659077924,-0.47889622967824036,0.6640085992939947,43.00511457011099,0
20150,1.4808862906533322,0.271225614199156,-0.7965213077035429,-0.6038181582207843,-0.4163052745785527,2.140950231550728,0
47414,0.5502668638209331,0.6650059156350103,-0.051627452021667186,0.36112743663948,0.15127431382309495,24.790071617686348,0
17611,-0.20023333539002666,-0.2789919002886576,-1.1844380678030872,1.8088565317228078,0.8395380907605915,55.28992971855141,0
30682,2.68797624380741,0.7096048881627881,1.8230412506059113,0.03284581128008501,0.1210593624736629,120.50635718165954,0
22601,0.7900432041297202,0.6349129212136558,1.526307586900495,0.6133768060328839,0.5627384175947059,55.70344701958334,0
94223,-0.1270369028750425,-0.76224777776055,-0.18461480150574489,-0.7512417207677052,1.2662982636734552,10.660656375783343,0
5451,-3.4542548528409984,0.7432521056230499,-0.26901332884820794,0.2244867589402631,0.16609053926664036,25.01752450181978,0
73822,-0.5774021922294386,0.15359460673551137,-0.6483486790087554,-1.5564634918343625,-0.7043015860295693,20.944657461582462,0
92601,-0.4129221450105309,1.7930609918104823,0.730303746639179,1.3408216152681238,2.0720112832591138,33.20764378004647,0
63076,-0.7249040318247932,-0.6967047672987804,0.460028085116589,0.3703444894493176,-2.194671679382774,87.53302920593066,0
66672,0.7360787560448773,-0.10620869171899912,-0.2746467915329495,-1.7014714387112044,-0.17236071632934327,20.356514221109112,0
85947,-1.1097208282932345,-0.20709681153663623,-0.3842111695953622,-0.6155548336977341,0.8356228445521514,7.6484920589101275,0
2482,-1.7553545693201642,0.6000653263523612,-0.989933276576141,1.295316761604936,0.26780626147384884,54.38765375510782,0
14289,-0.10527061557930024,-0.3157568372191886,0.6219809940211398,-0.6973447334942577,-1.2977015927465092,22.26936185260359,0
91176,1.124987106380164,0.5387409256759493,-1.4046529172800495,0.1244950954306362,-1.5806998272494206,87.49750234202317,0
97768,-0.33825664424707685,0.1896473970119882,0.07219952824971228,-0.8248067914418262,0.7523113686385284,169.47475271097957,0
66652,0.5665024550552186,1.679728476372106,1.017126792105105,-1.0134072592736927,0.9640123513812151,85.90030038114676,0
27446,-1.2192863858260627,-0.09722155873808332,0.36972874103394227,-0.754080114733209,-0.4132526939537446,41.718323653730174,0
71354,-1.3682492449810157,0.29407296281894457,-0.6952984573125116,2.691794673814491,-0.8425373669722094,55.374265366958475,0
30678,1.0859828944453254,0.9373459780957001,-1.0000807425869997,0.5339373980590603,0.1857513678576868,15.678143550541638,0
7805,-0.5914438195394393,0.8695084820001195,-0.19252023107088947,1.284803699871247,0.2325133563860684,25.742205964007475,0
38870,1.3309985491296976,1.755181004032714,0.6359871413654583,-0.1886545695081539,-0.6505522097639834,9.125861093771682,0
81470,0.20335375840499775,0.9175992702596298,-1.1579956366942243,-1.5640519933805743,0.67893715936758,2.54392735453842,0
55103,-1.0922781640311832,-2.403239790981312,-0.26413299751087016,-1.0661374021308438,-0.3567721026879102,166.09530298867233,0
57649,0.09955759759996681,-0.2761054479357567,-0.1415782866854496,-0.46613051643330117,1.927190012216444,46.286146758428245,0
42468,-0.9457716460732776,0.4592428063793111,0.5448183424396977,1.8056671746072988,-0.09339912363941687,271.82356188317215,0
16163,1.1700770630296313,0.7448110491967598,-0.8639247038254283,-0.0432226736887327,-0.12001333662851386,58.026290781834824,0
59474,-0.9637605983755171,1.8018480256358902,0.6392940877220978,-0.8800028940083993,-0.8928883269092323,7.767011751116064,0
76918,-1.362194891382653,-1.5659710486073257,-1.0540868798292016,-0.9319997775300813,0.652004305968003,56.61723016105115,0
19087,-0.19417973726286455,-1.5983131847898309,-0.9239183911032677,-0.7388764963556125,-0.8312240544639494,59.728142876654054,0
37437,-2.0601985472166997,0.9123865736422752,-0.9217184360492205,1.6252227452879815,1.179763381798567,115.51078785540034,0
68910,1.5224389097565452,-0.5375840551879599,0.19646875102926079,1.7670086266347913,1.018174442838346,145.67546654622103,0
73553,-0.8183374833362532,-1.058556042344289,-0.1236721460180847,-0.985533841599192,0.06785224180955025,20.983089700116714,0
96809,0.5324643077886954,1.9816014026513504,0.5066156599231009,-0.49954753554920805,-0.2552859396573646,51.335913830304,0
62981,-1.5120063120615763,-1.207604507566461,1.1440926945412941,-0.3377691150910298,0.9557564862616222,52.3150431653046,0
85595,-0.8729832613505268,-0.1252776371125806,1.5871324514543836,-1.1197898753354474,0.7888970604642729,20.718279596100068,0
11938,1.2524957291499996,-1.6478868938568443,0.09730575190293085,0.8810201840556517,-0.42662438037789724,14.575008823830734,0
88861,1.0574892793021782,0.4056644571998912,-0.3974591697846353,-0.9984104400366497,0.700006309872019,2.6252385343511717,0
11302,-0.6434350670302766,0.01841918618654087,-0.6745280779152143,0.22077121842169808,-0.2864039753502104,57.65040094108894,0
52389,0.5555524818325563,0.9866912199945005,0.5187846455784433,-0.10371291899224043,-0.061025598572472965,15.632908134402712,0
88340,-0.011179115477882038,0.42393231161354816,0.3894400177170319,0.35392735572680556,0.871024480536483,54.822805656379714,0
92059,1.6286276978812413,0.33593539139645895,-0.3777659733923902,-1.108948952704328,0.10706058955443694,7.159830999231379,0
66395,0.7933952017755574,0.33892938479967777,-1.1148024867471467,-1.8137808245183693,0.6501259768485537,26.424436887307056,0
69479,-0.034665569737606684,1.4707624743207173,0.3803018024448286,1.1588421569987246,0.7808075600869208,9.309311113175609,0
5110,-0.034181328830489306,0.705099736904737,-0.4623721693028736,-0.42719573274500133,0.8290195638708655,68.00266361068422,0
52269,0.1431002076430992,0.01930752922613046,-0.7713261415573625,-0.6596380545199162,-0.5280049773503354,12.344393254175555,0
55677,0.11919081300759192,1.3907631720334803,0.5827858540321198,1.6348611666164226,1.489580084758466,35.26551181781096,0
90226,-0.19601309449972493,2.3954307493158384,-0.45906761182706246,2.235760881939056,-2.1655749299512532,34.314552950500456,1
42078,0.05157908952637019,-0.09660848485687168,0.528468304969544,-1.389028820603181,-1.2294607847229264,45.63523262969475,0
30090,-1.2091481328792792,0.32151594622755614,0.14701175086615675,-1.6335712576288155,-0.6267030790475168,78.64078044329924,0
18708,0.07776746897252963,0.3200775621770699,0.07917846297497264,-0.02597960338201959,0.8458469661800985,57.63374573562422,0
36035,0.4682376096968881,1.4029047839621902,0.23437276333840346,-0.8033072487591058,-0.14653620852114463,137.58174116340876,0
64291,1.1620077042712105,-1.5947124045428194,0.34322571871700347,0.8859999747748353,-1.2941154747213328,13.311738744306478,0
96573,0.3785021489175206,0.48982495484649824,1.215429813686056,0.7718693127423429,0.9229052090193991,158.4398720715974,0
58053,-0.966379093792069,1.5284198465730907,0.0741340400516567,-2.290981438374425,-0.8057794549583039,16.09906194807168,0
24022,0.7020106115294077,0.5199100723365851,0.9982391058303398,-0.8021668549618599,-1.1895000259430708,75.25051018873462,0
96059,-0.7260572966372096,1.3723698309363015,-1.0146776252897303,0.16987942513442464,-0.9455559349257652,95.97413779439295,0
63449,-0.7924154118329717,0.19010629284927974,0.29376808097944007,-1.1543274993622716,-0.15283274987031953,51.98049029908355,0
84774,-1.2253504365823,-1.0382307304919214,-0.22648822002917873,0.03161924530426891,0.847815919455776,32.78694468183851,0
37412,0.31981163479617813,1.889307222378654,0.2613790660348003,-0.5319614573942383,-0.9955875029247702,31.529338476935248,0
44199,1.8544334333618275,-2.2830103724248696,-0.889656483546141,0.28607583562911,0.8959373945411511,0.6452278144436407,0
67055,-2.413448170283476,0.9532912543025196,-0.6721412733897842,0.28411329535018487,-0.43532069856970995,37.97362607553752,0
22785,0.6924643413643276,-0.5812391970261442,-0.10475954895594994,0.3549782036937505,0.2001248156687314,15.434227649102688,0
87455,-1.3817702424835547,0.07028706708913407,-0.6849664698523465,-1.355375884325145,0.7757723996009324,66.86113292848202,0
25398,0.7116217341841727,0.1463059745402124,0.3154615322724144,1.031397801919874,-1.622325924918163,17.123627613259494,0
52648,-0.1712833244641871,1.0673798415062998,0.2584706853722215,-0.6645732138166578,0.686460459030022,51.46980999199005,0
65428,-1.5644539866239684,0.5532974244013308,-0.12088687171277415,-1.7457006029201294,-0.7743730728869495,31.43197885415952,0
45046,0.10299559976168061,-0.16609776301710188,1.4672231497130366,-0.006880400102028218,1.267229957581224,24.840966867796528,0
76908,-0.7489730972700454,0.2834313183720053,-0.710114504684698,-0.6669402342034914,-1.5500523858445794,162.74668279520355,0
10225,0.7770822584652559,-0.04782984619791361,0.7537736383292195,-0.5824671648393631,-0.04462922204981593,12.010852277966627,0
4748,0.636670153695832,-0.4516260887061294,-0.32388224088105777,-1.086399886601619,-0.6935078253421025,182.10058226649917,0
67728,-2.0306425707261035,1.6046906298810326,-0.31332259200413143,0.6314334252071935,1.7923222516014836,4.016461989930947,0
5075,-0.7143517832841195,-0.5582369335841517,-0.7361222943903317,-1.4213748106351864,-0.13732293077360228,50.995804431615085,0
30116,0.4376556289082504,-1.2525161922076724,-1.0321420999568447,1.3380689892965485,0.08389376324072735,9.661961666467986,0
72545,-1.5204625824708864,0.20351560371854796,0.49659235119030115,-0.8966626478031198,-0.09841608859481728,81.78252330108548,0
68056,1.6866513536678973,-0.6016691771074415,-1.5101601780690737,-1.0638496309927965,0.8305523714809273,70.5929375608539,0
79239,0.5890241699257166,0.5107665885939133,0.5298100656836389,-0.7441139651061446,1.171559010470227,16.22209212401905,0
77787,1.1054813523421145,0.6843025841384672,0.35741462029241006,-0.7100242467042406,-0.3039593139516729,39.08652345673216,0
6471,1.85747720929573,-0.23880188735057656,-1.2567680144595086,-1.0586419707854662,0.6431339246764789,17.31184464073511,0
50108,-0.48466725873343997,-1.330640153846021,0.9592674586726858,-0.6186476305939604,1.059681933804517,30.255891287585644,0
64106,-0.3812707060316669,-0.27127131945695626,-1.0686094623850018,0.30549548607281285,-1.115672166074201,90.08254715260419,0
22180,1.5313268023142323,-0.342554518749369,0.3464642278810146,1.804962523081355,3.34547469159803,186.02638810344442,0
10954,-0.18600769429209638,-0.011409078855165644,0.17352802613449572,0.6945501040036444,-1.859163037191152,76.50120705942749,0
65661,-0.9797427560096463,0.20627640584490153,1.6182857249576108,0.29959823275961106,-0.050645165388801205,56.48538015236439,0
28151,-0.059226168670772995,-0.10985363780509941,0.04095290967621846,0.2677137098277742,-0.6181531426624772,11.830862329469547,0
49138,0.3415594734479631,-0.1791091508538055,-0.9487840855769527,0.2978660058140575,0.03141621283219198,2.713659459926547,0
12924,1.4967567859904742,0.46515399482691894,1.1934684285472081,0.221116456013394,-0.3814705130355826,49.510845654276714,0
86250,-0.5735140205204284,1.0665016591810415,-0.21115898007514328,0.6387392794771305,0.1701834391008173,71.25594856973817,0
47684,-0.5560200221581361,-0.5321615134814498,0.22734486471158466,0.13081827325510498,1.2439603680196283,11.21416876368514,0
20074,0.6244151389325242,0.9968162895388207,0.3275834721774964,0.25352148035261374,-1.05101794475283,44.884917220407935,0
4956,0.3306932266568553,0.3302480893350243,0.31593100782932415,-0.600522733980478,0.3070547362447543,58.65969236814392,0
46403,1.487379807016452,0.0987039684153378,-1.8859152729904813,-1.8549915148115586,0.8050207947578638,30.748788996596453,0
94006,-1.4414021873754232,0.10543390613686206,-0.1248559071075058,-0.9344404570202748,1.5340916219339673,13.30042329500564,0
6154,-1.835536811025906,-1.31649613930369,-0.12790190849850178,0.3768538849158118,0.011794419729435759,67.07485617017291,0
69678,-0.13479985209347917,0.497730109558992,0.7023857243546086,-0.5326813069143703,0.5825559601380931,89.96089781267632,0
2745,-1.6625245021360924,0.35623312286764025,-0.9651731048048171,2.3464493568647145,-0.5281982385575966,58.65849163258492,0
5656,1.2506586429382711,1.5065848461335742,-1.1433497317594268,-0.17027186285266901,0.8219488248257374,5.2766374970631125,0
71088,-3.5098837323595045,4.4082554809269086,0.5063891170239603,0.5613198913872208,-1.5441253314456942,4.946033661945551,1
64946,0.44839701652961467,1.7324850076956253,0.2399715905526778,-0.2463180796032679,0.5008115879431271,33.85660782388388,0
47202,0.9527596891941905,-0.9254552480990578,1.2696292205834045,1.3674295742611293,0.5109440912254752,4.923467179710379,0
48320,0.08673076130718821,-0.6498537937817882,-0.7461437035383703,-2.892739538444555,1.8036548118535072,22.83888432115991,0
41157,-0.4943056012863549,-0.024649069343663586,0.6391569570392404,-0.22387475118136693,0.8542611340236166,7.6900027754225535,0
12866,-0.43172068208941927,-0.5056883931084507,1.1685650420088254,-0.044779223554883764,-0.008383448029862973,110.46415120229457,0
25611,0.6401248756416215,0.8272248068737484,-0.9032637051054866,1.4605252934756352,-1.6731597716383022,57.1724463254645,0
11745,1.7616750951939784,-0.28720617978326923,-0.26456903260431874,-0.9881115768852436,0.8525321208849549,20.20530351400584,0
1828,0.04652846593370863,0.8805796708543511,-0.2526572157097547,-0.29286094960750525,-0.5064881748116418,1.115662396212134,0
85305,0.8784535729984396,0.8182266164596151,-0.551876051185797,-0.2668405418206366,-0.4258932421149047,3.444182867956367,0
98833,-0.7545313540145426,-0.409692876293349,0.20820510866883737,-0.14698542862172312,-0.22253288266768662,0.31015108309698314,0
41844,0.28063736678268697,0.5341144682972696,-0.8791639454365066,0.7102785391760771,0.008694620400793256,31.277822441201366,0
70984,0.5218483720258803,0.05486328715614163,-1.0947801900189507,-0.155469905003629,0.26575470338250445,30.38471718756196,0
39901,0.5944103539572518,-0.11584627234825322,-0.14088162250669609,-0.004165415825622835,-0.1935281905746374,0.5048896295247788,0
87893,-0.9430094039799051,-1.3547416592922763,-0.6921831005163138,0.08907337827973262,1.1747959349974584,9.232155381488958,0
5842,0.5614444608599518,-0.1961002821171336,0.5990917671149544,0.15101988632431063,0.20252799567364477,1.5855541943907827,0
6441,0.2382548333723474,0.5545285700218084,-0.8021954554031063,0.18850928443364504,-0.8891284998107913,54.26982392290495,0
79634,1.0078568974549134,-1.6099032013436871,1.63364099040358,0.03969764518158545,1.0311561801619373,34.80938595079946,0
34387,-0.5251585306982606,0.4707849743952435,0.5156628049375553,-0.8808023308628828,1.8476691021185552,29.221576118598264,0
82798,-0.3877617827065225,-1.4342155973569695,-0.47007371980795604,-0.973884186117414,-1.5458589697859781,79.54097836041615,0
46828,0.08860639072474857,-1.1464540161028787,-0.157513987790085,0.2951265528652911,0.6423631813711727,45.23866194801906,0
163,-0.22843192106635843,0.1774864154778142,-0.7987863651708964,-0.7643876978554843,0.6826383820923931,5.797618708386768,0
20932,1.677789754745502,0.1914561361499349,-0.7168080980752114,0.25871016055812696,1.4949790135541157,48.908105387595164,0
25945,-0.6383032414308838,-0.672181636173488,-2.0153048996367526,0.6827160809291423,-1.131478763875061,31.834585638603848,0
67172,0.2099726215246312,-0.8967843857224138,1.2854023401596286,-0.36893259097403047,0.1782854252936085,44.92747468663413,0
61929,-0.11153361619350736,-0.07877182941689992,-0.3486100788429641,0.006116067008443496,-0.40720763851718617,14.863215194438418,0
87955,0.29723427249751627,1.2724006274490574,-1.6223406408284906,-0.8837440084603321,-0.8456005269259774,18.765194369952113,0
67863,1.4057130510158269,-0.9199078445739007,-1.1960583674759722,1.1809594988541983,-0.5459452130644107,31.27531610066969,0
45838,-0.2825833831169834,-0.6736325764305153,-0.677085423451663,2.02444762756604,-1.353055931048948,8.768903543235089,0
32479,1.3963475039118443,1.1327021732161113,-0.8643077150294702,-0.254399569511165,0.6580514258052779,25.147776669135357,0
15523,0.8023674328958811,-0.49730722022471474,0.7419742028318573,0.10712978530625153,-2.002974088934801,44.945230971973935,0
76743,0.16450259004350581,0.9156646964840696,1.005998339632682,0.3015685285863645,-1.272620580982833,30.65800643803283,0
54040,-1.3244665638906121,-0.039523846164824177,0.03624572732326077,-0.009021880573374906,0.41571378683290666,2.0716148762113358,0
59182,1.3194217878148724,1.1573322956735501,-0.7932539146805512,0.13589436418687145,0.06841968078810651,5.967514249636929,0
46732,-0.5014694233584738,-1.536789513986315,0.9787061296547942,1.4708228726979409,-1.5560479688496316,39.53342975723864,0
43937,-0.8552661168447002,2.913726512736923,-1.9735653048567445,1.013604073320854,-0.2287900616334484,242.62847619772066,1
87163,-0.30275286996176626,-1.2783128203538188,-1.5290945669123341,-0.14958209466385114,0.04176899186092278,16.086001089330654,0
84381,-0.7639474022443523,-0.2489711584511615,-0.721082716712601,1.594472614737505,-0.16400291795464822,91.20022884316285,0
37711,0.3523521103140539,0.9053230960752856,0.14745924039754665,-0.8541342967824115,-1.4024364243992253,38.62261743511176,0
25169,-0.14913383106290795,1.6380555983709402,-0.12381534259560323,1.2825719892295757,0.28582767359033606,49.27579069577103,0
80742,0.8558933054052137,0.996186671095305,-0.3390693946152719,1.2435817205347903,0.7210491306557429,2.0042354623577907,0
84791,0.6528415343211572,0.16631650937512346,-0.18016619384139337,0.5283234565210635,-0.04232590964298583,86.65751567050782,0
23478,-1.154355895048134,-0.3235174434423892,0.7320172648970423,0.01062798306253543,0.21839255509289454,5.609747492704401,0
72692,0.7019377404766833,-1.0473358943365787,1.9190005553026819,-1.2667873797738771,0.15359833462117164,17.456698852171503,0
84388,-1.8166601035191046,-1.4053404471049296,-0.9736901794418419,-2.055972388692753,-1.478675137602298,61.123245365603765,0
65794,0.42554129427578086,-1.571395594482974,-1.4917216884536304,-0.0052987294202601525,-1.3814546015585398,72.69682452578881,0
79052,0.04984925184290562,-0.8430385264380745,2.1739111516855587,0.27405575613011496,0.5490626223333354,67.79994598574825,0
89339,1.8968891561650707,-0.45882107267510414,-0.413817636054196,-0.39226135702429976,0.08587785416985415,2.5974371557295006,0
2551,-0.1483471788078211,0.006638010381105304,0.4090293980124951,-0.12758950539970948,1.846137001828644,64.15787249398727,0
63671,-0.7164729010665846,0.6943448944071322,-0.3764495462407827,0.26649986727780756,-1.55609957693395,147.16353736586757,0
86497,-1.1726948896596399,1.5931210565100329,1.5377699538871124,-0.3452388257321558,0.03375115345803975,39.3820600902027,0
39062,2.4739587804167162,0.7411200128832625,-1.1430913688343682,-0.9807749201516472,1.350454021628495,3.7720515761961546,0
93762,-0.9863745920523426,1.003636878369115,0.12478226339264413,-1.602891765263958,-0.36468311697407846,153.63458234562006,0
52930,0.6120825008037826,0.05446036929644432,-0.01295434828290414,-1.1038404260171149,0.9107423536477182,33.24103924119852,0
73666,-0.030252661725420512,-0.7166839079360776,0.24617043036257155,-1.2643676561550858,-0.5267678056840817,6.385481087491485,0
59720,2.0976951890053264,1.0125637066960274,-0.1888923762694141,1.1577739301811867,0.7193692370702077,11.411849327172884,0
25426,-1.0697790431091505,0.7456735234735848,1.8587744285726526,1.0394249952586816,-0.27002187029742203,33.863861790165686,0
85751,-0.1560136594232553,0.4461557379622669,1.2510329684557555,-0.8809380152746713,-0.8909064044174912,109.58448458592436,0
89022,-0.141815297669161,2.1524861327973177,1.9680352393081826,-0.19215393550685142,0.30799607763084813,179.80268270906396,0
56570,-0.32489481464022496,0.7837769056550118,0.5427958505501123,0.20116558831151618,0.41571332369794867,0.816652925167032,0
23289,-0.0035057267586741823,0.7021929116496299,-0.1381804933322729,1.1908581096712736,-0.20068113121288503,1.649070104427652,0
9823,-0.41504460043763486,0.7181007888740206,1.5828800453236225,-0.4458557988331543,0.547750589298914,53.752255270501536,0
18037,-1.0021039246304306,-0.23260590298925776,-0.8053575966500807,-0.17196967150938822,-0.18434540412547085,187.51575017142093,0
66899,-1.4446591716832917,0.354826829520639,0.2563449776515816,0.08985575524256213,-0.8382753526450819,5.45698999879378,0
33893,0.37821216264389274,-0.9431462779775022,-0.14282304795941597,0.020369054946290686,1.1000499416430207,16.85307348132644,0
8125,0.2179711200386592,-1.0814078479612759,-0.41182859732470173,-0.39915305553104985,-0.3576258936813258,83.46656579470675,0
26512,-1.5005945871087527,0.2419691680554044,-0.5540843202239443,-1.2962562680762364,-0.19160546307250215,16.941929079601422,0
3321,-1.2429333469105683,0.02737247869320873,0.12160681456946391,-0.8777288488418113,0.16510210881530182,83.32808389512327,0
60948,0.7690926629557497,1.551122589466414,0.44214367920896724,-0.03910403619223957,-1.6903489237650033,60.953245369101005,0
55731,0.9289250606418465,-0.71005905662051,-0.1833849837729115,-1.5431168548111496,-3.0755827889194802,67.73889151840154,0
90327,1.2348790173863373,0.9244908185733717,0.4306701193507018,-0.3627357681889285,0.3419615133919022,27.012273932976782,0
5776,2.6537248753663505,0.20078517039165847,0.6758664079374624,0.4488544539083109,1.323637277036939,17.902817713168634,0
89930,0.05769722216578412,1.8389065643095044,0.16924826174266294,-0.01724628831099586,-0.20163104021858924,231.9482619614794,0
96671,-1.5268622131735525,1.4111011059501963,-1.8814579945050214,-0.23140878283930233,0.09249475254132111,94.72266269381811,1
98876,-1.4061161810597387,0.34329769092415446,2.1470984705430554,-1.0645926704425632,-0.26239668898122903,13.737964519882679,0
45236,0.6212544539551925,-1.4803803873256582,0.8127356647019062,0.5140596808729196,-2.066394256723884,31.56207996288356,0
30075,-0.5574638394869458,-1.7159520497854737,-2.148926414607944,1.0489732731980228,0.21894148789787038,83.8545652379918,1
8392,-1.0902350801857508,-1.955255159091572,-0.3895943705336476,-1.032549035304391,-1.7175376875008876,114.09952473304837,0
23952,0.39696829132504247,-1.8536912317696805,-1.4949782387626431,0.3917924109737341,-1.5330131113204595,96.34444003408663,0
49733,2.2432439632303542,-0.46857970955031664,-0.24448627059796935,-0.34461394751966035,-0.45387571678033206,22.891147020281412,0
27208,0.9618064725106198,-0.47876251908483464,-1.8902046566489292,0.9239322440179008,-1.4656213038647719,123.31314909719752,0
44363,2.151102720289829,1.2698139338097467,0.0037324092913725926,-0.17477313011859127,0.2718884270448498,7.013769175005466,0
3430,-0.9371511578343226,-0.289944066366679,-1.4727608328976456,1.7896306966397193,-1.5067562989606322,20.998210401133296,0
13565,-2.4352655719912657,0.6601315794508399,-1.96725566380081,-0.0565701386731725,0.7452391378616683,28.641300011035227,0
55658,-1.0221362438736228,-0.4038989108644139,-0.9026286254062197,0.3941149744146093,0.264457777444623,18.97328830616646,0
73165,-0.7945458080713664,0.13373192659534713,2.257907698801984,1.2228454900629753,-0.21704342628394177,5.683668182306739,0
51971,0.04379164786310843,0.21996209981516307,-0.8621634159040397,-0.03659142513378376,-0.8618577819295807,15.168312542013224,0
24858,0.22495084443915328,0.28245048926523897,0.6770887603403851,-1.0032894910956942,-0.7255704816476649,2.6847616402905343,0
98932,-0.12666088153077432,-0.6366176209441123,0.22882935917896907,0.9069393196997899,0.9788058372819639,19.32256362120477,0
7896,-0.7163479391359003,-0.5639164696142108,1.1599622074410596,0.0682535683050613,1.239408572285255,29.270934617233934,0
70587,0.43145995772721546,-1.6701781924162264,0.08089442498171512,-0.13974541446749617,0.09835848413707479,7.927198310638528,0
16901,2.601770471320802,0.5326311343770632,-0.6270165247163441,-0.7167444098096838,0.14729806846584706,99.56840161732603,0
67468,0.6207117531051783,0.9867984350370388,1.4545288689773865,-1.2207799321756712,-0.07143298874365092,133.2844619624175,0
15577,-0.36148220557752314,0.04098432823524924,-0.11381055231939148,-0.5484630639094585,1.0453672883098615,187.44533776833782,0
11738,0.14581809802128917,0.6948161429230939,0.8121907476688637,0.5738875295691603,-1.00432952941944,55.891004087829586,0
956,0.13904147711338619,-2.730117814770566,-1.3186850609261938,0.8771010025259578,-1.5002230625315673,20.459830423318632,0
29961,-2.379814282430362,-1.0454545078799107,-0.125315891445358,1.517303978255719,0.6982788277970271,2.24185913137669,0
5713,2.105161380972418,0.1470085865535555,-0.4956604139187791,0.5046132023196631,0.05523249851304364,27.885944142798053,0
24442,2.2182669931208663,-0.06108352877975474,-0.4865312708925418,1.680820167294172,-1.034818156592341,56.82608340109486,0
24335,-1.0142150087968282,0.2078824286333278,0.7433982336448763,-0.42993201418066335,0.004732485632645278,53.03374343245907,0
1014,1.9937020681487547,-0.67815904304702,-0.7481294701478486,1.2738053552809596,-0.9809893742196066,20.275843331122868,0
26657,-0.3843252268587723,-0.3722185096467923,0.9691829873622679,0.9692227991928256,0.5746322853722492,0.5386559961795686,0
75060,0.06889361672285461,1.232409097246681,0.8612234150998442,-0.08903002503300356,1.0297834219780846,1.211881900462518,0
30111,-0.46654844620499125,0.037676204708587735,-0.6644311950343323,0.20118536939744028,1.3354518817955243,81.7683617150949,0
68027,-3.3475505964875936,-0.7440398410318515,1.1015546500565505,-0.10552935873192433,-0.38787583832958633,16.537554628434194,0
42874,0.007349575464749858,2.1974837210545815,1.014847728147081,-0.07482344641216339,0.3847971135036549,67.66760571219642,0
18711,0.030675176070709104,-0.6982222323384965,1.0922907020247334,0.25218865829243337,0.09100439554275078,17.227502670192948,0
53744,-0.6530305754580548,0.9907995001253634,-0.6113656473643301,1.1998553355219186,-1.316981008796495,9.605565292785414,0
12688,-1.5793656993630016,-0.8417729076788759,-0.13964364124158132,0.6842044071306663,0.020468180008705164,113.82923547395158,0
87178,-0.08138569428412104,-0.0713906357151618,-0.6496488659795991,0.5837501436630098,-0.8337603463990415,10.651814139098732,0
22005,1.1274543671225496,-0.1483321063012,-1.0336988128072997,-0.8779130836102628,-1.7867596168626982,3.4356466119209013,0
47857,-1.3761670164179343,-0.6886588709738297,0.1224751610484041,-1.4530946045618658,-0.5233075666240563,107.20924021142207,0
89912,-0.7620415273876496,-0.4417467234969245,1.807419379422577,0.4340122162887452,1.4698256189245404,69.46888532959782,0
35046,0.8469255812126805,-1.1422402519844435,-0.3285867802985206,-0.3763910047715011,0.8246977875947181,59.367279148855175,0
74065,-1.1412362168447279,1.3597184561448057,-0.8434854962770777,0.09365887721495852,-0.6065355006629567,53.868588992838205,0
42944,0.0877150093177639,-0.6971683148162352,-0.5011735332008286,0.46399912904985174,1.1804903685806785,26.093531238687305,0
117,0.15359913525416638,-0.12485241842666885,0.102208999741308,1.4356482854186674,-0.9377966243554279,88.14072362234401,0
62946,-0.17797974883261283,-0.22487537795256549,1.4324072576377531,-2.1025422048530134,-0.7220111875796321,8.200371512553223,0
24472,0.7526385344792369,-0.31967310745946675,0.10528354744163662,-0.1887478325133724,0.07964030997635009,217.52673142104624,0
74601,1.4835632416259588,0.2567472610395303,0.0377482591988032,-0.07026903417667048,0.1037542328834521,20.95291003485983,0
94754,0.3261588639157633,-1.0176392518337791,0.8470195771454558,-1.1105712151738012,-0.362456326852827,98.21565444812256,0
37487,0.7231929760287334,-0.049079204226818746,0.6251956600097754,1.8535430119918523,-1.161192403934154,20.092191077925957,0
1252,0.08978496441913161,-1.197597137779373,0.35441226171086265,-1.1488930680601896,-1.3690413393043028,17.536354626184046,0
40397,-0.30867740967478285,-1.4559149194658056,0.43455954691339777,-0.31494351049356656,0.49390390383342625,27.656293405821806,0
22443,0.4699735403318847,1.4595381748779412,-1.2944235058983073,0.04298489309235521,-1.1376270203081071,89.88630040848028,0
79747,-1.7717299651156453,-0.0994724027795285,-0.2802174123142433,-1.9648295325117544,-0.06897176269235558,31.24541338296626,0
81926,-0.053126138754456785,-0.6072104429957799,-0.9775356934974807,-0.45534403524485295,-1.2388682825738393,50.82488064474814,0
55668,-0.4003377182727271,-1.4260393293170577,1.7651609012393776,-0.31660298832124273,0.9936367078761418,31.66637906073686,0
51875,-0.05894653351895392,0.38581270320864025,-0.8185447897918054,-0.3350682719276897,-0.5409830352772186,100.12216439801867,0
24596,2.025091083491953,1.7572742170721443,0.04618260219027473,1.3625768604220636,0.8662652183210665,143.220101145545,0
99942,0.9583919516171138,-1.3789165487173327,0.9604844122940904,-0.9073798555877602,0.33202460207993795,13.506548298580014,0
4426,1.2459138486184576,-0.1936273596236468,-0.3451151409295554,1.3653527245967476,0.5771412491448318,10.749297510917193,0
58653,2.9170327712086563,1.3577845520580714,0.3199316921378321,2.5261794491448644,-0.24595705136739915,15.381745432363306,0
7368,-0.3608064938391779,-0.9552154704962744,-0.34390849218098485,-0.7348166194464202,-0.4875726982440375,68.40263564285861,0
43753,0.14849780662791137,-2.0205935003323385,0.5096838407462164,-0.6187141946497247,-0.8834108082030604,6.71335415390899,0
49726,0.5925337195872442,-0.22544312741700015,-1.0745147516033553,0.0927013683015591,-0.5486904097999161,55.11112589061934,0
99713,-2.197913445574011,0.5216746491717466,-0.13212487511416424,-0.27618378676115973,-0.9195341844877959,28.828564838544906,0
77219,0.21988363049347096,-1.9836314728963822,1.3595481664914555,0.2917802210326831,0.16373562008086287,5.517553877433996,0
47093,-1.9357723308396255,-0.12100720324288335,1.4422966481699737,-0.4839833918632709,1.5285596938419483,92.43379608256194,0
48190,0.723348218864005,-2.080187972641872,-1.3759751853157975,-1.1393479741684913,-1.1981699610137444,10.395656616596675,0
79623,-1.5330126672577307,0.23321456024834725,0.8399921663703858,0.442268522359608,-0.7351691432628261,24.40727168001427,0
82190,0.23847015891454734,0.974609111422171,0.4557276144960468,0.2642742314819092,0.9920325163111163,73.07016166744829,0
61681,-1.6215100915888327,0.4274382280833858,-0.942013330118567,0.9454923287114765,-0.526167248591328,32.15205269135781,0
23150,0.31238724341164475,-0.3626619713560788,1.4116720638553426,1.065579444485567,-0.21364024682623683,64.37300876406098,0
46037,0.3714010859322353,0.725740075270287,1.4409914934980286,-1.5718854266391313,0.9546974950386221,40.44142657643495,0
79751,-0.7754155363065609,-0.10190237177542805,2.123990440317852,1.4580753950410612,0.09195528662964923,19.514926511490266,0
94294,-1.2938173650678928,-0.7634876247136259,0.7690683973394554,-1.2924797975909885,0.46040522079284696,42.87662442969724,0
43326,-1.3328079788234986,-0.3910497259790923,-0.2791394381123184,-0.1443387265198116,-0.07285490640904918,148.45849090365854,0
52393,-0.14736013475628804,-1.4818523031090187,1.8210197732551878,-0.49195959547484264,0.42757594692030054,49.099289432611755,0
91703,-0.9806629122300344,0.564301351141907,-0.906252341483306,-2.0315773243111184,0.7218569916101722,27.853291154740617,0
92108,0.051992032174644494,0.20136082868448554,-0.6674296206734219,0.72661921405323,0.1343635064545121,101.87648602969111,0
95667,-1.2073794021077044,1.4189040694751835,-0.3589550393492094,0.17440874856108765,1.1862035697100186,96.5888227953292,0
47118,1.4952144978685697,-0.6966096841922437,-0.2614990216374043,-0.354833148355583,-0.8495568484108184,94.96201427597035,0
48515,1.3909948052043724,0.18977761392638479,-1.0681342320041944,-0.1984029863845394,-1.2389113624205548,85.57304213671698,0
61246,0.30722104429568986,0.9589501074502397,1.3077227069761872,1.06423381438391,0.29236152157836404,66.80524243554146,0
88920,-0.76367463600217,0.04769947087362862,-0.45888347590577067,1.1114422463806588,-0.31675107498529675,39.53539425761557,0
74319,0.2696677889872804,0.08312581787924939,0.9075070629706259,1.025641096646287,0.2601790756231082,70.5687604450796,0
55771,-1.9812436205537804,-0.9011549513389546,-1.219735606326348,0.5269462190343199,-0.8503223648181184,117.29722948735801,0
28982,-1.3355690197014451,0.7984770104452468,-0.6556053068461208,0.5187344358764837,0.9845706916384246,17.947223716893294,0
63043,-1.1822464019884,-1.9175646190215117,-0.7207662465484796,-0.4553004100299999,0.5993336857696194,19.252943905249467,0
9435,0.29969555555109145,2.036347514656217,-2.9982071584904135,1.2262804134177054,-2.4330531485066085,6.197901028445115,0
32217,1.0099554967070807,-2.5570382983204483,1.522696973515837,-1.5927664939774977,0.026110352955185868,69.55070145337542,0
57505,-1.1094755448397435,0.8731556045083784,0.14471957467845872,0.03318104121039646,-2.00717602239727,35.931067056201,0
19702,-0.34554274141749064,1.3847875073682903,-0.11943788263706824,0.5890860749745981,-0.7370920348291283,10.406810643089422,0
21834,0.15773520761168094,0.06548485945721165,-0.8186210871641832,-0.5966192987962037,-0.21908699821172264,52.4210024943048,0
97406,1.075201203147957,0.9891599298901148,-2.86152776074225,2.111351866993312,-1.5615381830522463,165.4867372259187,1
82522,-0.2419196587371638,0.5338200702519021,2.6718858734933053,-0.5198068281517645,-0.9177043381891433,42.27583991876923,0
14716,1.086308754436352,-0.5760059204952394,-0.6181175191584042,2.069088945024369,0.443420050686932,16.527899188770252,0
69615,1.973898578442583,-1.5489796616692089,-0.014500928811820791,0.06350937596691547,-0.9638894050535666,14.408024648555154,0
30949,0.001467371442110529,-1.0140883331826094,-0.09138355732989936,0.6660064141059328,-0.77362792784181,2.9414873934559167,0
64732,1.6005625073699596,-0.7494624633831906,-0.05447091709771166,1.072406086496827,0.006307799517029778,79.24007895636169,0
42240,-1.6867577654495531,0.931730050970849,-0.7592426819265239,-0.3677070840365687,-0.31963955050876364,35.77923359336209,0
80719,0.21356119968924533,-0.19238926433841047,-0.20992298972844026,-0.02156211788870044,0.18739861499375737,37.95065087010504,0
87410,1.9731048680819048,1.1885010140347059,2.1153432191621837,0.17587726191913447,0.8967305626758713,126.72043585554833,0
10651,-0.334089207095231,-1.2634846050611068,0.6096077271513874,0.8854932673920671,-0.09935629332733534,26.917115327734543,0
24504,0.646668746583331,-0.9396853161813035,0.13851058301773517,0.11236153574385471,1.3362840635003845,51.291955951901315,0
46881,-0.49079202562160607,-0.5364541150229348,0.2907958072297566,0.5043991965754544,-1.7284872051617686,59.649827862105866,0
99983,-1.5388892570785884,0.5292100439110343,-2.3905578050202423,0.5917426543810811,0.08211487080059691,51.56108794468862,0
31174,-0.0421505316814678,0.9374027104720325,0.3621361125491255,-1.9132745175965902,-0.5164084876280468,14.106116957404364,0
62491,-1.1813549645828454,-0.11258146453394723,-0.8187800660743506,-1.0718789908293715,-0.42853544773877383,2.155839015020569,0
64644,-1.1314056101350374,-0.9612704991504749,2.244058511936747,-2.436790291731916,-0.6162628156884995,42.853169423962356,0
91747,-1.378374472320688,-0.7035239816671137,0.2819842426944233,0.7344634653250866,1.8825953030555844,0.5434974021507358,0
27605,0.24438312719718072,1.3471592934086047,-0.47499368715749835,-0.8778463780197555,0.6846711770762893,10.679205237388773,0
15997,0.7147435391677069,1.7381467583261392,2.739682135421516,-0.49156005615057613,-1.9777174890085756,1.7896108724618343,0
9528,-1.307955749963377,1.3168798384684821,-0.8927682428617922,0.4267569903650957,0.5257158894638888,31.810089422309275,0
6737,-0.8955045203086053,-1.2260675264464345,-0.25688522910376554,-1.5408557889491703,-1.4029155224949645,23.66476652788393,0
18919,-0.6961984723041789,-0.060576940251455685,0.5910505791592214,-0.25983722000107284,0.20710241370015867,46.53206559001619,0
47055,0.24594371883183785,-0.03358497517999565,0.8552942132023134,0.575197065651539,0.21967713057641944,26.31241279700745,0
77866,1.0663518911952374,0.4328185412653227,1.6566137147072568,0.849340904059049,0.43093034935080293,49.71513813887149,0
20131,-0.5895071723046144,-0.26164355290069913,-0.5814616429655602,-0.45741878451602247,-0.11465539206411643,2.6682507950770726,0
39063,0.305248659617571,-0.5336812998656861,-2.425189153677281,-1.2517653866139233,-0.9080798884193191,159.5531520471371,0
97007,-0.4168852800525142,-0.9324969863289585,-0.5707074527238175,-0.6422684913108627,-0.45978281176458946,100.53367838174587,0
35098,1.4232919484238338,-0.2189222734120121,-0.031190836306037924,0.2943192490353658,0.3595000071326568,1.1226502847869675,0
56882,0.5403840477736647,-1.1766874215550533,-2.2955650441516853,-0.36315047393556793,-0.01330399380962096,81.97059449480867,0
99157,-0.7103324902148916,-0.6968660144532531,-0.8139486218500639,-0.18168286100819983,-0.3420055915646587,21.162395363326137,0
35222,-1.1351045212157118,-0.6758008534284953,0.8133559522149549,0.9875130504844618,-0.5384475952467263,87.26736769711309,0
47832,0.6084796813064874,1.183535444768603,0.19480989797762438,-0.7809151470980623,1.004668483096575,113.52843163810815,0
70017,-0.9257846592636215,0.6507397040931587,-0.10729900430378937,0.644290593102461,0.850018124094554,39.14707890872705,0
32201,-0.7689416248939225,1.2130147200800059,-0.13859424920308436,0.9304824509235254,-0.10530909933414562,32.555020331688794,0
55961,-0.2403008051482479,-1.1439335705975266,0.9251642928846124,0.20656661250494676,1.6096875766843193,2.4173399626215963,0
29975,-0.3319944588800761,-0.28196448842920624,-1.6122337991099362,0.21951561616268533,0.8931291412783857,9.212886809469957,0
86213,1.1961046355079166,-0.9981006602355318,-0.5313177112619316,0.024825354160865475,-1.098839801543903,18.514760365294162,0
94071,-0.12443078414381013,0.3369938400965603,-0.6936967170887008,-0.36772394057126495,-0.4024408328434304,72.09370327744139,0
97659,-0.05118484564042785,-0.7602045787553829,1.0088153550438954,-0.1794125499929276,0.9011798655114219,40.371060244306136,0
26660,0.3748480783328206,0.6087368960918721,0.1644181871250766,1.6588500470173637,-0.8283615754758799,126.62248720822467,0
12855,-0.2367610667849929,-1.8854421728240518,-2.2193403249533223,-0.39432125908374105,-1.3019864421944305,2.6724565507223534,0
19190,-1.9080479405695796,0.056687477298438156,-1.7488212394787468,0.43905866087037315,-0.43298875638731427,64.47622360550427,0
43596,-1.2290028604944465,1.4139851569978024,-1.2900524924491579,1.2914241192577505,1.2667745177402898,60.44911679935314,0
43088,0.5958974585203659,-0.8051978857221099,-0.15936209930464576,0.8207551108636598,0.9196073816291506,0.6490682142417693,0
76700,-0.433459566126541,4.218455071868416,-1.0303186700045315,1.2113170294255442,-4.029159245316036,48.703900725239194,1
80073,0.8475803182091776,0.8640580536141788,-0.16018356623500876,-0.23683308888415008,0.21172460572426072,2.7136176272557684,0
47057,-1.0293626899886377,1.3020030937586895,-2.463886694684311,-2.181732230301142,-0.3842452758373768,57.370248047861594,0
50979,-0.6619364087633757,1.097662811596601,-0.11389685872120985,-0.7044089148943471,-0.1851310330903592,70.01471633450079,0
53312,1.629588617431935,-0.3137418348982358,1.241970764915101,-0.1412873120899389,-0.5728905225453151,65.02038988286688,0
83310,-0.7201426001603074,-2.1956724413257467,0.7796765159428879,0.2950628637323551,0.43798542235555277,14.22646193108916,0
7561,0.3681850364120082,-0.0960912191687334,-0.8669840205875055,0.42293443184520274,-0.3383721827842851,53.662173490006815,0
91794,1.2920536322271228,-0.8996776822830035,-1.069785702078506,0.33671603096806324,-0.35927411336406795,45.21969331851856,0
15193,-1.568881293023388,-0.2369591399441459,-0.03538879411054802,0.9273001922371351,-1.4861949214189885,83.10479912661583,0
83524,1.4696805972037168,-0.1817093920268027,0.37740758388993767,-1.3061207588647534,-0.03880283825484976,26.73381245644393,0
49153,-1.2959800206477685,1.1787397760052507,-0.45278495163698707,0.042885599224399995,2.526082952921034,21.90953659796779,0
24532,-0.8712458118145106,-0.34475201767868985,1.2586333405031742,2.715897453045435,-0.014918905806915435,65.59256725311194,0
26790,-1.8914238918499067,0.187574793190974,0.5076500985507231,-2.000993165165428,0.9961663543986442,1.453546083980355,0
58576,0.9061821573482992,0.27235248759196323,-1.648057003398717,-0.7107854986014653,0.5337580112475122,41.57382682724594,0
84076,-0.377854888784894,0.219238917490338,-1.21329195605392,1.7130392830837224,0.6728576876858687,168.69936262375717,0
62438,0.6968089911603528,-1.3296826073926284,-1.6983798596450652,-0.3567479912378774,1.3013899158248632,76.03978863268138,0
45004,1.3784902221527295,0.0317487576237926,2.1460426806736215,-1.1048062588469574,-0.44433233899856467,43.77030674777809,0
78040,1.3478575872624903,-0.5009405371965816,-0.657796769596215,-1.5340901699509348,0.3279470574077679,95.96309883097615,0
19710,-0.028257753298239353,1.239733307978622,1.5716207904882062,0.2812873442405197,0.010169608368134773,27.016865723644738,0
49879,-0.3119864840703217,-0.7681413934931884,-1.1913603509163007,-0.6595764912554101,-1.3112017993118033,54.15656775254085,0
2597,-0.22856539112620938,-0.22832189135444766,-0.7557760029620287,0.37129800456814344,0.1578450733039087,18.43391496117978,0
60128,-1.6692905299444687,0.12459075794206703,0.4521693765582542,2.6369468365793396,0.5758303674909726,180.67997183712342,0
94840,0.8050837886620336,-1.091749429224336,-0.3202756618312719,-0.7039779925102085,-1.493549218063549,112.56968633491735,0
68916,-0.8280271791876589,0.1396621276864955,-0.590297885171597,0.13411958811364608,0.20508375236758045,70.62187429746099,0
56958,-0.5549993881142102,1.2004904567737311,-1.2397101999703488,-0.004951273461915913,0.9421054703690607,2.577456346178432,0
10382,1.2713334395850988,-1.3258700887244808,0.47902687132962074,-1.1591821060307181,0.6836678612285583,3.4827588017624223,0
11590,0.42663069004219983,-1.8159319960198228,-0.8221001888480155,1.7754419096780154,1.7151111167020967,5.48847638257558,0
5845,-1.6917018225949945,0.10567472528083996,-0.9533234567365458,0.16682557146429558,-0.9081119652408802,145.13254582735075,0
73963,0.17538612453994687,-1.349643734862504,2.7223109325816255,0.9308848716851502,0.6821236353829301,7.732291877534686,0
35195,0.9802629527216836,-0.5456589932114322,-0.018306624706789416,1.6147683168437459,0.4236162120725045,43.09388627103656,0
63704,-2.6756846490362367,0.8148741178747696,-1.2454902051189494,-1.2281537044314965,0.6198340388780935,139.90023296755268,0
7295,0.923777852643977,0.2145789262421487,1.4003058073742787,-0.9477365783678169,0.4300855996754318,49.60721038548122,0
90827,0.5016396822608584,1.6178267235679804,-0.8774020159860154,-1.0638845635013556,0.5949099580142957,59.72856590439909,0
58005,-0.05755147023815961,-0.9855878206715561,-0.07341422739246924,-0.65525128961049,0.7624667851941349,30.602753895849073,0
16923,-0.35549166291420126,0.3710312159860168,2.0765591822949307,-0.18995432395683556,0.38174168121180896,71.45270456607442,0
37804,-0.2681227090178478,0.43373239402801883,-0.19950520536929126,-1.3878774628873716,1.2296290791230549,37.43380051214098,0
74520,-1.1892239849123798,0.1417047166539316,0.31261712346775994,2.693577202426576,0.12466362266745842,15.853319620153947,0
84386,0.09947095810915063,0.06725995952489733,-0.8760028902037027,0.39277819273203196,0.6008946882910976,93.22929970591488,0
45587,-0.032990302827250004,0.41334628868820267,0.28626701517894115,-0.2775250111399096,0.2190833153632252,137.3946089939274,0
23398,-1.5417679247047975,-0.5783871217234395,0.16999604147217434,0.19741484183300131,0.2631878332342004,26.443670781082584,0
63740,-1.0314745439107442,-0.6681645907735275,0.6052510586909339,-1.3599004552293816,0.28485476250314923,84.62896376585955,0
62551,-1.0393716059309797,-1.3317689903878926,0.7328592825468382,-0.8405606690608852,0.4845010694048341,4.1283147943068785,0
89045,0.37994955767279925,-0.035295917188680345,-1.8001838537040453,1.2392553294634996,-0.85686661973263,20.419397528551702,0
45232,1.1363427959118493,-0.37491967205057475,-0.8479103127088908,-0.3201319621112302,0.26182293450421334,54.53402563697583,0
68336,-0.7009246321685271,0.7601208090554414,1.5299979810812656,-0.03464218925122146,-1.179733234843473,8.702758499483862,0
67506,-0.9057893786017872,-0.014375613119645837,0.5463388555557811,0.9149506585392493,-0.9349799500236788,148.77753202898802,0
63888,-0.8564566522457612,-0.7713972154433943,1.8614602246792642,0.9928510818422681,0.37274147013513687,33.03381414942359,0
4967,0.5206047181610041,1.3679694020252005,-0.8460417197294041,1.1868160234220506,0.5265166670862197,10.660666662369875,0
42557,-1.7290991774320505,-1.3367758782752475,0.43053789319813046,-0.8836169076746739,2.033800049569428,12.995269560208722,0
5410,-0.20449965876983628,-1.7551658799899803,1.1508019570579198,0.42992384669979705,0.7490471544836241,118.09382522213826,0
62260,0.23788077019964818,-0.20049376535647676,1.0659934359656962,0.1570248172347892,-1.352755603715716,58.284581496212304,0
26049,-1.4296146739194613,0.6159550890440554,0.09511996898559305,0.2580032430071763,-0.24858630954392225,81.26136784533081,0
61944,1.9923656638459448,-0.07079242518472023,-1.6054336663358353,1.1246654557934046,-0.4569280928635677,20.57610159140955,0
1898,-1.2830719897303882,-0.15572252146734258,1.0738418279516018,-0.008316163020389464,0.5091542966139893,52.138040797628314,0
36027,1.2424093078962049,-1.1247465308643787,0.34311527970609357,1.1266515630387623,-1.0892184984396958,80.95268805275634,0
33204,-0.9945592463314714,0.8450430673104926,0.49901369211312363,-0.4302353353392509,-1.5713425742226215,15.544798468944299,0
23821,0.18848638076042115,-0.3103239158053969,0.061097635289098715,0.8791921864265351,-0.13244690144658802,10.843058312969116,0
66677,-0.6314116367541304,0.48761536727790644,0.6571982828397226,-1.0527071727028394,0.36005534926138993,11.8035993461767,0
87697,0.4580155514898559,0.5210397575671122,-0.24308016897727405,-0.38677519729828513,0.6962359342271458,32.923396731341995,0
4263,-1.1264276888827558,1.0838206418312581,0.13882475714133868,0.6511871189027237,0.2057146516356898,3.8097263919445443,0
89900,-0.0856033323127354,0.8866387211137388,-0.4577461969889728,0.6618896035170411,-1.198627125914292,11.588525047167867,0
9283,0.16761698552937818,-0.8668585821680357,-0.4764778411540553,1.3337513154370604,-0.4336671990856061,3.081126794081224,0
50139,-0.7584976535731471,1.4902968916692982,1.0799328830008623,0.25068857787254956,-0.6481238211901524,6.981381884970999,0
45475,1.696791098740288,-0.28967445509489786,-0.5690853304803436,1.2627276942025538,0.292640995260964,83.07343992442352,0
25991,-0.6522665031033145,1.1414234246983592,1.3547467456518398,-0.9875565970922491,1.7407801168149106,9.828164980241954,0
13057,-0.1982747167143214,-0.2856085173890448,-0.025213046997475976,0.14186329820713017,-0.9253356713630755,41.47551195076277,0
72355,1.4917821634240598,2.0515034709238975,-0.2910193172430512,1.1648866285390431,0.193670571880911,0.011353199766673677,0
34911,1.3420227509932474,-0.0694340684793298,0.03923805481997368,-2.1160411163320956,1.1241323862320856,26.651219939284985,0
41606,-0.09662953619667236,1.1111924114542773,-1.1300003760924564,-0.13005613643714392,0.04325524019173205,12.273765431517148,0
93008,-0.3885160223564554,1.1017396495445941,-0.8419765290621017,0.39082921819937216,0.6124842102978152,24.27504071358549,0
13230,-0.5350330846915701,-1.7159390725522328,1.126909684703219,-0.7290839473887177,-2.6702775464381614,40.951016507921054,0
9587,0.13178915821133652,0.6428079888429726,2.011756445879286,0.6637084935342772,1.483637707550334,64.94400171862972,0
42107,0.08270000363857032,0.8758373287657037,-1.8573189505197714,1.9712825395142675,-0.7251439304823433,4.447215984366045,0
64929,-0.31997652935102444,0.3827396187084526,-0.4545289723907412,-1.301748121911409,1.2540354493151413,33.29349595318489,0
49145,0.8912902117888275,1.5062332353968872,-0.2544568596749418,0.21470704475376143,0.3712918813182067,25.05948449274814,0
6971,0.38580277512469857,-0.29005178328421694,-0.31472630753852054,-0.9891447318069879,1.9137125920066507,15.409787154150283,0
48651,-0.18553050234646426,1.461242227246194,1.1651235834075448,-0.4034077620695098,-0.646323096593717,48.798377782835345,0
61120,-0.6643822914959687,-1.4515181184283728,-1.0638849116799036,-0.5860533644959968,-1.2002493311700966,19.345997580578913,0
71295,-1.5060888450601755,1.5925978553403537,0.32637832261954636,-0.606222548585636,0.32371015180045104,13.231230349408833,0
9503,0.16221291724622397,-0.22905672214168965,-0.3807958538356352,0.554765789092328,-1.1250676563693243,103.44606749735141,0
34701,0.597303366831519,0.5903198457071825,-0.0049014769304754294,-0.23862479721825064,-1.5570455318768548,17.25928659983607,0
84082,-0.6739476617634077,-1.3560122715994256,-0.4639180403218601,1.035828783971802,-0.4661552011202327,84.57183384991586,0
869,0.34301196021346014,0.006266239915073867,-0.45999075209164175,0.9939840905447994,-0.6977254156206265,0.7483789978357517,0
36187,2.0863754175513516,0.4715840546290202,-0.8298567681375087,-0.797860568861729,-2.0569961393503458,2.5866049851739885,0
12857,0.10798551668603056,2.1146001779083368,-0.8248395207257326,1.382330080304381,-1.1918477702187842,134.8308223448412,0
70971,-0.7806543998559737,0.48205072830031004,-1.146614981730292,-0.08005905988050957,0.5818994401832946,121.63937978716059,0
20022,-0.9981039109477717,0.7676277622673545,1.1711618481218093,-0.32805067272293886,0.023578312087920012,110.88467346008841,0
19738,-0.48495442679826284,1.7317583831803514,-0.28353987807492004,-1.0756082476060034,-0.477206022184578,79.90815151086437,0
62812,-0.40467511819418844,-0.2728833027596277,-0.6934630283464318,-0.5078870743602614,0.09874246858326963,95.37103339422808,0
51184,-0.9106425200879945,0.09900162758932099,-0.3455671193606471,-0.7495137717600987,-0.6568958964969668,17.826432945840843,0
10503,0.7091371455113367,-0.6518236786645775,0.31397575048414034,-0.9260720276904779,0.21590907401445647,29.263090648417496,0
3849,-0.5915158696705674,-1.2818521573795725,-0.3894901037506373,-0.5602833661721806,0.6295666324698411,1.6674924847447963,0
3343,-0.4297759261530207,0.5666249492410705,0.01781292268083246,1.0194699250294874,1.4681062680661983,58.7297321075241,0
44638,0.9661713059476548,0.16118492225185851,-0.5710793027684546,0.025649549189097978,0.9084127908081175,11.04457859756723,0
12297,-0.8952171441525554,1.2293691835821718,1.656642406436628,-1.2038584213928043,-2.088554252663557,43.402242003886684,0
61035,1.375459677668053,0.08091522552712062,1.1451880569815647,0.19446121588376344,-0.6407449785914296,79.37022012497475,0
81486,-1.220847814062526,-0.6826060722180601,-0.30753037871179045,0.4952905553873956,0.5232109973995908,26.62895875896607,0
17073,0.3082213115839804,1.2231129450683034,-0.3960059346683209,-0.48323044995338793,-0.5497413711585165,1.486862227897426,0
22736,0.6061518715353611,-1.0005526347347284,0.6335889411275479,0.40153732790927343,0.4433971796072925,0.02008123328649248,0
57932,0.1714097959035053,-0.10226574498399026,-0.13520951313015353,-0.5448788841737326,0.32241185540952305,127.94085204151129,0
30106,-1.2671015614018384,1.450575700819326,0.23819751895098848,1.0701904616417472,-1.2898171337260176,9.393249302272167,0
81437,-0.18675106650068315,-0.2955162932555183,0.3994491421961073,0.33553565409693775,0.9979033696763773,10.981423196946427,0
19873,-1.1087815794105107,-1.3898470660572526,-0.6906878558432369,1.3552361767718226,0.7451974635759,43.347826472028494,0
20878,0.05267220981521858,-0.19823793965256276,1.5310812266172202,-1.3796822591261741,-0.22992020933693333,18.542106800551966,0
62368,0.8878988189337149,0.6057587975500438,2.21774535654848,0.1973595851589234,-0.22652779356340422,92.40509767863398,0
94426,1.2878307886750573,1.560552959916954,1.3103823016194398,-0.46362783997579016,1.1223241831999562,149.99826688249271,0
95040,0.3351754841006962,1.0303287322501544,-1.331934917425371,1.0705335735578865,-0.19529340781933383,29.599267649035394,0
49840,0.20788037677769067,0.09136775910665185,-0.7201020157788871,1.4909311159920509,-1.8421218154757273,25.56735766802837,0
7345,2.46075292870838,0.024021027749844527,-1.2333694817101266,-0.2695896389417261,0.7948308137922806,0.3692515984712801,0
12297,0.8705355430382522,0.6290379839581703,0.574130050867025,-1.3819808987131919,-0.6990268077477451,20.33944949716506,0
46760,-0.5021957917238288,1.1827590192195223,-0.7172063638014581,0.010011983818507403,-0.38024276460287726,8.972511118503558,0
10561,0.28361720550501,-1.2117769192049808,-0.39321023278252254,1.2740751564877033,-1.5513886190380337,95.98413005947029,0
5600,-0.12065294273978963,0.9775821467761894,1.244731167430424,-0.20970572161881315,-0.14133492579830162,55.85377667199042,0
66624,-0.4588990877908779,0.4985108042011814,0.04891109801747072,0.18789179974112238,-0.34304741864405286,15.7594190058049,0
23620,0.15374952880847811,1.2769492546645032,-0.2987892731725994,1.586582594749442,-0.0944019000033603,61.218660000967716,0
55099,-0.45693483913474303,-0.5618846512624851,0.002271270365516016,0.5262449476308334,-0.7428303190071222,45.24464691297593,0
1481,0.16786239360676053,-1.863472815908306,-0.40454163694871526,-1.4498765120109498,0.42582752877089647,49.343493125434804,0
61396,-2.495707383782465,-1.7457359145765963,0.2920904179848597,-1.7679656058120177,-0.21149157875479935,35.212508737789186,0
82873,0.4109902028775005,-0.24786705924526514,0.195140049758993,1.9397682632366897,0.45429005331010325,6.413694948500309,0
97955,-0.7405637783370573,0.25602474490187466,-0.41304848883482537,-0.6869234154593553,-0.012798669871084068,78.99746297875578,0
86900,-0.9038555419523364,0.17944839173657468,0.09825901506819355,-0.8464889300248778,0.7573635312088819,33.08441917498218,0
67364,0.4575149018450362,-1.9788681601400961,0.1588646731198175,1.2865531209198295,-0.8655160672428843,33.56448295112079,0
65450,0.27587400637514864,-1.6589105828832822,1.1395090852038305,0.826686021107913,-0.4743991613703914,14.573622388864779,0
26035,-1.5238586374474048,1.0131898045103889,0.6617784795792891,-1.4420933076707205,0.5296999859550735,13.655943639142604,0
39129,-2.0756427678896157,-0.6146877925374229,-0.2870543011179178,0.008084597846367472,-0.37572100637676215,148.2360617930272,0
84526,0.5468897034516844,1.1966177360048202,0.5404761960191353,1.4964560593725689,-0.3391060727100875,32.23412642272689,0
75330,-0.7802885344227728,-1.0124939702036138,0.858860697014663,-1.2303832121122233,-1.4390747552482208,106.7303665996556,0
44629,-1.168011923843705,-0.4126901596808782,-1.065083382649938,-1.597587969366292,0.38635031342739795,88.65754959866622,0
71312,0.19346537098823938,1.2486557538896381,0.5808673594217597,-0.08882064942586936,1.4860508058293391,35.153088815610396,0
97518,0.17209287613183,0.008114698472211069,-0.43962476653438176,1.1060704735963496,-1.997981401209035,63.53914505692121,0
59129,0.044802456387939664,0.8331604940258077,1.0641839529286203,0.5094489674107001,2.171490046264928,23.486177371615256,0
67260,0.18571668936896457,-0.7619278440542826,1.1764522011048124,1.2224560956040929,0.03674523966726403,33.965184780773825,0
64505,-1.62246533089256,0.08460774371294438,1.2184322813768975,1.8013914142752954,-0.6164442755875086,1.987967584027298,0
57372,0.5064552465077627,0.18481416761224878,0.31341205266384853,0.8249790644500962,1.36701688224365,2.3101223915072286,0
85469,0.7999112816883867,2.1673603787432,-0.3026030234289217,0.0038659348320997764,-0.17644363172416175,5.121955677309854,0
91302,-1.4200829830227115,0.6978071357336549,-1.3796926479329006,-1.3549727707134436,0.29888377707965863,158.46985023009577,0
11694,1.5756045591557335,0.27440120505235754,1.6990607523969676,-2.4163121096735463,1.5713243804533803,16.81743141240915,0
21223,0.4845131307727723,0.8920478034272733,1.3170679130769716,-0.037225900514114105,-0.540157667228875,24.6648230320378,0
28172,0.6533143142145408,0.15968796121003587,-0.9682440303015647,-0.6266153090729425,0.44526744845436245,46.33902010152076,0
84892,-1.3462761232318594,-0.33257312833496894,-0.7966556097979897,0.7546791398071353,0.8109964609500869,89.23793769473855,0
97720,-1.1212013268388503,-1.8615435281616473,0.00625654097073757,0.9602467824654133,0.587153766832767,13.51988189223256,0
24045,0.31850639860137464,0.1565737489967365,-0.16786706198111284,1.4836257436653333,0.39940643185931857,6.532857324388752,0
92067,0.22036754883800364,-1.411575685125063,0.9835457924075637,-0.07849940549693891,0.6389743917776214,48.44158034676422,0
42965,-0.9702994960940159,-0.699935209266492,1.154162780421457,1.3491444742476182,0.40027116595352397,25.77394953237353,0
8711,0.2444479584974529,-0.12503728432039923,0.263639000841129,-0.7103107481262934,1.0938103207122916,54.501207220098905,0
47221,-0.18110077362012933,1.3486735573679998,-4.404874802085058,2.112145685436545,-1.097271763479314,69.9423799402967,1
19623,0.4305673840619083,0.7125794466100616,1.5039367461662614,-0.06286216285270983,0.5096476691388875,10.033502446510932,0
42823,1.2716652332964993,1.2537740179980934,0.4481387274067076,-1.292259091968081,2.20059446095343,22.289014774395017,0
81348,-0.3114243493535451,0.3216893700802989,0.19674126045260296,-0.03843056076158956,-0.9283123873774262,10.985140508381347,0
19169,-0.12680196910485925,-0.5532421842024213,1.7090551833235816,0.8688833600885858,-0.73778514064582,212.02890213218058,0
78213,-0.3090282758170436,-0.12508053197001676,-0.1449494504225805,0.08296606863183595,0.4305278694608702,26.46157829381812,0
18658,-0.032481349941885077,-1.0531385098995758,-1.6029935627107097,-1.223915204838713,0.5117732126204062,141.74783270770953,0
78356,-0.8067704520025192,1.0690222891970598,-0.36704139608245534,-0.5740906595914261,0.4587699177505579,17.660527340694248,0
76708,0.0675310639804901,0.5490418113477318,-0.48186051498714544,0.20624563762743722,-0.41785672016313397,59.87809431288189,0
42918,-0.42632681486826046,0.8111069044531379,-1.7953282230512257,0.035248757398451916,0.9241743496437154,89.29787854022801,0
34064,-0.07256648695919042,0.5792129424360255,-1.2741790157830006,-0.5504872639918358,-0.09314576939953476,31.260856559324118,0
5951,-0.3700632845051798,0.14222520069638298,0.17154505056332062,0.044325434365469984,-0.5294424436870959,4.174826788535746,0
41094,-0.1501756513949002,-2.3679392654336255,0.36485122092911765,0.6574034619786489,-0.011513105794569484,181.99033704277434,0
78757,-1.6123097359794165,-0.5862022186072832,0.6680008739414233,-0.11523708860063153,2.0409470601154904,9.24775888878609,0
23199,-1.24925075110399,2.726244032370895,-3.8254004833999162,-1.136582885004184,-2.6038694034341354,55.149714284400844,1
37065,0.37448557759128565,1.259316579895051,0.1619883436562097,2.253311936862172,2.1026498690518487,63.009015043571424,0
26143,-0.4002812712029349,0.5521186852449957,-0.438068918780994,0.7529450525303037,1.4144844412582522,79.97389274953653,0
51707,0.22877338002468198,0.48527033434820427,1.4238836901560672,1.0512243802489618,0.6938230683839781,173.39040734524747,0
18787,1.0357324669729413,1.7598129231736774,-0.5387411578546822,0.021963265549925524,-0.03335308290967354,175.02691032642315,0
78859,-0.11540933819978547,-0.030578924765371687,0.8566877893186128,0.6636247183212306,0.5460577375638241,108.61562282352138,0
84289,0.2910519010263632,-0.3454547476179307,-0.6373394013771815,-0.7366322021997084,-1.0822549295982995,91.62851795423052,0
3812,-3.2160571992571363,0.10932698296244958,-0.35188217414045164,-1.1326309113099182,-0.4625307901256981,6.780908281102242,0
55316,0.1705653832079994,0.48050023313565854,-1.2025120409708805,0.5380543764348511,0.30729755127196096,13.349878350048963,0
76077,-0.7711349672336278,-0.005386506614087911,1.3426532450114794,-1.3922280129516678,-0.6718962452415039,7.263851666978774,0
77789,-2.318200090748849,0.13394029593058274,-0.1194984581539616,-1.013872314461966,0.8415384793253294,2.2574819560733195,0
43108,0.1968313989019303,0.1829733603052616,-0.6696704597370643,1.4975608075470437,0.7949585272801896,26.860856982106007,0
34016,0.011925980771476226,-0.38188864345932905,-0.5423862636822946,0.7485912982505656,-0.17606781180746645,9.309676554186964,0
25150,0.012365095136532597,0.909990347594524,0.925017468122467,-0.10942406379726602,-0.18085934878506796,39.98449535949602,0
11442,0.5177279086900803,0.06290973059478448,-0.2603865991125219,1.9071034133448856,0.1990505996454534,2.290072148615139,0
3866,-0.3732738579953543,-0.2518927508324297,-1.1958693746230586,0.7817180386174146,0.5547825213178135,25.919333869398976,0
6581,-1.8007744587881793,-0.31731233288599736,1.089937788201805,0.26353593325652,-0.4382164323738624,26.816332841700056,0
84659,0.0225129743977275,0.6846575410030471,2.336746454024997,0.26614697645219965,1.0778164403875683,154.57464948642112,0
64307,0.16401595664061125,0.8099330151167708,-0.12346770792446907,0.8275610343098732,-0.1594023675784662,17.56140208967916,0
28671,0.7722299334832914,-0.5625517736187333,-1.0371946977668485,1.2310220506905587,0.7206995922338914,23.000697074855662,0
44547,0.42489814990581537,-0.1319367148937541,-0.30725048846738107,1.2126070532914888,-0.8052021008292449,198.84828678910108,0
14924,1.389443133517794,0.8044109709235767,-0.3325791068855909,-0.4028484823351776,0.7645279339278055,9.301932724919808,0
27082,0.7879312524960529,0.2737919252862003,0.4563130579586909,-0.0679902243048342,2.251317973751833,2.037065126492444,0
87969,-0.7221392166288632,-2.170219000302106,-0.9549533108150229,0.36445229645515975,-0.5569292803965793,22.017887633851245,0
65048,-0.6308505499283052,-0.9113634531870303,1.1182963855050154,1.4353203803530046,0.8267700001021903,284.09740319863647,1
52781,-0.889491740488447,-1.3302923563147366,-1.5923727788616056,-0.5187505602952017,1.1812537447638027,19.02414765694937,0
48747,-0.49627753308969913,0.5142795326684824,-1.427374967075064,-0.031479281709333035,0.4635583208295639,48.73434658081642,0
15534,-3.1176853941425167,1.8075049081099295,-5.742190372472175,1.5968937035016042,-1.531537093839329,86.12442077311707,1
86740,0.3709087906352869,-0.6064017622469376,-0.47370913813461124,-1.346608626889406,-0.9255423483832368,25.357738557287963,0
43148,-0.2021012803542177,-0.9067927155209334,-0.6000071384546486,-1.9940213537652376,1.3544598843319415,48.715778487522435,0
2539,0.9327530959052602,-0.4048296410783314,0.33762153050386134,-0.9753532882674387,1.3632432582414573,63.14748713046646,0
38102,0.07008847520856673,-0.3566384941390436,-0.43730622618779175,0.7851548579497323,0.7106968339888026,76.46160312407585,0
41786,0.1264756754883747,0.6480780112135067,-0.8068119536816358,0.9842826502432089,-0.08244670526704578,11.108431699845903,0
10451,0.4143620841787884,-3.3307860143946333,0.41781564850595193,0.04506921485319545,0.10140042897786389,82.01979725700103,0
3760,-0.03113553831527568,-0.08645742057300403,1.3127283711385471,0.3222551561713934,0.4904994910040165,125.37082354262397,0
42727,-0.9967519024057656,-0.9941057342308224,-0.4825680087110775,-0.3036935961063179,-0.07276987951260311,43.49046948153205,0
43949,-0.5204029902394508,-0.742279685508737,1.2714890648841282,-0.8320160746403791,-1.3958945963597262,35.085533216608425,0
5486,-1.8699026829164123,-1.0234837863686934,-0.2770011830038617,0.29998120276257684,0.8526322267071527,14.462115619560123,0
26962,-0.6039798866072239,-0.6291561861216988,1.3190756280592197,0.2848393011864897,-0.4263025181792531,0.8365838868808264,0
57761,-0.28164738225493074,-0.5135970504353424,0.31562233082838287,1.5630831246746923,0.04124568559270903,110.66394298015024,0
53222,0.23005561154550086,-1.5534421847494064,-0.291870521179968,0.6134157022483732,-1.3104990159324559,10.573709760560678,0
74859,-1.1429771408530993,-1.8512385761517283,-0.0660784330903093,1.2146352740636528,-0.6546320461082489,139.08279692871957,0
6588,-0.16171431618060486,0.7294187242115334,-0.10906419583791718,-0.06167210034686946,1.0379178685405663,195.61481012919683,0
95549,-0.3734530559804402,-1.4055789105072019,2.004698609344382,0.8607298667107548,-1.5120819721115084,43.02156660229775,0
59063,2.280260230298927,-0.19324244245896385,-0.9336976911315972,0.626806400418837,0.18013009989749784,37.1436347581243,0
94613,-0.9441275564624203,1.3406662306033916,-0.6466556335942929,1.022884416568987,0.9300485752951438,6.342866944466449,0
68487,0.5355953968440476,0.2154934679861821,-0.6171059308711718,0.030924820673397836,-0.7485147213918408,36.53203048621286,0
72982,-0.5864120768279117,-1.1998061740488901,0.5338190112628001,-1.0277183560500989,0.8982131769939393,33.83790521074734,0
46332,-0.44126280485567565,-1.8902406641369962,-1.149914414500833,1.0308799976787726,-0.984543984303426,160.6269490842701,0
97808,-0.6365572097261013,-0.20535722387881458,-0.511950364132987,-0.2095567976929574,-0.7839139321077652,35.02790480793469,0
76552,-0.3384357848148192,0.3913103208194433,0.45022163322274883,0.20808486425573608,0.018008825214061275,72.73188279549896,0
85132,-0.09738100591346759,-0.21417610337056878,0.4205235612836212,-0.41991432231524006,2.2179741426293496,6.017340089733548,0
12109,-0.8473140278511367,-0.014381681509604524,0.7543503330210294,-1.0185452944219333,0.7365762704626347,23.202741564568232,0
37441,1.2107012531475165,-1.2214704771233247,-1.3837935308890936,0.08589594564948416,-0.9122099018042182,12.288082367478783,0
93070,-1.142595269487263,-0.05574617812386366,0.2440657104931369,-1.7178137320846552,0.3096630599655818,21.778401088064513,0
67641,0.6423655920501782,0.8165545175655982,1.2158839492580868,-0.9139034639960295,-1.8821688290795302,69.81083881060721,0
61516,0.615854798150086,-0.596758318019291,-0.21746445303636536,0.13306196538049428,-0.19609381090859254,146.78164780006483,0
6548,1.9943449497198495,-1.2624524016646612,0.19612250538824302,0.9248808928622517,2.287814421515975,5.220610065703521,0
92471,-0.33023711102424674,-0.3104110382599766,-0.41587441739690867,0.8286286211368612,-0.4122580710634807,18.100446622064666,0
27376,-0.6653155109340871,0.6097147286535098,1.6795018425491917,0.8526789563321066,1.4520332292305191,29.426065689005444,0
77129,0.03870229475756321,-0.06297691981449226,-1.1667737929036508,-0.04150659407009333,1.9446671217525004,125.79388563121465,0
74069,-1.5549488234341493,-0.21343106519824123,-0.3701864527252774,0.6954666411386154,0.9980615154763643,207.03868727959164,0
44602,-0.7076205368687772,0.6677815605961868,-0.9473285223137352,-0.08771650645840447,-0.007987987614115004,18.7597426110966,0
44605,1.9022831403539713,-0.6063205852377572,-1.1291819358805553,-1.575222603206657,0.8359097731379274,6.68165045144493,0
37158,0.5561322095308556,1.1355342953352499,-5.153825954792282,2.9331564940070805,-0.4117325396685234,178.745405039469,1
87960,0.504152361376481,-1.233817801774028,0.5244765096507347,0.5885590590791591,-0.6780822003818598,67.26976211605292,0
89272,-0.4834690199775001,0.2604186067710959,-2.8233179523676903,0.207665570312392,0.5112757415807598,54.29050831975156,0
41814,-0.6104131458981339,-0.051145631821634376,0.18496192708549483,0.630970950029144,0.13031495036453744,23.140791141269094,0
44816,-0.36076641319634223,-0.11710405608922823,0.6797501924429028,-1.2560910715249165,-0.013487317381401262,13.073724992009117,0
76240,0.3843677165168059,-0.5074351128366975,0.6112334183053157,-0.4820125986306404,-1.1744071133446974,14.37755216095028,0
98723,0.5721002083009874,-0.25097144402999827,-1.2273638140282521,2.484745045695931,0.08327404080967064,33.46178709220565,0
19063,0.15966056554792507,0.3399703595692396,1.1942945702200611,0.20122493102096117,1.5173161324002238,10.486433748166778,0
19503,0.8733955364172833,-0.24760714791784602,-0.2104438844397439,0.7012639250384477,-1.116430732954923,106.63613298249892,0
23752,0.1632860530801324,-1.8122947792484574,-1.0425125371315882,0.4835358739356677,-1.5902733203935797,64.61681843451471,0
73319,-0.3163355447400646,0.3532230675468552,-1.450418241232103,-1.9266456705749981,0.21981275804456535,149.06495301094168,0
97425,0.299236461918441,-0.35692685379485195,0.1565915053864577,1.0111808267879074,-1.7674917352826087,14.30362101447174,0
69338,0.4224050828319216,-1.2256029509557917,0.22413810153903438,-0.1888444550033698,0.589976574126145,2.2321375867669726,0
13507,0.4585549740189212,-0.46000206411180583,-0.42484098276342286,-0.9905643493123883,0.35715877394115875,67.48145726709836,0
47304,-0.017746692418393682,0.04798272044661219,-1.1736040996661792,0.3985507704669513,-0.7367318872436055,24.863470839257833,0
12207,1.2081964443980708,5.655886942929719,-0.6786695358631678,0.09695162326408846,-2.6496425243954795,198.3740380296158,1
56886,0.4251332467137215,-1.5782903761504106,-0.8624217197354466,0.016262034689114302,-0.5347850438967795,23.06799069853607,0
8210,0.5954589932786869,-0.16820529063211465,1.1627853918188706,0.11351865360251454,-1.4617747188146308,32.422686584919305,0
76153,-0.2815287098643214,0.14512033292760365,-0.103349777083527,0.6977833900455738,0.5401369456070468,39.988828883301785,0
94876,0.5360092255913662,0.8748708753092173,1.037524842395457,0.08653244108015462,0.7037670498555233,3.2676184415250566,0
68576,-0.30647749211043135,-0.976169018468538,-0.4998103420224061,0.21639487424794848,0.4977039582181344,10.326005530273132,0
26984,0.47274897347569583,0.2780092848865,-0.748585152673294,-0.34352577588237754,-0.2287160073639607,18.127079955787558,0
46840,-0.6566145314461566,-1.1298710165326669,-0.05384107306194828,1.5522366939143428,-1.991838730766402,76.61732790278647,0
58066,1.0730209948036222,0.5945169111701049,-0.24865568356527437,-0.07197860371738857,-0.42035962546274214,289.6211347018033,0
93179,-1.3012526243920979,1.9517231704036162,-0.16722796934892703,-1.5986991256485101,1.0018763842730547,12.308298155587217,0
20337,0.8439710244055942,-0.8043501578320993,-0.49286782267190415,0.7366107642068844,0.9041679146146248,58.20063207231277,0
23472,0.9012697695616143,-0.9554018651065527,0.9811478261603003,1.3500939233452363,1.4357970301917995,33.070534120651935,0
70482,-0.9047063055854803,0.9597296602772671,0.8607798304457065,-0.18098247794339253,-1.3232004572528957,104.60020234322371,0
56071,-0.6527039051353473,-1.1961266586802455,-0.04936066670984474,-1.2929965133858505,-0.9038897435760297,85.5812439205886,0
7906,0.05667029407167183,-1.0151475363744358,0.4336526641592427,0.8277389887818016,-1.1033421217799904,29.9237134411888,0
7352,0.8590014329706827,-0.7348740666403528,-2.0375240930224034,0.8244983893518867,-1.1693224300167833,34.142860876487056,0
19250,-0.08672224914150004,1.0366064138649516,-1.171304595544942,0.6124477252166005,0.5777932510287509,45.32322288144665,0
49416,0.46601823001338427,0.664686050262168,-0.36650780077482936,0.0989302312771099,0.6827085390928708,93.32306533752659,0
18297,-1.6638403732769556,-1.049949577930627,-0.6738995484092392,-0.42979643799860356,0.9086104388939842,78.97821368013676,0
48456,-1.243515672324092,0.2721992597537909,-0.00043362841861018024,1.5126942580929401,-1.1429281277742376,26.885322742634088,0
16478,1.1168681622707382,0.3230416237873795,1.1944648053276665,-0.5648800467247536,2.9616599485933954,89.37197269513216,0
50408,-0.48579059640847966,0.9603501523569682,3.296717537444139,0.28545949268138004,0.0446050855282342,18.199343898886205,0
83560,0.036619926358222935,0.8188063521069772,-0.6916948232763047,-1.0186642966089088,-1.4407334049663616,12.16931809890208,0
80909,-0.059777110392333035,-0.052085761646117223,-0.5727141635652003,0.5827623495047128,-1.0747878383102238,27.526685153544626,0
65726,0.9491491616748444,-1.4834659521057496,0.47517515689408685,-0.47534254253888053,0.957522128412558,8.390894505614924,0
2282,-0.1669588306529502,0.09256355362227849,-1.4357626198939757,-0.7581243357040363,0.09566306269328025,31.31995877276107,0
60112,-1.2015908216734499,-1.1206755675459958,1.495024519636157,1.4090878335499093,-0.9132577751843082,16.11828451439742,0
60500,-0.7928636050723185,1.8243495331622963,-1.1624189639290536,0.6146474157096987,-0.5669308078376805,6.388994881696099,0
93106,0.8077257283550481,-0.64455293189099,-0.9369942289200422,-0.16270484088582363,-0.7250821727725908,27.384216618061018,0
61813,0.8729328675754577,0.3290285458274665,-0.9007384366187103,-1.78527576978264,-0.6769143601514702,241.18339752657155,0
89480,-1.251606656972313,-2.3440788973493767,1.0331737607434923,-0.5140189141911219,-0.16005542327640132,70.74459290608738,0
90982,-1.2421790697284936,0.8197680694754877,0.4506078354157196,1.8383385026292238,0.8711815285904906,22.347712126266643,0
8415,0.4803350469534765,-0.2322354613235033,-0.01807591335572484,-0.8988008707232633,-1.1890086802346642,11.80628253236455,0
46214,-0.40401143063479783,-0.4899899488812818,-0.5551012746191685,-1.3980022952373203,-0.1955014759324935,13.056987900925895,0
23897,0.6961362419695681,-0.9627748512670647,-0.43761802428654,-0.4037273326619602,-0.09289451391718122,43.81908822958591,0
99835,0.1415321321496996,-0.5874320142889945,1.3224211821038407,0.11198432318812204,-0.7484219693469809,29.897181178911147,0
61753,-1.2076663529019347,1.7168459305521968,-2.50280747593477,0.4150866578544383,1.4898273451730222,27.290719077220587,0
51612,1.9092970506264633,0.6247953894695016,-0.4168601707117526,-0.29745492986462474,1.3367670096549722,39.35363030303842,0
68619,0.7364137445360135,-1.8527095348652787,0.841858822708537,0.6539248202008935,-0.7921409983431607,7.766533490445192,0
86664,-0.22351105901568988,1.950914171273827,-1.0297174654671462,-1.497092598631732,1.9555854965676116,150.3966921228232,0
30908,0.7452522288182044,-1.4769688615746857,0.10511197712037275,0.4613206248871888,-2.050036663840382,14.830200400560253,0
64887,1.1407914475545389,-1.6459388977685612,1.6624986628269725,-0.6851984234608143,0.5623529137228302,0.4243706231678861,0
23252,0.5719563219724997,-0.7917242738890955,-0.9762059026067934,-2.3496718578093283,0.054046744289667145,169.94615382776297,0
30620,-0.3448497524065404,0.8914400467341643,0.5166955341262855,-0.712073766052375,0.9205509192062417,16.514488822423736,0
87545,-0.624084745037494,1.1585434512677808,1.0187999801530154,1.135915929265988,-1.8723293268343404,24.886715912187768,0
42261,0.15949102441843352,-0.22337033778687312,-0.18366840415521798,-0.2042334860648611,0.3210065993382798,121.28109436059853,0
17260,-0.4214865358515187,1.9057882343626686,0.5224641173900957,-1.9893558670589484,1.6355859989762787,20.630861888517344,0
28308,0.07418561152216567,1.7462922006600914,1.405123588075272,-0.9594167788871978,-0.3790641977809409,143.50797120424906,0
73477,1.9815242670826692,-0.4338065870878184,0.5438158475517247,-1.1190463782488422,1.0823890583232043,23.90010289540501,0
68008,-0.6545495398363831,-0.6876846207632886,-1.6322435893953684,-0.9279036657590679,0.5200909850007069,7.788267033093129,0
50200,-1.054305042604079,-0.40673138151517996,-0.6428194309191418,-0.5040868291301743,0.3857236375570304,132.08744226866017,0
46218,1.0104418828265367,-1.5066441222537537,1.0996748093942164,0.2650081530323211,-0.3017722771130864,11.06618908425252,0
98032,-0.7377552468328822,-1.8153707896967453,-0.8871688489050034,-0.5217709255908219,-0.5069639536957192,43.22720857910576,0
35596,-0.8598254707878951,1.6343692945319386,-0.268081108885498,0.424907632534393,0.8745466192015411,35.57710524587696,0
96276,-0.1397989190107496,0.7686154376669616,-0.6339879499669326,0.9474275723138452,-0.018143730353910207,54.18878807356185,0
57804,1.1769793635484866,1.2670446625292706,-0.5017990264337873,1.82797824915557,-0.136959466201888,118.17606351034766,0
56378,-0.6564589203020619,-3.299410445554966,0.865985332962196,-1.0211597556335346,0.32234163540617217,54.22091160088954,0
2557,-0.9076135332330816,0.4193460736613444,-0.2834620453258333,-0.7074400802225478,1.3110883441523247,10.85599383242565,0
42712,0.026507179375304425,1.264508281227147,0.8250094747659392,0.9569115709409651,0.06457435262564466,20.92253993870864,0
358,1.9878065647620853,-1.4443302334227175,0.5363612026353547,-0.8715063590800407,-1.745860338554486,40.00217093010911,0
39081,-0.4693981624354754,-0.20447632942450086,1.0679596745340911,-1.046344934756216,0.3818751771815286,8.73109979039669,0
3756,-0.9242320153191939,1.9914127606138468,1.4663987246010093,-0.058691152929314636,0.6231784864309536,27.23730742726084,0
64641,-0.23110265066915348,-0.8182319835023398,-1.4935237650839297,0.7596961244396169,-0.3949929535827996,87.27430798369211,0
22431,0.6757518815092038,0.8936480961224382,-0.17011807523122538,-0.815012442845064,0.955126523899075,17.82870441360368,0
98864,0.04572279568544535,0.07819513169342533,-1.238494019014307,0.7880173575606384,0.1933266188006049,1.4262244397212922,0
38890,-0.7329008084917776,0.2880905219873251,-0.1366106534676014,-0.21505095741264424,-0.08742231386989534,10.528356423145457,0
85371,0.34704645759687075,-2.0503721163607103,0.8217021225148194,0.2924992737177852,0.6319117536302533,90.65837642838179,0
4648,-0.3856317609455195,-0.9077499505561069,-0.2785981935135685,0.868221588532805,0.3766944287842498,19.056653427178595,0
18309,-0.2829762769807495,0.5905023187952785,-0.595168049907042,0.13309136075499253,1.6245849793808549,112.95508776901559,0
16389,0.23846514032379457,-0.14939421360242464,-0.7975065804790082,-0.0667026254657238,0.45307722675239415,45.27741002215417,0
84717,-0.9196269384375572,-0.04104779063976698,1.927688056490815,-0.11664924688905674,-0.5793081410981639,1.0578171669846346,0
18313,-1.7091965261833535,0.6918287913117352,1.3954404905875524,-2.8381294828296064,-0.8859232783542873,14.31594337931888,0
30933,1.3498244592045914,2.11268738714391,0.30174768174155014,-0.2501933846739631,0.5531022506392108,18.886731341513112,0
31890,-0.17762703762329876,0.7213716777887588,-0.5883973472357426,-1.0310823188108482,1.0065646379964868,9.871592316682497,0
76260,0.838548926313624,-0.026414999087045726,0.9835983231147025,-0.8507698083411803,0.5478962318033183,184.25288394094432,0
50939,1.4992765840168665,1.363556544275729,-0.8490612961262416,-0.4435647806165779,-2.6724831036520977,6.249928770167233,0
34068,1.415912362019825,-0.9014797888584318,0.610546936630688,-1.6178728457544937,0.10830063603608439,55.54917873811834,0
8068,-0.14242073508756506,-2.5820591707634684,-0.7078411857552442,0.8675621516799731,0.41166296693634524,26.46075941712026,0
38360,1.1681684014540978,-1.1446176648765949,0.8983055138568968,1.297766359224592,0.4720790805763306,33.60770794699878,0
86145,-0.8605465725486288,-0.7001329529499091,0.7897857458625657,2.391827719642015,-0.9817420332668001,69.73938290292368,0
88929,1.6440967778524607,-2.136898129362142,0.3929540631734413,0.45566094096078064,0.16994187491759277,21.200264949748576,0
4798,0.16023036461340598,0.06846306437172907,0.0641017720484653,1.6782365603832814,1.2397825958624724,63.2147017858399,0
63437,0.1213192322565576,1.7634856074177445,0.6860804385999714,-0.8825602107374185,-0.22964300137697308,49.05367116581393,0
87044,0.9839235372444523,-0.4244843165341625,0.11933398707211175,-1.3966667356870257,0.4493423099519995,60.300660292244814,0
26423,-0.11741852378595928,-0.23008476161135608,0.031291483610775904,0.666116837635053,-0.32339656488855784,340.83633821627836,0
71155,0.03476901459326828,0.10789969826743621,0.7695369144946985,-1.1689913581687024,-1.1766479143170716,131.90831269770115,0
89489,-0.7404259806871265,-0.6555425358109414,2.0634455377887395,0.4762066700018822,-0.2883490597517738,71.12056675187442,0
32913,0.46815197968425365,0.7870334719498473,-1.4351455928700212,0.026698409035857032,-1.3679411132050887,17.68947237067529,0
82035,-0.7183530388306428,-1.3403841850963165,1.5296102941645908,1.5095516743053912,1.342300249977583,63.707849465468236,0
13456,-0.5966033549083545,-1.4278065290843733,0.560270477118585,-0.3971661738562422,-1.5321480320494418,20.17122243871152,0
99532,1.9852128188365519,-0.26516177223404164,0.27764132753442305,1.7456955242916676,-0.8445293775525152,101.55203773885002,0
4425,-0.6866592091733184,-0.8602686289293175,-0.3997279824149245,0.10001049934180474,2.3940198149782845,34.7153243578947,0
8712,2.565841659244398,1.681588375924964,1.48194287919213,-0.810386240173333,0.3741286524354697,35.0477588684342,0
53871,0.06593759342798698,-0.2963302826486849,-1.4306993716118372,-0.016577225495944817,-0.7289775989460784,115.2614849452147,0
48447,-0.12369318951178283,-2.3799193621810226,-0.560191180674306,0.5935551388401176,1.0725465119446487,32.4484952548964,0
79676,-0.6520220031352797,0.9922521257553025,-0.08971782879225479,-1.202691383023435,-0.6135508652665085,4.648176449809847,0
67969,-0.2224781332998583,-1.2486884854285891,-0.09989757926648388,0.25882789337202083,-1.4187919952886168,104.92121014020714,0
45028,-1.4819885411257958,-1.5680607594522489,-0.25333374148674426,-1.2705595069383429,-1.522602919131543,107.91502946636452,0
66262,0.30836431263188574,0.5597480275899028,-1.2104825899419085,-1.057910613619455,-0.8512593135078382,20.916047719541602,0
84664,-0.6935408894621853,0.42250362649253753,-0.3350396163618237,0.35300781263293396,-0.2394351032549895,45.3271640550258,0
12175,-1.182815502304289,1.4573716424645666,3.1488966450468734,1.3735881093374234,0.8006813556621357,97.32634503980556,0
15848,0.931569231063757,-0.8902193420638422,0.310980567993401,1.259487925425993,-0.392182540456198,1.9786103919171967,0
38506,0.7821330142039431,-0.9733038916927772,1.4059133875296714,-2.5750388443679153,-0.9072231319765071,29.058375903162315,0
67534,-1.541478104914368,0.6353644611714051,0.37540409797611707,0.16776031847117723,-0.0025720026487927147,22.17541096230726,0
4378,0.8362195690513551,-1.1366876164461543,0.3605988992629755,-0.7677277138131968,-0.13157034208652155,0.07146820667728734,0
34578,0.6870107094481968,-0.13217027117084984,0.49813622664012625,-1.7510685855622767,0.1605519383122771,42.65991271765617,0
8556,0.7669879313800368,-0.6074408952832138,-0.9538748722322484,-1.004118320512435,-0.6898099420321521,21.58860806610639,0
83691,-1.9269362882455545,0.48905750054155556,-1.0938758852802368,0.0788911377631423,0.03106234176609664,31.653499900349047,0
62261,-0.6850184429350642,0.36698575655102667,2.1938109639419716,0.405314636204498,1.9909325703689373,145.7304001721961,0
70910,-2.4785367158538194,-0.22431846489054252,-1.9245938786319685,-0.09968909562836034,-0.13096198295672487,97.85941442802397,0
92436,-1.493430736034726,0.3887483035904761,-0.23369881352617866,-0.4045111673191136,-1.9262319517224968,11.71217994501808,0
31367,0.4940400192124002,2.1208329953340357,1.3199964485196727,-0.2083275657939122,-0.14104436972663648,34.09758532490763,0
43925,0.12470690303046499,-0.06970191911782275,0.5048666322952801,-0.03465261036366199,-1.2535245487700224,54.908915646415466,0
76218,-0.3416466956483962,-1.5296924370016545,1.213008142942167,2.0757862212419953,-0.7245216811545522,11.07172649255106,0
25425,-0.00704090853069996,-0.4317485253908717,0.7261591215755627,0.36967215465874187,0.04266799584506992,25.130749329227054,0
95081,0.6593409950691119,0.07087187047536225,1.433214850447274,-1.3622442105250372,1.5825518837169692,17.68108039088484,0
65155,0.7211195208758526,0.12390824563606952,1.352802149680511,-1.4493704328559087,-0.35974916926844086,72.59151300241359,0
9346,0.16942808390894876,0.010678863235011486,2.52432696755967,0.10445918547440662,0.015600906607699359,115.95159490631033,0
98762,-0.6334534418836993,0.6826368812128897,-0.06329525886579862,-0.6970175642362948,0.5856775467607466,11.407465688777112,0
75769,-0.2434828217817324,0.01022547425274586,-0.5615731560429537,1.4404677394012766,-2.454257736119428,2.483900114034326,0
54045,-1.721682574926956,0.4142752175136015,0.5392101339846195,0.5853592400667383,-0.9219939021599475,93.25550766240666,0
5141,0.9419029617610208,0.06980279583672772,2.3292477031701004,1.0598283566838047,-1.091965840285991,68.99081931460758,0
6371,1.3655229804061881,-0.8729382946572608,-1.718203895546123,-0.6213834467477355,2.3129106297608737,25.599996218896067,0
41520,-0.3547019443319408,-0.33921311906995527,0.4716304120078518,1.0723279007441147,-0.5613305766230074,141.12030361567943,0
78405,-0.6010101206318919,1.9731246657865393,-0.01286438196665133,1.6083461057286146,-1.519099722665058,20.44424075038079,0
67450,-0.2273275873143359,0.8327488885850196,2.3179329296432325,-0.45613492661086713,-1.782619943232722,138.1148374112407,0
71274,1.174995362251581,-0.7713575356158918,0.9238625711591292,-0.43613689366180736,-0.5237130741415701,103.97555710268239,0
71707,0.7957144478653583,0.6542295064967376,0.8990096064679136,1.0734746352189302,0.5818187679132188,30.391205498475692,0
97102,0.6696844893165048,0.38428868066582644,1.3250960561048197,-1.0302679571818611,-1.0076298191401671,20.66634864463626,0
56819,0.24668877033605638,0.6990808867441777,-0.23219199489833087,-2.473445893668184,-0.11074445841458508,33.6323453271286,0
65481,-1.293302819209767,0.17830995631569363,-0.7402360104949621,-0.04359603445081443,-1.6422901956417828,43.66576211608102,0
56942,-0.5607944692399751,-1.396730673228127,0.0006268318364188177,1.404511808423396,0.3454545111875592,238.57762743172563,0
24300,1.550630593257668,0.7820946110195612,1.6554330809031192,-2.4589556197256996,2.9296776862602893,86.25112205608029,0
54756,-0.025716964887102477,-0.25213765264941096,-0.3776228215973046,-1.0241175397706241,-1.1052341966524624,153.31082645374593,0
98116,-1.0713083276709745,-0.2042404896651718,-0.7856072811244635,-0.4372578832197198,-0.14842887645064787,197.0422886118751,0
17771,1.3213162028034042,0.8129231008899449,0.47402952815930655,-0.06383348872629499,1.2352537377949078,24.17650634589187,0
94439,-0.940686884970515,0.2398285379235732,-0.3240334108451713,-0.8223396341474432,0.9957861202844919,86.48361050912511,0
19446,0.9992846402345082,-1.1051730810190554,0.07212825847578085,0.4990954079243434,0.5692790173450671,30.643360921109082,0
77149,-0.8706210231258847,1.1366497063755456,-0.020473201969290162,1.1785285360087074,-1.017215174123941,43.01698157094419,0
63335,-0.2760110617164809,-0.5769892665921663,0.24749590391802714,-2.589752194657605,-1.0091088213655226,4.986483092402734,0
31419,-0.4905236525315732,0.8803754230545769,-0.4589573337942803,-0.11021727725560455,-0.32770882991310246,54.281901782994716,0
38392,2.2578563002576475,0.8423977011074516,-2.3066722137367695,0.9751145211207066,1.3028861701475567,82.1776142717993,0
28916,-0.985428984798723,-1.056683164325762,-2.6888235722702514,1.8594644152515256,-1.804659312297309,106.11985727701283,1
14388,-0.4444775331910273,-1.8301064887175909,0.34699425912560994,0.28986929354256397,-0.030001521220255546,46.714497626958234,0
77794,-0.3846241760641808,0.6892068696490764,1.7456690286729868,0.5134324114993294,0.22659462454430965,33.32358439125339,0
67293,-0.2979113279980711,-1.2662226643379593,0.2884164713787953,0.48956736854829364,-1.7284530384221535,270.0021219579844,0
20079,1.1741881650593213,0.9053650058030519,1.6619297703472755,2.1274992771025687,1.3260461747770351,81.07452027894016,0
68497,-0.5478152367265949,-0.04098753284461416,0.29944600405475946,0.7506722304333794,-0.7697222308718856,33.00311490037453,0
55554,0.3202547812881538,0.2805000229198326,-0.30049656562514065,-1.1503304334716815,0.3574795908080548,33.57402051931337,0
53363,-0.30044493773116476,-1.035597974779926,0.4709130635579519,0.5542958974564696,-0.3860644556339441,123.42604583586723,0
23782,-1.605454699039078,1.5975461699369529,0.07615901024625008,1.6765765669516448,-0.09934294131879018,26.097406413468903,0
99785,0.9308745119372439,-0.3958303766699278,-2.1550069168997035,0.8979242526661779,0.2009265199206635,42.79043230004657,0
55388,-0.8378432960225561,0.7504960325257349,-0.19268745421445066,-2.3252325239478,-0.3337544627912962,43.469979181573265,0
9715,1.0189958316879406,0.6499430178123937,-0.19967730185646448,-0.5805898008472249,0.6307792702521228,195.48989254179048,0
35298,-1.195954340055588,0.7983132369011378,1.7923213309924462,0.86657362382332,0.47443518218912434,2.914599960539219,0
8577,-1.0553862213417338,-0.38930562075357045,0.9411618657467511,0.6402712334650095,-0.477181877679892,1.1411492965000414,0
53028,1.0142548571152574,-0.08203063630915813,1.2082567326532243,0.6472651543716933,0.662174442972561,31.908319232787974,0
94209,-0.07550997256680743,0.6246733536989464,0.8211067539633902,-0.8664215698823531,1.1224997968594315,27.524701015670296,0
76253,-0.3579668887533979,1.018318594558966,-0.006880933000533404,-0.04411600767179164,-4.186147504069675,112.26278229474225,0
18745,-0.37250949853380483,0.021410628404289655,-1.8658857479785826,0.7129013630851462,0.5936394643756311,68.27573441341478,0
13224,-1.4814469796527912,0.12936433827975002,-0.06556392602974538,-0.291483712761721,1.299966616404053,4.7937265009403305,0
36914,-1.024949531131682,0.8282663567889997,-0.06757092778864765,-0.3080379076410163,-0.8600805536134594,15.295797150306978,0
91074,0.30928260321359313,1.4254332795296318,-0.04235015603246924,0.9309591388148828,1.3560184927534369,34.84466251876125,0
46843,-2.153276072043633,0.20069412524292482,-0.8831310532587847,0.1827131547940168,0.23476936769266696,18.006868796389462,0
67215,1.954711197261288,0.5007483659768419,-1.9062206815931022,1.3057089032153253,1.754389360272837,37.90614737730348,0
846,-0.098336342192499,0.02682953092481496,0.014040818007840617,0.15204181076527454,-0.5267391908819099,88.2031995467712,0
39282,-2.062178104748147,0.7745828158224525,-0.3492294754153675,0.09496148915312223,-0.2053089396904516,16.996828341644225,0
58002,-1.9517764835951803,-0.5583904374523014,0.5151195291091405,-0.4884064331471405,2.5514942146782857,7.330606107905774,0
27285,0.08724143782060971,-0.37413268149103635,-1.2661959099636664,1.129336792163099,-0.26997506575898067,66.28173198274331,0
30109,-0.052978274929529716,-0.14999045077976747,0.8810793262529909,-0.9312525410403725,-1.305244210885302,6.904454324767774,0
29796,-1.2102617908469389,0.6063001833470958,-0.24058461846072685,-1.151579177797465,1.5769303192952826,50.99741567489233,0
40846,-0.39414359935289583,1.024655190284435,-0.21690649479446159,0.9060892421785063,0.6791829549066385,10.612785050278498,0
29984,1.7511355974144434,0.3488818313036715,-0.028348422059595108,1.4044972780946012,0.8223833338108787,4.6275327329987705,0
94108,1.0508882409468694,0.7317864863922184,0.3185427636639564,0.27329419368002966,0.10067168042665374,7.20520731939603,0
20128,-2.263146790755144,-0.3600417738324499,-0.8417222679965889,-0.5355419832670971,2.3361141438503115,7.088528236200342,0
6570,0.6213903365383007,-2.524221680321121,-0.7238117978770413,0.17533239726846755,-0.8952518594688363,92.83501993670866,0
10578,1.375054491164709,-2.7061569997716033,1.205770384043141,-0.4889923835576295,0.15532711128133148,59.86483553865936,0
31616,-1.1890220592259844,-1.3042886623027445,0.35083947442464103,0.06778195717152705,0.06125074715436401,7.778847340567875,0
69569,-0.5463262643119116,1.299500767006587,-1.2179978405563514,0.18436666380910724,-0.7599298064504296,8.681663560918025,0
78623,0.9763736729794835,-0.4586002861898597,-1.6232176949497985,0.8910932893313768,-1.3785815503132692,65.33901436091264,0
58692,0.3199249336828207,3.280639910988998,-0.8295504528644444,1.1256412361475197,-2.733093852983524,767.9959828241213,1
46271,-0.25204912463485596,-0.07072004890021252,1.9330652257107903,2.147533132779986,-0.15649669658811755,25.20385781542645,0
63878,0.02777007853531545,-0.5356480725277246,1.0503174060369804,1.251277024961427,-1.1184948960779733,97.22809836732678,0
59766,-0.9679723903754718,-1.3015463831853458,0.07133711502838612,-0.8468374787977386,0.3272853461637792,9.704238267797637,0
32658,-0.8313061316402847,-0.3990068502286412,0.3880746732863844,1.052887506078674,2.030739469870106,37.70153839138802,0
70448,1.191955967642973,0.3291710222650008,-0.8491217032005768,0.511472632708368,1.2477107633065823,25.414671798830817,0
24466,0.6196631181624246,0.31008690835253166,-1.1765479739412434,-0.4295931247583048,0.24915245847302597,56.573006699104276,0
8787,1.8085899671214083,0.19698604998941163,-0.6271309945281689,-0.27806020413295907,-0.4175660590141076,64.63440314127132,0
97624,-0.1502520240166568,0.4552082481016471,-0.9988137109846277,-1.1593804506159435,-0.9450068291716966,11.896736551684729,0
51920,-0.9996488843142238,0.5309329863493768,-0.5009905968099438,-0.21068613770371605,0.7603585532585745,88.2195659983044,0
5355,-0.10247922314240923,0.3283623953335297,-0.4953671777646991,-0.7850507414912696,1.3852626027871713,60.67867789618473,0
3093,-0.49017850813700087,0.23463799594133422,0.8317939252957322,0.30946537655868,1.4350786539545588,19.139185224449946,0
15317,-0.4918194904828303,-2.0657020978301204,0.10156233219140404,1.667066148357472,0.0837729989333954,74.63489077781293,0
34157,-2.7950870659419196,0.23843984438833996,-0.8884719666699248,-0.22271508035637755,-1.1357025796379074,68.11037704843596,0
7227,-0.10489963779012249,1.4673820105354922,-2.256413898350012,-0.025487037055611343,-1.9706028206796415,92.80811364606515,0
60576,0.3714606883175098,1.1840690584438738,0.3806464279451594,1.1728707438555968,-0.541093284124823,218.57796964319948,0
75717,1.714554147761008,0.6053785558135218,0.11231835996165258,-0.6445869371669741,0.38142691296829023,1.1044442509364312,0
93500,-0.49458261278763027,-0.23156071365194864,-4.897255857567647,-0.9541325742930757,-0.3451597476058458,221.37651725127077,1
56985,-1.5890478856133363,-0.5620938101481859,-0.33017857477018797,-0.3014832461875034,0.8285788372532947,45.54128628821411,0
11485,1.4948228998923268,-1.1404457867700528,-0.7109032877644443,-0.7855081867916142,-1.5961626210467634,136.31876477177028,0
72715,0.9615000943039684,-1.0790244592678986,-2.101102840252927,-0.8530125633358254,-1.6434750023638616,9.08718616517926,0
75715,-0.7408542264806607,-0.848554259014613,-0.37360463790956844,-1.3303952330879645,-0.2233641605355503,135.66236372587613,0
11338,1.0571791296144326,-1.4952660600014247,0.7848997197486183,0.6268430611820571,0.2784453374190063,62.72003882624176,0
80098,-0.1815589215952325,0.18152549674664747,0.6780799393850981,-0.45200767305804407,0.1429518765536459,38.89289604674973,0
20022,-1.3197408180339942,-1.046878502776499,-1.1353963408262207,-1.1743118364953253,-0.7181477550689718,64.53334733188846,0
37044,0.7671469014357418,0.5331036100347484,-0.9344656698352467,0.3685481057512981,1.4822042085306746,91.8750120370623,0
50106,-0.683233042777688,1.2291836259407989,-0.5066970968393757,1.2137722786308258,-0.9136062071809657,2.00283581105462,0
82302,-0.8510345217095674,0.7445896031071664,1.2784062939240168,-1.4289917375127688,1.2938896058438014,100.36349995539973,0
42752,0.10801212243899834,-0.38670454127544374,-0.6934365427720093,0.5461267413725744,-1.5523861084883046,98.9685259238518,0
1759,1.1061868381238813,1.3232269477749123,1.2744480525552093,2.0418540868630988,0.11001126608989063,108.65302700153757,0
59494,0.03486241532916554,-0.19360239600739912,-0.28294497536435914,-1.7801367478958465,0.934970358025097,45.00381775050319,0
51955,-0.7429340962912804,0.3385937497892153,0.4521707472913795,-1.6009504911209134,0.29801628058391205,4.491333439608454,0
45539,-0.5913046388789457,-0.32713704663827264,-1.0837664368374886,-0.886508739870779,-1.5078539331971017,179.6083130004628,0
90093,0.10028972250703876,0.2912191217622159,1.3301333079378432,-0.0749326196232097,-0.9852135373957361,33.068882825591274,0
81941,2.432636324021755,-0.31136924127099364,-0.006310363664730578,-3.0741099936155956,-1.8778246086131056,17.186303907754372,0
22740,-0.4175460662545877,1.060153914745751,-0.19534099645859268,-0.6419926559511446,-1.3138611601875032,61.966497469470525,0
47254,-0.011645548834153046,1.1988468756167485,0.2528944168422004,-0.5580593603172669,-0.9944424213271602,7.945210206221644,0
60921,-2.0130006323096805,1.265799084366345,0.9002590232205655,-0.45192028309850685,-0.6663237815445242,123.29093890356795,0
88553,0.9708869120133524,0.49940348661769857,-1.9255620177702029,0.9375060366456974,1.818577903134121,126.77054938643575,0
88204,-0.7786738512970465,-0.5602216277648677,0.9619013805140025,-0.9676108601799308,-0.5336983208342153,110.74343286358616,0
14472,1.7202653088549351,0.808540758322193,0.9306886339120374,-0.10632092381281848,2.3052443734521595,112.20310211425006,0
53351,0.5375853070438055,-0.07142964623750515,-0.7022909050377665,0.29861946707825804,-1.2507322884010401,227.5868312642863,0
82750,1.6463292076954565,0.5912147846166919,-2.2163489560259397,-1.0340649961411605,0.4940673364796565,29.594059254304433,0
78617,0.7212781292490482,1.4362013949052208,-0.049173784270552794,-0.7128210148442343,0.5561051882043997,21.157287674294288,0
45420,-0.5228525870362869,-0.4646869225241402,-0.27723669854677996,-0.09203003358934295,-0.22192515019867304,2.766678841507926,0
4703,1.1653523825521162,-0.5611180472569117,0.07931147640280711,-0.7539772953871173,-0.7725013969171382,43.35474393463497,0
64805,-0.5286099642377425,-1.7121923601223947,-0.6338013961460311,-0.23308884201799543,-1.7074838772797847,89.4562256549711,0
20219,-1.592103669637827,-0.8516928244212486,-1.6929077124447374,-0.5837256583339152,-0.4047125489300302,29.767694458592747,0
6276,0.9139404693229914,1.967174962803145,0.011158911623571783,-0.6004491400265938,-0.0655083219194917,29.486029991851915,0
84478,-1.7984139213578147,-0.21288241591064475,-0.6949127775561155,0.16784783607778286,-1.2177919403842177,28.411459213976,0
2384,-1.1318863785325983,-0.600381390512336,-1.221785011464673,0.7659729081545613,1.8122749265077545,26.215849686798485,0
7263,-0.5918228767052861,-1.5473356864655803,1.2189321316067163,-0.6238157736022603,0.024644922194102893,0.03585578863215434,0
58017,-0.794062257036022,-0.34339547472429444,-0.9525190612762426,-1.5743633573235716,-0.2646788306983342,41.496428636456805,0
21083,1.7677573579602104,-0.554202454952579,0.26477278299039114,0.4732027780727616,-1.0866445364068422,110.24978031892852,0
26745,-0.15710122998950854,1.4765300374527022,-0.20694265952511098,-1.5676090120517445,-0.31835113770485457,33.20179826967873,0
27518,-1.1336516280303917,3.7118729174001492,-0.9071760656406265,0.034277409342967635,0.2486798709968201,1.3622636950771425,1
60403,-0.23476535143881708,1.8953239089521703,1.3985322446780686,-1.955063042721507,1.7867904854396721,86.01317150779933,0
17071,-0.43510685061213883,0.32000702692797417,-0.7568111256825973,-2.9852628822427696,-1.1391807645224268,6.783703071497276,0
27691,-0.6904777115664218,-0.18077509273742426,1.0133234549197176,-0.21756724980072378,0.43836513732889004,62.65597495877008,0
23093,-0.7846753875705005,0.3539507943769819,-0.39837213707773766,0.5642752106490326,-0.3843686746282931,9.359169618058402,0
44413,-0.41853573333948785,0.86151388816879,0.5873557717532321,-0.5743805091186861,0.2955587255237951,121.97800635492851,0
77454,-0.5721519329225444,-0.6102823114778584,-0.5006813998088716,0.7227104989853911,1.8803171068441742,6.533794356954463,0
80532,1.1508766027273922,-1.814447367262549,-0.39385053612312304,-0.6004150845169894,1.3452914123621862,0.8826558707916065,0
20093,0.16659057969910715,-0.9751559462030559,0.676946124385601,-1.1995541043074305,-0.2458942729902455,10.922372370056546,0
48330,-0.19960467236367965,0.8726539356295474,0.20551907288371393,0.6521335108484756,-0.513535305381911,10.74260314606855,0
54341,-0.3596988359733296,-0.7924151516998811,0.7751818291196713,-0.9133163944714809,-0.9328118064103031,64.24654587500686,0
9435,-0.1655353896476764,0.3949217672080263,-0.2118460555387638,-0.8511516934635965,0.6964543838660965,14.0290376376671,0
6102,0.08910076670387657,-0.6761490520517169,0.1818629132550231,-2.275696830927855,-0.6744937059980538,28.104648917574455,0
12763,-1.1473064837490117,-0.2680557684270527,0.13995758970452596,0.6434533119000633,-0.9091168186778075,0.45699112487037863,0
86936,-0.4598978426552452,1.168596592795489,-0.5779155259724277,0.5043114914764457,0.8719985271084444,6.740046574753866,0
8155,0.4620742558975168,-1.5339193555362345,-0.2322156326447411,0.301297078306563,-0.3224697241505349,0.06426255541380144,0
95257,0.03014639878201458,0.000875586240620727,-0.07115603179572852,-1.1243074063213536,-0.7097116266687317,39.30095440814525,0
97618,-0.03260376040084858,0.3586747060511434,0.5064209447780279,0.6844737091697553,1.6463288250625079,1.9559567061267455,0
11308,0.07239664781829855,-1.2707564549216974,-0.4696354882689994,1.2711506164868032,-1.1614555545212504,16.397532718119827,0
43950,-0.6334436347708801,0.4960210635212485,-1.4469585215458134,1.0011119697361803,1.222121059160711,9.247808579302948,0
1058,-1.2388150181242825,0.9999443433110298,0.6147530741053199,-0.5101193850409896,-0.4422142860251749,10.675623872149762,0
62154,-1.1312609933900393,1.4545182356013244,1.2459344583103642,0.29060916946140414,0.16265028501659037,4.766958756451524,0
42291,-0.5043199689792308,-2.2173089054711967,-1.1145006033325158,-0.8975172094498055,0.23626393695633352,28.23841244134781,0
11033,2.1597423126681368,-0.4271030163021271,1.5266469647929843,-0.1644711792196319,-0.767082877118273,82.3772255916292,0
57056,-0.867445996680596,-0.7078562474049283,1.536140701893776,0.7940915391664592,0.14345786108280043,148.18218591413174,0
51991,0.07701399598375847,1.037716615671117,-2.3836212600507434,0.5945400074189489,0.7064677488979768,85.39120402026764,0
11254,-0.2427288682128304,0.7332484725630033,0.8226882962396292,0.3176096345450723,-0.21961577814898187,24.47359659561792,0
87508,-0.567917478585953,-0.4113654880221563,1.8302184099405412,0.041106484080118855,0.1364299708993652,19.66777602199934,0
46163,1.4586813374587233,-0.6083983130978005,-0.5144780974176624,1.8783732034691099,1.6969974652947069,12.03958582359604,0
55016,-1.7768256615760247,0.30575330903406023,0.46427464682496516,-0.4373366073852139,-1.501097170037035,59.72353891048593,0
45740,-0.2690993186764677,-0.3057369316307639,0.5007933512270392,-0.20596056248916597,-0.6326784533149897,8.553395766753326,0
6710,1.3450186562715805,-1.1429640539185577,-1.4671263296585115,0.35727841174029784,-0.6138234237205725,28.1360579283768,0
78002,1.0014029102300654,-0.36409991015970355,-0.39275143795352224,-0.8700521195089783,-0.8935806138132218,4.699103652250052,0
82197,-1.507208565856235,-0.13281060880247617,0.6586218087487499,0.18127779894355706,-1.1417829837010651,40.23913109115993,0
83820,-0.17175804735996186,2.071132593760768,1.0694432755560228,1.063863464077885,-0.23664890497086166,20.58500368707837,0
38709,-0.653677053748058,0.3222408808824085,0.5359644092424989,-1.5511200738755966,-0.13487020749043388,35.961699315594636,0
67580,-0.9004579779694477,0.6282594678874105,-0.15768544119221178,-1.208450893664569,-0.35486759022840525,42.3397397516337,0
21225,-0.020027196843524074,1.28679100245301,-0.5075045619643784,1.8641501107119873,-1.2851722852951675,126.95936934896046,0
94457,-0.01786658140108544,-0.2708112728027683,-0.9397883083349045,0.45479945567380353,0.7929507038463439,14.18192407260406,0
71853,-0.38663419771430846,-0.3863782404371976,1.0296003861898777,-1.2602580457136845,0.31665015667655527,4.679278016841355,0
24917,1.738397194049411,0.8105361148297376,0.10691421276993877,-0.4188785722938289,1.3643351877441718,0.6979556282118813,0
85957,0.5035427567167631,-0.3572022912606917,1.9104238403739253,-1.4517012936507447,-1.276057323039128,110.80839177282746,0
14397,-0.21540612797099312,-0.7731004559390707,0.27545109836331394,1.7645351240781617,-1.1653351635933518,34.90067883069041,0
5482,-0.7315402947263614,0.16427876433428473,1.3313949355150587,0.7308048299381706,1.5904750389689508,139.6145181457003,0
21754,-0.15404003002697222,-1.4743508560246943,0.06960207363820838,0.7519995285823454,-1.1641268684493562,8.311260055428344,0
30659,0.6482526563258691,-2.0222458092034,-1.7104423501281598,-0.1255376798911237,0.8706240608526813,3.1419605949613154,0
4621,0.9424092950341348,-0.5935903593905646,1.4601059062478023,-0.06320453445223755,-0.2622973019414071,31.384977807308978,0
92062,0.2906214978498015,1.3483754483380468,-0.23093733744925501,0.5600215153396962,-1.5562338893126808,95.38593096458949,0
93718,0.9440421481490846,0.9747256009057284,0.11690053329630949,0.26511150080124585,-1.032747465150256,32.986985120839854,0
77801,1.1825169176703132,0.4693077924198947,1.1917511255579984,-1.38325948552308,0.6697406256622814,21.0781724159596,0
43472,0.24174080853257543,-0.36537743585665683,-0.02223855383509401,0.9887759285215094,-0.031516226969471824,9.820913253210378,0
7069,-1.2745208738851306,1.5538331422956793,-0.7650897883929612,0.12371225161601178,-0.11165347651596347,60.63883499640904,0
10647,0.016120897460654492,-0.37701328298679065,0.18290515945825367,-1.8588618040055669,-0.3176169133753296,9.527529148633624,0
26723,1.6343831986477642,-1.6290932886306528,0.3067413093760945,0.13880737873873936,1.842910963016902,161.88548211409136,0
4017,-0.020797830532211254,0.0032443440781993525,-0.4459930579434315,0.6619481726630806,0.8311830428634016,37.16272690745704,0
33320,0.4247993134767853,1.4021818738013903,-1.0716491536683932,-2.1278881946769914,1.063442289187257,24.392165568190226,0
75450,-0.40609112889156374,-0.28884783873196923,1.7522111572056083,-1.3918927300953639,1.0836047992064788,233.77511053935262,0
22534,-1.096199523567522,0.5116663001659018,0.4605658786015438,-0.037599152861953644,0.11168492980170339,28.58156256583508,0
69122,0.3817178508400354,0.3584569662278545,-1.311758544475317,0.6221351865315605,0.9279480251312169,6.183677185453798,0
83276,-0.2935224638814117,-0.21756368625587086,-1.2409214848171524,-0.3567629393485015,0.16207884958563462,27.784027780636833,0
6090,0.21156483319424793,-0.44352441480040034,-1.1106135266653414,0.5290829817297604,1.0341167309060062,270.955376474384,0
45714,0.011936780181387968,-1.225821768681723,1.3100562153731727,0.26872139437193016,-0.6390202216625587,15.275152788324526,0
63374,-1.5462779189814124,-1.1242767035241603,0.33299007977811707,0.5228932094290569,-0.6025166031117963,0.3242671116690151,0
65303,0.424359439923299,-0.04912272262259028,-0.2134009278984776,0.5903439118771275,-0.330630564115611,8.95156450596143,0
47614,0.7939465334712549,-0.039904311589052395,-1.203124591748787,-0.7157048327215019,0.20335983595301022,2.651970219359077,0
66412,-1.0799098408608079,-1.4095488804076082,-0.42026305469107744,0.6421646849882297,-1.4184043220776095,4.111472502245691,0
54935,-2.6401558465442574,4.931690317967169,-2.4348831190283207,0.8383365654811661,-2.271453180235408,42.782664364689616,1
61529,0.29188002611631647,-0.48214261100469924,-0.18863466385217598,-0.24763775482431943,-0.8122284967914727,8.498920631877976,0
96826,1.5365341563181696,-1.1970856815502995,0.26343776865072016,-0.19759296063294687,1.2574744854941986,9.046113292735315,0
46850,-0.7629406833321151,-0.2532212766165934,1.4937943478681257,-1.564858190971569,-0.32608349237996515,70.71964160438392,0
61744,-1.173036768240876,0.558267500333747,-3.710045020125664,0.8168639004827559,-2.871553237699859,2.145492203366221,1
14226,-1.5855620458659492,0.9037327842984106,0.79821695357066,-1.0871672657163192,-1.6683113541853407,138.61437629948003,0
2869,-1.7612425786366435,0.3292500621593337,1.1875055205126552,-0.08954811551035001,-0.6590390212767135,26.111588103075068,0
38304,1.6216475959513212,0.99997606893382,1.7853391366968123,-1.3888433682294679,-1.5688016350846476,22.51474024364912,0
74619,0.5024883236221023,0.039848239515323805,-0.7982871671857356,0.25750501190948666,1.1931942244766973,10.770497270611855,0
43764,0.04402595756180984,1.698553206067221,0.011240233861028608,0.24203206460620047,-0.7795320134179516,79.08730110711855,0
98511,1.7867554488303223,-1.0078465490671427,-2.075784765046595,-0.4133215854485946,0.6171836136035294,40.78706631177119,0
2200,-1.64023586666347,-0.32137110185219164,-0.5181357692550287,0.18002928663771678,0.19932885569481296,33.919733866756935,0
80758,1.852697094852882,0.8168979113065603,-0.27640248323800076,-0.7725173201647596,0.2600006608759651,29.804450139727145,0
15485,-0.75848159912481,1.1105125515124403,-0.17891184212026082,-0.3655126362807712,0.8810347536387857,2.0545391887733704,0
65681,-0.0771647752112645,1.015046943458476,-2.8296823039074646,-1.1513837351068839,0.9889220147678934,4.789943309398927,0
51195,-0.17198649540817798,0.6282947190876064,-0.48984742313183643,0.8357707238441429,1.500077642103384,18.155524985529283,0
35909,0.12404180777202146,-0.8906003988521356,-1.5119852905682407,-0.2989771050759749,0.21992111489591223,27.204246914178963,0
23959,-0.9328631117935932,1.6186680462086267,0.6045303061799301,-0.7407446188890449,1.1293376791865164,55.795630490897096,0
16209,0.08287445399233105,-1.6947505248528592,0.15358500003462883,0.6454695249490044,-0.6324848747770179,2.753259933485091,0
16241,-0.0283398453664603,1.811701208981497,1.0153815223840665,0.2186656225918904,-0.47667367995120236,4.5941559826507525,0
76637,0.910251681532861,-0.1298726431173898,-0.012588778647906937,2.203656792889412,-0.25483393551091205,70.31108792612709,0
22207,-0.2279045472268739,-0.28507574290574894,1.4129175737918527,-1.6089517293264544,1.2653177076063253,12.383941559485626,0
19991,-0.5455526027368869,-0.9549853534635654,0.8003686802923236,1.069413764731721,1.6852241192036175,26.758461344921823,0
89081,1.4623741514234287,-1.3764734410914066,-0.13791604105950458,-0.7854156279336412,0.5828797294777077,2.243649455716463,0
33365,-0.14698665016498094,1.1070142239824061,-1.0933726863471092,-0.6282634730827698,-0.3679849771776789,38.88654900386941,0
20644,-0.7168742707124743,-0.19728558300943913,-0.11180928233577364,-0.1991309775185228,-2.137798854962697,13.927827212950536,0
19675,-0.017280136061296122,-2.2555209723316882,-0.142547237861408,0.6484564959587702,-0.24304371644965392,64.4688934533649,0
38518,-0.4665549688269199,-0.08933492345641343,-0.14393338401606803,0.8689265622845058,0.24888852314446733,30.27363692319362,0
64820,0.20222587459196467,-0.5257449832680463,-0.12819824085215326,0.36832699865464447,-0.49496290851828206,24.536943501757477,0
83251,-1.2702318390275464,-0.2871298562298711,-0.7594573199836635,-1.3004904039002187,0.31199242869089533,5.459174856321205,0
18384,-0.022468976674567223,-0.030015732047902168,-0.4298727342120928,-0.13973688217377114,-0.9231637797389002,13.28512498118268,0
79473,-1.1548940361658717,1.2930975212410925,0.06445508322799433,1.2596179891688926,0.30806035938715215,86.83413582074434,0
23049,1.1132723127393926,2.2204806215211894,-1.1833941744295695,1.583952166671473,1.4537960520722502,31.179348664161928,0
25711,0.41450272056286624,2.0866256153414393,0.6284007960474711,-0.9306400869747108,-0.7733934408619441,45.74340496824409,0
2368,0.5414440993897373,0.6689403187957681,-1.212079295109567,1.6145647607569273,-0.475470321019185,74.08994031594318,0
51631,-0.3184817988704806,-0.4630462600250518,0.6322213684854999,-1.4294597003250686,0.30354543883134116,13.275651870097747,0
9171,1.4268361417556514,-0.5775570245230115,0.4038173938478745,0.38095088921207465,0.6202085531273911,29.74731741018936,0
83211,1.0699134354109718,1.0484018731416267,0.8303669550428232,-0.5628291493608575,2.007186216985941,8.343539423031892,0
89859,0.8904185854902072,0.24139996626790924,-0.6724595311842119,0.25321909055315567,-0.2558311149458504,17.701804031342938,0
73847,0.6778539748410302,-1.3496500299658434,-0.36054902617202,1.739279442772578,1.0275967859487591,172.22045748766888,0
32327,-1.470470693704303,0.31932188607293716,2.414950633712375,-1.0456378672053173,0.1305224576036408,32.419190671779084,0
9686,-0.2730212174159279,0.4328864946404487,1.396863893052305,-0.4977668243330497,-0.940972322519671,14.539193520438396,0
68803,0.2034146733895821,0.5628109699500876,-1.2074556814368047,0.313926446629339,-1.3649269809680389,19.324554756851974,0
61858,0.13617467474782943,0.9810709238787138,-0.0758367202452196,-1.2267989859396826,-0.4220669515091928,15.026644533912373,0
32298,-1.1431606060400803,-0.8114652006233829,-0.7501750339834308,0.04605604282380473,0.25815454908069196,0.4621743663778181,0
18971,-0.7230156982860678,-1.179557021683391,0.29352587261165525,0.5443006148308525,-1.6971807779520849,53.19708449568728,0
36444,1.1894182844634764,-1.6759559708658476,0.6015360185136042,-0.6693766082162661,-2.287747458122683,10.169789661595642,0
3972,-0.7873259126880789,-0.3643201628489621,0.20121297085981218,-0.4564247325115009,-0.7174903668776307,65.11906913898305,0
16237,1.0051591066900896,-1.6547849517952353,-0.5700439924170096,-2.2828738651196097,0.06063748823472024,29.20510971274205,0
89709,-2.059781569210089,0.3854101769320479,0.7264777152506449,0.6131525036237014,-0.8412085388985402,14.141244201820314,0
20764,-0.6116015792028642,0.8433066744329553,-0.49589815629597495,-0.30410011381914887,0.3893470228067903,4.424533086434074,0
36397,1.1538941345384908,2.0187249129722367,0.6819230032173926,1.3813452682112073,0.7079243501566491,14.829226243266202,0
46819,-0.9869515117257659,1.6584359070094898,0.31609675546062715,1.2302529817992063,1.4899263536002787,88.06710110388967,0
27624,-1.002545632389522,-1.6455770589327428,-1.6771488774994348,0.20149451784468989,-0.014223395806873939,123.50062687041654,0
64028,0.13573304258710203,-0.5495377985779493,-0.14129889580556862,-0.3035340067177484,2.4538970952253205,11.469352121871298,0
58671,1.4654301543277208,-0.8658042625918827,2.8863288812175214,0.4018789866259651,0.22863727001558692,80.8159605838844,0
41688,-0.9275101847098595,0.5973604797329994,-2.3154453373656176,1.9118135898933488,-0.5342724683441019,24.48772121701424,0
97203,-0.17115638675036388,0.4560395883836946,0.4587974992733392,0.2444647433512436,0.44903948583537623,18.442312989449157,0
24170,-0.7345338183480314,-1.7787817299151834,-0.680014768218883,-1.636008579151261,-2.1409313578867395,23.08096864773292,0
38467,-1.4241224116579378,-0.5986481381993365,-1.5854006369390417,1.045702891964966,0.37623027124794367,10.933877928111208,0
16241,-0.9628017639684975,0.8209033054358575,-0.45068495113308804,0.03603287309520233,1.8716912472402363,5.790518681615516,0
54330,0.4883647602144977,0.28398781971254555,0.12673148563790018,-2.0308581451747902,1.9485260424458128,8.815246280784558,0
63230,-0.9998952922481001,-0.3202812299610218,-0.2870858663221182,0.9436308178168978,0.6092778559647584,76.48219716832733,0
55609,-0.7239081891542735,-0.26232359629912794,-0.052075163942980264,0.7927029496542347,-0.8207418637012132,47.268422438094724,0
84700,-0.25721603684469535,-0.6887323175867517,-0.4826373711344015,-0.6277757011336205,-0.7315947374932197,11.166816697864897,0
5258,1.6453818327071346,0.2789781019156488,0.40517254459739543,-0.6254094347326481,1.2324539079778185,4.626873450253989,0
40785,-0.9464191472847515,-1.381993551174754,0.2605732060304859,0.6883606091975978,0.7553593749568626,16.253471168622177,0
87054,0.622932269811964,-0.4904002065731625,-1.6216014229044902,0.3520515109518273,0.31072092333422824,41.756358540162296,0
79141,0.8645719724972687,2.055220968516346,0.4417404281684909,-1.3851233906846052,-0.7710094536636743,7.180710980969137,0
43355,0.17376920195727316,-2.4809745673016015,-0.1612166055924357,-1.6999821246734823,-0.04581424291059651,12.654535496152683,0
86807,-1.4524983970876972,0.6457378503779051,-1.1002243796808588,1.150624009712789,-0.8630058476105167,58.94107541012077,0
65697,-0.24036503163270606,0.43641023868737466,-0.5143412605706125,1.4325098198225428,-0.5633825874262747,51.47389411194935,0
24217,-0.7529053954279397,1.1213940199703027,1.3772098071488719,0.2964273559915325,-0.0035611858716525836,2.687597683929059,0
35643,-2.044556252937615,0.1361958628054981,-1.1224091618015102,1.4575984784712448,-1.306889061282646,5.614435658230681,0
33243,0.0403304008891439,0.7801577172566626,-0.29792540895699365,-0.7623523716720163,0.5212747372860739,33.103082979245464,0
66314,-0.648460010942418,1.6986881537835914,0.24572839181969625,-0.4888842346927854,-1.744648066784945,0.8128031548049275,0
15398,0.3460523100870328,0.2305980188939099,-1.3327707749297721,-0.6135759193909469,-1.6095051276579868,11.847539870973122,0
91012,0.07262738817940276,-0.7953836793707056,-0.2980841033181589,-0.4203574784240349,-0.5810070334128723,8.990199930991674,0
63483,-1.339752253686006,-1.8065594062345491,-1.4551949957935235,-0.061645926802185634,-0.5764648992387994,9.197346982224508,0
91659,-1.1319334675943329,-1.3598560244719025,0.20726875313021484,0.332698276703041,-0.43086016075627837,44.78973206920344,0
18793,0.685124338415306,0.5304587899390387,0.6508368368858828,-0.2772875847536523,1.5769021798107064,63.75845698710735,0
91055,0.6558681791462481,0.16838302778308764,0.6946441783379123,-1.551359220896578,0.1901479921252132,3.9131451086697093,0
860,2.5403910976814337,0.4746536457573453,-1.6721490355238497,1.0408916439114408,-0.7562534811269974,90.43034056564426,0
72516,0.7302497537329496,0.11237668162789474,0.7181787951786809,-2.358238198401734,-0.14180197131995256,62.41614309450587,0
8640,-0.018229756791304785,1.2663193645190556,-4.5204704336063966,-0.31264925529020804,-1.052569011947409,45.37850378172749,1
6368,-0.17762495864332084,1.7733350570043276,-0.5218554578971543,0.031772225936316775,0.37870195990775973,25.53986606612281,0
55645,-0.4937275860582207,-1.0081774793848166,-2.063938429603112,0.4623458158727735,-2.013072190073277,4.497994544815265,0
88896,0.23341546110730832,1.0716639795447496,0.5435185493640222,1.9223458376666447,-1.4408469541403333,1.9213157405395969,0
9866,1.0584747721189638,0.5574705280918698,0.08505322082348757,0.11629513511427116,2.2318976052591433,34.554259817645175,0
85076,0.2099792807577828,-0.5023907477200587,0.5207929984500359,1.0811274741199504,0.3382991274584478,40.37836200750685,0
84056,-0.677113945880534,-1.1150848070752997,0.8528564394017648,-0.12891970800619026,-2.933734492974521,42.650053771212455,0
14743,1.8311470752546317,-0.7162669418890676,1.2853701610377257,0.21718730728048394,-0.16469795285797176,39.24973942727753,0
70640,0.6117870490026632,0.003988560511122636,0.1705878131532736,0.12808588820996464,0.29203797700007733,5.59544650176805,0
97820,2.207998653330968,0.0655809713701782,-0.6979916205382681,-0.6314322303874383,0.5101797436751645,157.48478650852593,0
80404,1.6422722811658959,0.22087622608652624,1.2503091888975149,-0.07467471010404506,1.0148308774077393,27.901896679742382,0
10258,0.7528483312002712,1.0526493886477606,-1.2832425671459746,-0.0759376371707834,-2.5963715311178697,2.6291429287657877,0
74218,-0.01916049758164179,0.33295020049012247,1.6274389692279618,-0.7626356063765112,-0.1101505371701627,0.6423802341811204,0
54306,-0.2548996154888451,-0.1801911896639009,-1.3568241505532372,0.5988933435717095,0.7818633025076417,59.23002556813513,0
6640,1.439293483835469,1.6980131615034877,1.1711304464147227,-0.841611577887965,-1.194150808306201,5.752730898596464,0
159,0.0015439684122525292,0.19358699506569838,1.8507736460120157,0.04370319269480575,-0.7489295316024224,5.827686391672407,0
85616,1.4596548295855094,-0.38338190226126884,1.0980235492601698,-0.5165189338756034,0.3540768037813694,21.9194082082837,0
65545,1.019343267248685,0.7962627995269133,1.1692196043476297,0.11891506637456102,-0.29745121765773147,58.412212568912004,0
39952,-0.5018515894662998,-0.6889647558534987,0.7335184624712162,0.45876279597417424,0.43058183149142465,39.291348216237886,0
13283,0.04337195668334984,0.33010801011515206,-0.4584450688214202,0.5770939079373297,0.36866036826184695,44.06769355330026,0
99259,0.4705989135033593,-2.558876230187336,-0.5229771004631462,-0.3108738148769548,1.5165218223678032,16.33461295940963,0
65095,0.5317973984806225,0.6875477146212243,0.052812202494263556,-0.08373054967520761,-0.21613375733764045,6.03194516504489,0
62021,-0.613598571738008,1.4943366208944862,-1.0477462850493768,0.18941886551813444,0.5732930561652154,12.621539459054631,0
37418,0.5661383087123703,1.4986923173282682,1.8662730762681676,-1.1506958624638546,-0.2664635602561824,226.78195013397732,0
79063,0.2685105257470888,-1.2391280239022682,-2.1195518356393817,-0.4501804227316995,-0.5247400475060665,53.06499014831631,0
95402,0.3992694076141758,-0.5838027669199817,1.7831584515836283,0.2676804458393133,3.006580180746723,155.781527913457,0
2693,-0.09387455497335931,-1.016888549129112,-0.8799683576065088,0.9499854173875839,0.22518789756840368,131.6810752058117,0
1813,-0.524318113969408,-0.3847000088575499,-0.1651288141675722,-1.3374403318258017,-0.16627421318813373,30.18925757415311,0
96566,0.40884321181450367,-1.742696701788964,0.3000735046672947,-0.37990291232555723,-0.4906282985959526,2.390485293501595,0
78581,0.8275494549858542,1.4713754166475006,-2.1375808863300567,1.0899864397269257,-1.820308660640846,13.63267848396437,1
31821,0.3708302093362092,0.665567197875302,1.4015781389994453,0.31667965978998325,1.4071139586739796,82.72864815043216,0
83847,-0.7022495423631435,0.6478049719508239,0.5175309627246585,0.6765804201387406,0.3851094265085037,205.8650525056161,0
30306,2.473266082762811,0.9249146692185436,-0.27903673405722407,1.7849827566808207,-0.006172974279982181,4.318043191951981,0
65697,0.04487323565970198,1.09667088749613,1.3652260676801675,0.5284041345903148,0.8879325447984122,32.115215290834485,0
78471,-1.9038624751242004,1.7963707747586768,-0.16796274132646088,-3.0709889462277067,-0.007779170425073502,65.4461364557935,0
65441,-0.7375559646469723,-0.8044767380716004,-0.98870611557405,0.473492435420027,-0.13732762714836927,3.071812101437328,0
66320,-0.04749744545486307,-0.28943619064809273,-0.20818714378121492,0.9496593586124389,1.865399201692716,8.758137200227974,0
38756,1.729289675723977,2.2823423382265653,-0.3636101362420109,0.7766522431924405,-0.2645963657171757,21.899379219915144,0
23236,0.5190695393722207,-1.0563434720992264,0.7142993841007695,0.1420031052364933,0.48954506214655863,145.70733988268427,0
12816,-0.15163681795213102,1.156690465612893,-3.6604990446588017,-0.9271954372584592,-3.1509619419991983,17.897335492537692,1
33002,0.12554527929976342,-0.17846899441444944,0.9975385929663236,-3.1069260191991868,1.4727324645227837,30.2427662023461,0
17347,0.7102985786210347,1.8359124002008285,-1.9745417840113808,-0.06377856362809804,-1.628473857527454,29.51929779407672,0
27139,0.6500889080816444,2.1850269286444295,1.4465764535017855,-0.7093492458268411,-0.025461110764491424,102.75230184371686,0
84514,1.986410576273252,-1.422260182210169,-0.5065133960964893,0.7319924316095656,-2.9995261606654773,84.6500807839973,0
43619,-1.4395936078302172,1.6355541783488972,-0.36897665151337017,-1.7516266696292417,0.24734614024958101,14.763286009847018,0
7610,0.5474377714155506,1.7865771239787347,1.0508385454367086,-0.18640835188905627,1.32337947890056,14.860937046330228,0
60315,0.6401707108826453,0.61758990470135,-0.830805904848733,0.7770029625172802,-0.5216987674946778,138.66972226324168,0
81554,-0.40329558191709247,0.6721675822523486,1.0341529977218715,0.06056830704670717,0.3307543400065834,80.39492040466106,0
92241,-0.7482103149624749,-0.3642404820512782,0.16127459380310194,-0.813555652147612,1.6644355555083543,48.01137694201848,0
38158,-1.0651560140953598,0.8402754540097592,2.641030778662475,1.8872785622056851,0.296594543674097,48.8425669370165,0
87895,1.6332295165199409,1.550278824078565,-0.1634989587288872,-1.0231036064151164,-0.3786625412493349,14.175009940727593,0
33276,-0.35283390585135754,-0.6243219765982982,0.07486429894211466,0.08543234658079632,-0.9963472460499055,18.932644785842875,0
77576,0.2863333298670089,-0.01917862516714182,-0.2745094076227692,-0.32835192190592716,-0.4901656502040073,50.93874468440542,0
77425,1.220782917368932,0.3399049296657207,0.3905465704266527,-1.047194991883691,0.6749363322737297,94.26060119679296,0
76917,0.6086021639305891,-1.1640049100033534,-0.5072841646663382,-0.8345401287039296,-1.8146473905153737,18.074632395452102,0
16364,-0.16046355181704455,-1.237699814640416,0.434971472673564,-1.6365086746051831,-0.36289119871837217,41.963509777719146,0
15449,-0.7414954274106673,-1.443770055576542,0.534118811938557,2.335520893756594,0.5896034016824476,77.8044800500484,0
1651,1.1053069074036117,-0.07784778154432369,1.0681132885028883,1.4313126129013696,-0.10855462162592926,8.208982677202444,0
26641,0.3510524809546788,1.4634613465533428,1.882865749640369,0.05378512588327067,0.7096271420368573,73.36413617363867,0
89613,0.14980630694108532,-1.0223096560479346,-1.1469285123354318,0.10735731758723639,1.134823905993749,51.857192641394455,0
36593,1.7580693607288245,1.9440486756879016,-1.2539027591240839,-0.6951481700270656,-0.7167271838795211,6.796863579916186,0
75897,-0.4249268355569598,-0.7154255205767448,-0.9681310092523677,-1.2497790457432416,0.09230029436114771,58.83735941515056,0
30981,-0.7882151673019151,-0.9290649408936263,0.11967904986594737,0.9508435993402361,0.006392465731143423,22.606261910020944,0
94660,-0.3002647179188309,1.3897925797618274,-0.5470738565215975,-0.2521389491112569,0.24425766747543023,12.455402997422892,0
44843,1.2933698874856707,-1.1800090873473532,-0.09941428931580211,0.12675704373906307,-0.10954047363581275,5.461458554704887,0
96546,0.334157621873155,0.3246397411466488,0.1791337902429902,0.6208041800195778,-1.4254590845909751,51.62830169926546,0
62522,2.518714099294463,-0.17173600889506777,1.0959894562453656,-0.5035221872999496,0.3176548885256214,6.81436342510363,0
33742,-0.14482595359958514,1.1747976933816309,1.108997119123672,0.5680521563119797,0.12665903155703578,54.429738028983145,0
67584,1.3903331835321713,1.5210149413423977,0.25883640606842534,-0.5041548835536127,0.10810126312516541,32.819354537865884,0
37841,-1.9286814348628423,-1.4022050903368122,-0.44850253406305407,-2.1072982947370593,1.0422088065347175,14.741133548511467,0
40158,-0.4989511237259181,1.4175622239040202,0.4493766390248095,1.6197390823843134,-0.29095686434046114,45.17457210631046,0
4138,0.618884817865093,0.3648287889421647,1.5372832973619506,-0.789088675511887,1.029431494057863,26.050711974117824,0
18020,-0.4558827353720192,0.8739744760317137,0.19732424223386374,-0.7018445273715551,1.187256489933098,25.071919960039345,0
5782,-0.2715583037938346,-1.1169803085905285,0.24465882966440797,0.34374928497275403,0.8500937026620364,13.9602249078049,0
42929,-0.6478460484060938,-0.7635405870758643,-0.7333306934278847,-1.1742279297823626,1.7731600995871857,12.45433667705362,0
10058,-1.1395027940812656,1.2456183122182143,1.0191848538616466,-0.05381086900532917,0.8696513957275637,119.84785950641349,0
67087,-0.6900392859926178,-1.7901523661966843,0.307852774423666,0.3011486340469518,2.097642321240189,9.659356574647306,0
11156,-1.262845249768365,-0.6115805703465956,-1.9707975152931905,-0.4110586047583252,0.727486872241873,105.68274506449318,0
90397,0.7526995710756373,0.039933046556253286,0.051502719973320316,-1.1861102777281374,0.023194115226810665,12.464819983522059,0
76919,0.6847193878884175,1.0054503350780786,0.3845668539420678,-1.8636963563307483,1.4903300476284473,90.84540907357625,0
4158,0.7075423509341688,0.06813255569934913,0.3744588071991203,-1.3521213205763554,0.3991186820646895,100.33275014712986,0
62680,-0.25828866331511835,0.8660210649846025,-0.36081014917830184,0.12230919098792595,-0.26875637403827246,5.426197488699128,0
12828,-1.61417633496484,-0.1712125037821117,-0.5013837093931583,-0.9628913596242082,-1.285735964772452,186.21675778110503,0
53268,0.21114021307695982,-0.5051094154115093,-0.7349673486767199,0.07872821703620124,-1.06694935411745,21.024533103929677,0
62956,0.30908361745445717,0.5955383221999349,0.08836801975427087,-2.0428709059209362,-1.3629332045490619,21.80736200608797,0
26289,-0.7781814783754998,-0.8069782666399364,0.3981787880153095,-1.7078935349386917,0.8507048835988336,4.344554640734276,0
9752,2.762684532731502,1.2495376393526856,0.785916086903764,0.9850879080828006,-0.9586299061284765,73.80512113790427,0
32955,-0.4451854121582469,-0.5238126045090208,1.040349620673238,0.4231223673518206,-0.07019313129802682,26.34444138873776,0
90932,-2.4671030871527635,0.7948323736385847,-2.7565560181194724,0.21936237756274057,-0.2975868730001241,792.9739128389394,1
86661,-1.1814784087351164,0.8236922388427681,-0.877489510734938,1.7780377726452856,-0.2896071100107641,45.36575662909962,0
70342,-2.3384282002430976,-0.987702687655587,0.7863963530491347,1.3731158418664868,-0.8964100720732567,10.5440007358339,0
92201,0.7601080308146904,-0.6341434452723188,0.5329773658984741,-0.49194667841980144,-0.9835307005214492,17.71050308678424,0
10211,-0.3888097854593733,-0.028526458109744773,-0.6402697053364846,0.59604215712279,0.06395899789624428,2.836803477969453,0
94776,-0.4749346222212478,-0.029969424069509792,-0.1111413251951515,1.2923201351052573,0.4580131411448066,62.25224015888809,0
89812,-1.2422492314691227,0.07974966748849803,0.20048900501679653,1.2362367061087687,-0.2636442797444125,59.56206724269233,0
6941,1.3244826258410705,0.5121711192871908,-1.0717180793482237,0.9218900548156326,0.7353959926953362,7.22680136876162,0
55826,3.1496480111345417,0.017917738221916595,-0.08682070928795677,-0.8185902332490166,0.2633119981877094,71.36308951975792,0
83104,0.4837788340027778,0.024107168287894772,1.233242982485753,1.2741652805932968,-0.5268775559595175,39.01821594685678,0
7851,1.7754145751546893,-0.19060853575922052,1.836572634028904,-2.2587494578265033,1.3946531869947891,21.96633453230412,0
48758,-1.457776087797201,-1.569472453051818,1.683817763331205,-0.2806157612343353,-0.5586532027475263,5.648413119340875,0
27962,-1.1322791295448962,0.07208750410662172,-0.03611607551891809,-0.22461483793658132,0.4844678488646676,47.666024714462154,0
35435,0.4349370541780767,1.822271226723243,-1.4953821824487257,-1.3133070786186722,-0.6286228165629552,4.5754283539772524,0
18474,-0.22475898485840615,-0.8478509736907655,0.7212779118743922,1.915626305174645,0.228640138880106,22.062684136883757,0
23648,0.7631000245479146,1.4346987329613874,-1.659169687533271,0.5989984011251621,0.33104768738696627,15.618359616075612,0
1062,1.1815631368820914,-0.7079529306359024,1.88811087881252,1.2227260100852637,-0.5476546022872474,14.442744656237739,0
69669,0.5411930073004309,-0.7659040109460482,0.1166107956322724,0.08251617275026123,-0.15228111444270692,91.34851765064849,0
6629,2.0620511530068595,1.8063571593725565,-0.6721149512375412,0.11331057830322679,-1.288790996710457,62.58082217665366,0
64503,0.3806554213602774,-0.3796535890915712,-0.7509676978032308,1.4124145312183314,0.18742875535042403,8.999279181827365,0
63610,0.29740069139109965,-1.6068579463628425,0.3227610568764579,-0.9153607618436007,0.44356182717502385,44.07792820157113,0
30523,0.8902605314672007,-0.005267776652484927,0.7003694696476837,0.15360191986532398,0.692479235150359,24.4456286545864,0
27606,-0.3800719668924537,-0.14323554191355994,0.3395709268027178,0.46014388576669846,0.9945420009003302,1.1658412518501278,0
56447,-0.5658235103536783,-1.0001675514487454,-0.8722740951353968,0.9026206787326274,1.888779783764972,226.0659022884858,0
87369,-0.7857002208783427,-1.6174897792415734,-2.143995262641302,-0.24950139987957742,-1.4760178893576077,41.706162304749725,0
72617,-2.830092617219099,3.1012299275515387,-1.164880379093955,0.5667519002619839,-0.7051656978973042,218.17294843269184,1
91575,2.274240151211362,0.9631090120434588,-1.2118542487185013,0.6542407547832082,-0.4053975640786944,32.10115781375869,0
39194,0.9194424164250404,0.9205737054833188,-1.3749829590853453,0.5303228814368888,-0.7670375267488184,17.53129486268738,0
38211,-0.10254177150997427,0.04854854468103579,-1.827128939574133,-1.0792654771058403,1.4081956056130922,172.1356246380777,0
39464,0.9430159085677375,-1.5535572229478418,0.005930498097845524,0.7458785015464382,-0.20670107682233727,36.452173440501994,0
79605,0.9391589131441817,-0.17486163567668153,0.690094797602683,-1.317777837929614,0.625776514830617,6.318375474465348,0
19552,-0.36775200351471965,0.05474395453837187,-1.772863024428604,-0.8635749350061727,-2.2688978033936578,29.128077913034044,0
52736,1.0787190508030151,1.7211691287592639,0.9315796230032862,-0.6700596858653397,0.9686490064537576,1.7644034271014832,0
91248,-0.48268326364734954,0.6249536980641566,0.22728888284546345,1.3890346755481984,1.3176372766281867,123.25610569014233,0
12237,-1.9698967934405986,1.007209102997765,0.6256003295579746,0.44131336970445634,0.16623620077891424,16.739519767443706,0
51707,0.7961798949762344,-1.6550168940722543,-0.9714339279224332,1.8784306986608357,1.6332124159788812,118.14297724348775,0
76957,-0.6906085414833233,-0.5188301809198854,-2.4309326470154935,-0.3661916386486347,2.4570933751477155,13.396017973610633,0
26201,-0.20529259405139316,0.8748468271196571,0.7409003258682187,0.8859443236003517,-0.4041280008163776,5.122500492822375,0
92464,-1.1366408834672381,0.8096282780621594,1.0273140059700046,-0.5849761029581865,-2.840842536862366,100.89293761294103,0
55506,1.1061717517923306,-2.2569653844766964,0.08867731672515512,-1.3369812804758388,1.414686018023137,3.7643273098238046,0
69212,-0.3275594233689797,0.3038877592858257,-0.07647062184746294,-0.9198535488916011,0.7536736733085176,30.4702668173313,0
58243,-0.6196364239164643,-0.5414589086036469,0.4374746644216136,-0.9202440309016282,-0.8403932641388425,18.245722456008238,0
47775,-0.030096707290532855,0.62400913211282,-0.06465904405918249,1.3245698181930392,0.0265135672152323,136.21720739813142,0
87886,0.6109643442466431,-0.47357931981800644,0.5881732469452824,0.01815076616077974,0.7266615021191012,44.16987454458693,0
60631,0.9687451087912454,-0.8335684515025388,-0.863364761768626,1.5626158246707789,0.35177100715540255,52.81804605527639,0
19201,-0.33375860549063696,-0.9245598282041674,0.5156143007854291,-0.96169161502585,-0.34359738492837333,21.890237797972812,0
82558,-1.7152852174529993,-0.8755621004332629,1.230357722628503,2.0461141976684316,-0.31221741908597206,18.391915821910132,0
95071,-0.5100865767189783,-2.9310967637125387,0.427551801109357,0.06146633792185644,0.8875284721626011,67.02696571854116,0
75945,0.2737597054639536,0.6418107560002312,-0.05966649781699161,-1.1514746785015864,0.2760007223967418,12.914742616667565,0
28016,1.6735268417175928,-1.1048695867855087,-0.6259807525302213,0.3095217495653957,-0.3044375767552746,20.58328553094283,0
78860,-1.0610105987880223,-0.3611424346118292,0.9560099376296091,-0.01642757273097545,2.299777867630661,10.48291291953466,0
19870,-0.38968064229955557,1.0553709578623531,1.1718021704176789,0.08252414132912494,0.8171261395614118,2.0094344265427084,0
57799,-0.44340967321854846,-0.2397533247641409,-2.0035304194121597,-1.1487286282093003,-0.6373315185492832,23.47794404863573,0
15037,-0.5179653844944841,-0.13018518848216945,-0.706063863983191,0.9688456641668741,1.9938667847667852,5.3707570891048375,0
31910,1.0522019076744333,2.9622138644205442,0.5781983077870861,1.216071919120379,0.33765633805192874,28.81659295209507,0
35631,-1.773719124589243,-0.8786526806291152,-0.7774176421991921,-1.7949799017233223,-2.6539037865882187,39.41994262708275,0
99291,-2.2599013674584763,0.9837917519532065,-0.8229015570243284,2.8912118498389834,-0.9930044649963177,12.120717671570604,0
16896,0.017969507218870237,0.588163309412022,0.3102185252548131,1.5004280297346428,-0.4819449196995168,54.461362399866566,0
53707,0.551334216089744,-0.28749098012453,1.198300439267942,0.6358903997329355,0.9180929192177245,172.20390602646057,0
57713,-1.8110231428819916,0.6770023973137358,-0.4330493147383709,0.619745189361392,0.5247480164635189,15.237713973150594,0
85392,1.5227112992961702,-1.0532733006201687,-1.6400976219083032,-1.2599882842029764,-0.8815941702058119,158.0676784886862,0
46479,0.8084111769326973,-0.6039225937437165,0.03464843675968635,0.35389722666978135,2.425230023470288,27.490758639589558,0
87505,-0.23676055803754095,-0.03703718059913433,-0.47586306313645077,0.19691480240704445,1.228813115353375,70.01400752795062,0
64353,0.48087506544596653,0.942695667499274,0.7952796573157087,0.4416910823860296,0.030915136536533383,54.9369431433828,0
30654,1.2333421804507967,-2.0145375914856953,1.931733004669761,0.8497309956221186,1.6561216174092266,46.29219578405648,0
9108,0.1367892000769957,0.42355883701672115,-0.39308638379268024,-0.5268289726252063,-1.2922187943976398,101.1349532637616,0
48933,-0.12958961067404556,-0.86941543155261,0.03183755908554016,-0.5309968495586126,-0.12646644675893204,3.4048338396393834,0
8259,1.5773708700880358,0.11762398407484267,-0.7071805390599533,0.3251594256938061,0.7632052848677686,8.242563686965275,0
10395,1.1340005008147496,-1.0069470496085993,0.9035713920356012,-0.29110657759487546,1.4326955336220526,4.25474757685511,0
29375,0.12347231450854004,-0.12103216230287615,0.753075565832127,-0.5615575147736843,-0.05183856397937658,10.205814740946558,0
85663,-1.3556493032680186,-2.4495920378914326,1.4762230044946576,-0.4973409076024369,-1.860339792188112,18.784300781151416,0
30254,-1.2394116470550913,2.2057863526773978,-0.8615331681829262,-1.5119973131083508,-0.8798609034173346,51.67115433700034,0
13718,0.13378906286510542,1.0952315559283752,0.25867908548323615,-0.8210800097142817,0.5000837085871893,41.89604160774717,0
90735,1.811496881871767,0.6986867093533149,0.21265508171988973,-0.36793812694029926,-1.20268956920239,81.43228290865643,0
79905,0.026571963404306374,0.5903266244416787,-0.3836219320035151,-0.2404251346503542,1.1984765360993967,107.39612782062923,0
50677,-0.19520278682916792,0.22518922479702655,-0.7246822424099253,-0.5767636673049116,-0.25054025969435934,189.61556528390346,0
73509,0.12949365289609474,-0.1499634011101363,-0.15372666069731275,2.2115354099435893,1.5514117699205972,10.926106223277317,0
99073,0.13197000194557526,0.2974486052239491,0.8696817644204146,0.25811761597042004,-0.2988203626401941,6.9548864222321205,0
82745,0.7695651437810074,0.16222461337815983,-0.34996441550588114,-0.498473556984149,0.8830936491984772,8.790270372663537,0
11664,1.1161342887381218,0.4569561821721156,-0.8249821416716359,-0.23810624249066514,0.20264531709830477,85.81033733894641,0
23275,0.34857074429507295,-0.684281536425708,-0.9445294576993009,1.4281692662332854,0.9168088958838817,52.239379354967156,0
17622,0.17055515394610585,1.165877811457279,-2.1472017930564586,0.6370310606037285,0.7323000627727059,5.973492026501041,0
88668,-0.22420927179406716,-0.44500348253773475,0.813938574523824,-0.09715420463255917,-0.6305552661946555,73.97919170066616,0
35735,1.6087138830488947,-2.078528943200621,1.2810763920911812,-1.5633074041774064,0.31824563798746663,25.809311318943372,0
39332,-0.015470844767045444,-1.1286963336068758,1.850083344877236,1.186278271231893,0.3998735875292586,4.909322412956544,0
31750,-0.21888592365616666,0.9678122108045354,0.596541664204475,0.2065696801445694,0.1958506436074498,85.65028035793866,0
86925,-1.7578434493993103,-0.08855005154301071,-1.094436049068404,-1.15088034327613,-0.006414301777532301,7.9319183734430405,0
58656,-0.08839991679407365,1.1551928402812521,0.9333207846519014,0.6734531083159477,0.21229132147923174,8.876302587856959,0
13807,-2.0346816726946724,-0.18201506898283903,2.138367241978551,0.9459521410358805,1.3487182033101404,46.12165814772763,0
72240,0.13159296056186615,-1.9748950310693996,-0.6812119016710646,-0.3868863011382074,-0.01462034273895484,71.14311083631173,0
15379,-0.44266746064323714,0.6122418014477762,-1.8533495120693815,-0.2941077709239494,-0.06307949839117187,41.230550769902614,0
32093,-0.14092592389881278,1.2784108952618878,1.353650607880588,-1.6984925816882124,-0.3676974472804976,21.033001078636577,0
53410,-0.79076671325505,1.5082349315811752,0.18448888360197918,-0.9997194822099391,-0.45739173015987844,14.034997192832,0
26762,0.3449338425226121,1.0490007010654008,0.7062900561002204,-0.03236310990836913,1.15087657207537,16.723891575178847,0
84092,0.7562867286022293,-0.0006530739155414998,-1.600081471014645,-0.31299658214695447,0.5153203106163854,69.0498558663371,0
36212,0.1270685733595555,-0.8482871944946482,-0.7409566670561635,-0.775594762489478,-0.21743871646335425,30.654324691254775,0
86652,0.5480711580492612,0.3877812093623871,-0.8342049667644664,-0.12020773479571227,-0.056141789286628364,42.297897156392786,0
53459,-0.982166950484931,-1.7213539671940445,1.270398150637164,-0.8483128963106845,1.4693141936566227,0.2681672877151379,0
72805,1.9815502500489357,-0.9203904278356327,0.5780103551552566,0.4594612998204094,-0.2546785692690531,33.10030661636592,0
83300,-0.6385020242772084,-1.2577039911128594,-0.9621350557828677,0.5593218748236782,0.9862581381923934,69.0372311883699,0
85867,1.3970105549865224,0.7275201938589706,0.8072502021401189,-0.2290168274382205,1.970959168340643,16.499834396966833,0
99804,-0.5313715169669784,1.8876865790080442,0.7358637437619352,0.04398769163394749,0.5228740198546974,17.051929070598753,0
8070,1.799064234023653,0.10280638445942597,-1.1883818721560526,0.7622809242840798,-0.8996313571086966,98.90380829046353,0
24826,-0.7330029191123658,-0.2235917799038682,-0.7453442950497876,-1.413101641732568,-2.6668397657464586,26.99249572296216,0
59040,-0.4222099256177997,-2.02628351136724,-0.607147676627312,-2.7687566489724116,0.5766880217815591,55.01253208091015,0
94934,-1.5807000516739227,1.4099046552689196,0.42306344112465016,0.37662004684636274,1.244837649313243,16.716627069951087,0
70316,1.2237240425047213,-1.1263703961449854,-0.051595886695763676,-1.4134822697944798,1.2065786159419862,61.83708497195263,0
85999,-0.13200385285427224,0.9173107984708001,-0.24765560383738025,-0.2543592541723125,1.1654714207692924,47.315725948509915,0
72954,-2.493470513485736,-0.01749734565510574,0.8687290128481986,-2.441660361188673,-0.18568895173503236,22.787545436758382,0
54253,-1.3828959192725379,-1.147490415073775,0.12987066726514784,1.9134715587063238,-1.0339561066607426,43.350373016649726,0
79671,0.16319402465516725,0.713597488557311,-1.110159643645336,1.4343041525806546,0.5683900166935717,158.66898233462192,0
42998,-1.0503171343221405,-0.9367373553060163,0.7406390488585125,2.498273379289094,0.17042291188230851,48.572260744959166,0
10106,-2.090118507169905,1.8338038593637813,-0.2298904026480623,0.6876626237950153,1.2709985762421219,11.894739145394322,0
48355,0.1450241724724937,1.2932370523496068,0.7089682397369979,0.5666351370150909,0.2676150584813635,30.768858290776063,0
50300,-0.11723958943602521,-0.34950687695877036,-1.3689814857098772,-1.3633746720629294,0.7097010363359505,135.30641827008182,0
37846,-0.2759102124020307,-1.7519635347055817,0.33238948905545945,-0.7742561050627675,0.10818787854789104,71.85017314214949,0
1917,1.1838190585107766,0.3499319947444421,0.434267269143753,0.738086795904378,1.1123510774232184,202.3385347464919,0
71126,-0.00973016750834365,-2.0343390357733857,0.3883821769051948,-0.8486010674305268,1.0790226402753753,28.462377228696468,0
34675,1.0025044548820388,1.2522006555545784,1.2587476574216843,-1.3134540190555344,-1.0602045728190561,30.409136831154527,0
12161,-0.697283680469814,1.0888846209650607,1.7446550619086891,0.4326480346289848,-0.4317426573035036,12.502534699439355,0
15417,1.5528293201988428,0.9707845542771427,-0.9798512387665809,0.6321447084375785,-0.7282246642570994,46.218934527791006,0
22173,0.12704269201489998,-1.1057054754195994,-0.47400925790323173,1.8989653346916118,-0.5299547266707065,9.36278106494693,0
2994,-0.9334385138729933,0.7698241312706066,1.0568296091987137,-0.858667293448665,0.569674579218579,76.16342952561237,0
91878,-0.7800659529251152,-1.491739307541365,1.7190358336358966,-0.6593930500181916,0.09394944178841741,89.30608209483182,0
15438,-0.10132902281809021,1.5697275392410768,-0.9156209051196368,-1.810192155363967,0.5947497098544426,12.405298693948252,0
56491,0.10131028322125178,-1.348447749031108,-0.08352567618569602,0.6775424065583061,-0.0893893619394829,78.65404874322917,0
75993,0.7590326768672186,-0.755416300249058,1.4115117885397617,-0.39741696003845495,-0.9511703242731129,7.136380217502092,0
94661,2.1672459731329945,0.5931161204003247,-0.771791009002435,0.9103639516779449,0.6235897041922357,73.42874683334661,0
67028,-0.632468416310135,0.4195653159883031,-0.6126065402657834,-0.763826568136936,-0.4484061859687035,3.775862331429009,0
41779,-0.2754981516747189,0.18341945902120274,0.536653206277333,0.09689811852783257,0.08756097332645396,55.32238906868932,0
55243,-1.496988988864299,0.05616725646711806,-0.9376487423327777,-1.2345841193631235,1.9601742859913796,42.47925841036066,0
20567,0.08727746895221603,0.196991156116792,1.2453533120556632,0.7511278314195411,0.7868880137776569,64.1298047170358,0
64772,0.4026445114641222,-0.9709848652156902,-0.45246181143500497,-0.3998041652196633,-0.095944506211593,11.532333715965667,0
79578,-0.8331944025358734,-0.14534531448773885,0.7238708749076856,0.06386266887650824,-1.0621561225267548,26.423918849199328,0
96410,0.41114353331964326,1.7176476866808064,1.1646880949860372,-0.6852002302885737,1.4757750655055626,44.122915232051014,0
31007,-0.3334772500935388,0.4983144204532381,0.6046388845495557,-0.9443595905453981,0.08774677493568163,18.855696191336328,0
66504,2.8916586930758936,1.3676605136511624,0.7765306072377874,-0.12686678003788668,0.20842152702220731,66.68000560401077,0
32994,-0.06007919289668886,0.7953302717885513,0.4860175071658253,-0.10621318357812501,-1.5343796232333045,93.3815579085314,0
17727,-0.8537208192156075,0.3913177662105359,-0.8432002642886639,0.7301521140622168,-0.43879823040915417,56.38080505933256,0
54400,0.1307433459121305,-1.0691176606988213,1.213032502217007,-0.6522947953251026,-0.8069907059196089,17.757102406798175,0
28454,-0.7352747193775556,-0.6645614074647973,1.0594488394260166,3.2169835867901884,-0.07331992526524429,24.157642614739412,0
33719,0.057351269979681666,0.18494676932607876,1.033299000054421,1.5179142862230117,0.6137318469757057,134.221862202735,0
67496,-0.15526930410375947,1.3354317289695847,0.7654259139507126,-1.5829347112058996,0.18654106888644828,10.10109253519828,0
136,0.3692995140377083,-0.22598734951128918,-0.6135114919120409,0.027990295807072494,-1.1178215548083499,57.84470051316598,0
60957,1.5514377658892888,1.3647647548555963,-0.5789045384003241,0.9594319097092565,-0.3524048317980249,8.952249786579028,0
99950,2.5052652454734647,-0.696286082911922,-0.744947659356444,1.0096967202535028,-0.694284950165472,46.221869130694465,0
30707,0.5516522685790743,0.07336098816887582,-0.2773340202006641,-1.0258715215989511,-1.0183542875600848,19.73889012717029,0
72525,-0.7525221145818455,0.4796087861778043,1.0128751316555278,-0.3926406615840316,0.3782033919638095,94.44687275766888,0
27788,0.004041957823160769,1.0383551849025725,-0.8278088794581001,0.10724334839604492,-1.3229549422804767,18.822249106318527,0
84458,-0.8114815369845049,0.3343026976252587,0.24427662897052735,-0.1945314141952151,0.027898314691621882,97.8428346581652,0
7415,-0.43482679126773655,0.015914963050670444,-0.8510776176758198,-1.797639807236755,-0.36339889181443175,2.5205173284598232,0
61212,1.054127008309619,-0.06242813747513088,-0.5248106343369602,0.10843998972747285,0.06606134432478361,67.2732043582701,0
38467,-0.023555400220754228,0.8333894899614118,0.09647282113420927,0.14469421319308495,-0.3568305391471209,68.82128816479518,0
21869,0.26699609685770814,-0.3820614873547184,-0.5181445207143796,-0.6526237634388614,0.9453263916610316,15.617595662731285,0
73770,-1.1878284133709622,1.048092728848176,1.5645751121996672,-0.6537906823706545,0.4849441384748313,49.18228864824997,0
10014,0.2531854351405917,1.1650994130651908,1.0689401661654243,-0.7884156331940952,-1.6242881386721841,62.46973503689956,0
78258,-0.2216950367589593,0.058755387939084004,0.8212387696803878,1.129432317813106,0.528275524993228,30.77364855360139,0
96646,-1.5387973771589998,-0.25229567587847995,1.518026291570467,1.342463772162648,-0.007025419562785687,3.993197868156231,0
15038,-0.25669502812438827,-0.7866299715542499,-1.6254796836283474,1.6112357579255077,0.7883878048226324,15.218770485545773,0
90825,-0.9668815259640181,-0.5358567265693974,1.0461131058475746,-1.0295928602564584,2.2388328948848106,136.46107357671355,0
72474,1.7141834666243372,-0.03757959144892407,-0.4197113365134019,-2.0277679231649866,0.5142081526487404,56.01819212974186,0
92573,0.45170464989067716,0.27270840729127993,-0.848314387102404,-0.05212892320585751,-0.673787011291081,19.26260246869034,0
80199,0.8910705409104919,0.22735992012082787,-2.620157187847513,1.6432662399096565,0.2865600696269515,39.99882307589983,0
46733,0.26531887044821906,-1.1036692709671903,0.6910992500686718,1.3708395835192864,2.4102531852332847,42.464771072458646,0
66803,-1.1017743629397738,-0.26355555201653547,-1.2448715514454882,0.8371383377181192,0.15165527190158043,31.203310823324067,0
94476,-0.31779021391231094,1.2107777468234946,0.4824182247247532,-0.0441357761681578,0.2864156044608386,3.1900575565085667,0
11314,0.4078100146177539,0.28347847557650846,-0.8012932506336231,0.9597984620734153,-0.9690701581921362,6.8669810042599675,0
85140,0.56819431730479,0.8950868360643341,0.08714659375793643,-0.5571239976798625,-1.3871732919407609,9.222624348605665,0
91751,-0.5280611130257374,-1.1195583744715538,-0.06228182390564911,1.6647457327227049,0.9516400623246152,11.679609309297986,0
96731,0.8209228791097093,0.9412627229597609,-0.13685192852986058,0.24567417685497378,0.12948077891034412,52.402444913502556,0
91658,-1.5442733210975552,-0.27401631381909686,-0.16679395237954375,0.18227260922421132,0.9904537454467832,49.12819288731211,0
31551,-0.014977773629630677,-0.732706789097174,0.07965422339253156,1.6092141446339991,-0.5641445088171821,64.13957389264606,0
50448,-0.5393981015339728,-0.17245076202828996,2.008141936137437,-0.04914978753855528,1.0257894298342158,6.417092083205719,0
11116,0.002465829487519671,0.05507563831471145,-1.9503589928936267,1.3264405652168996,-0.5959546770224795,135.9300263772962,0
73794,0.8378704176677894,2.0229420763065855,-2.280986931002761,1.5006153871350185,-0.8700115198177402,304.827677430358,0
66634,-1.9434431523109172,1.9484253341324134,-1.0286139207653675,1.285092823747467,-1.9298404337291657,73.57906372002525,0
76396,-1.2188183332176559,0.6076317593481398,-0.30049738935540643,-0.9853673440880708,1.318115670750878,59.18618415124921,0
78411,-1.3344540811529162,0.7914859272852282,1.0109611858611562,0.041408267473309744,0.6595749003357807,22.095485961504995,0
58810,-0.580775133685619,1.282847553046021,-0.3355045498107592,-1.266758996698604,-0.6716953577808804,6.207230914884594,0
74910,0.5488278614010552,1.3154402182249612,0.4178640261994408,-0.44434314132028907,-0.7469458409261024,8.466708593202988,0
69092,0.6541280021710922,-0.1832411107353288,0.07383257979777495,-0.19361945169410327,0.4905037284106122,61.68135137033334,0
55337,0.610511002359014,1.9456675025532757,0.7871490498965369,2.0985091195798558,0.9888247717224872,224.77339135588926,0
32792,-0.387151055849824,-0.5814317037171435,0.5102643849253244,1.3700994866880023,1.540130669860402,36.524171517650736,0
25939,1.284590718685139,0.5343765628400474,0.8058934603321255,1.2250333617792413,-0.49970684848603825,11.889761909378166,0
16032,-0.5115852052062981,-0.8174050744048971,2.1201597078736754,0.6988849347846179,-0.019709288397913523,51.884097681837794,0
14291,0.4888547009129279,-0.12610241655815774,-0.5834879624313636,1.5446746801162379,0.27496812666120946,93.79565637224464,0
61049,0.32668946534170584,-1.4863533019065733,-0.13301891577435737,1.7183255901465706,1.205009460312364,2.6883532888359096,0
68498,0.3007927103144743,1.21972587292093,-0.46065313802770413,-1.1798748414382605,-0.856720003908659,92.19751379574997,0
53384,-0.7808145970829122,-1.4436185572670992,0.8186236834904836,-0.6587776924022384,0.5475460900496965,4.966511431773256,0
90353,0.5374325913880298,0.3368112723874649,0.9485542996542414,1.4467417370178535,-0.9721276289939549,48.71545980434359,0
74816,0.0004720347890848933,-1.4798553430192238,0.6950751080610457,-0.04280395798856224,0.09780645085098183,70.8312975431989,0
15372,-0.025719072180556725,0.5632470008238349,0.6588419843714824,-0.17322484326322593,-1.3699556620469897,22.637353735245746,0
806,0.3884228943128649,-4.06460314373439,0.9137407408368338,2.0089465111901315,1.0847770219821,10.874105401548078,0
59676,-1.9094710179012568,-0.7806882771074571,-0.13025810743674918,0.4792416198545909,0.9165652227744854,2.5236770260244765,0
7083,-0.20758434514303986,-0.8153172366678603,1.74032396241713,1.5053217260194849,1.5593918070884487,94.55623958741025,0
69298,-0.2092647116644092,0.3901255382675968,0.9360986445775823,0.28879285518669384,1.1261649550766988,80.93406719431022,0
60692,1.098196118243411,1.7063797807824088,-1.409946401889573,0.4533204997515322,2.1075069382383202,47.44015841541464,0
35063,2.181569080968208,0.40615883013056386,-1.0672884134027065,0.7709023889625445,0.25380913823974105,42.13835228496669,0
64166,0.16363376366879356,2.259283720273219,0.5667774688155444,0.8957227321736219,-0.8735330609972681,36.20014045810706,0
45500,-0.23650637545752326,0.8333030533402974,1.1548151195135978,-0.21677314623465152,0.8238537065610424,111.8888118831853,0
5569,1.2051177396144506,0.25639955924383856,0.8852383057401894,0.05577551511008643,-0.8684134695952532,24.610527213058944,0
89571,0.12696908007978747,0.6002250417454383,0.3131437255376883,0.7119749404149304,-1.5743437082232996,112.73032136016856,0
58141,0.8336373968036918,0.9708858890881581,0.7480869472432111,0.43545395780278306,0.010363113109881228,40.61801483558453,0
93426,-1.5886881303775897,0.0647687896196319,1.0429936246590428,-0.4778938340167973,-0.6184459377212901,70.67920140598498,0
76820,0.06835044365313034,-0.5108576756023839,1.8493687915666626,-0.0054566218131444615,0.13116220120918692,86.1270727665723,0
32779,-1.2152725762268937,-0.8498716714065278,-1.762816222176216,-0.08419239103838097,0.2559094287062057,7.8628447854923955,0
63370,1.1790502155392657,1.1937736582635834,0.04039012677854469,-0.6877450636083573,-0.6255754443000665,62.710015625135284,0
71260,-0.10890649513833205,-0.738425005943864,-0.399564369060038,-1.689908859809542,-0.7224802133090025,15.112669074681188,0
88464,1.215480593634632,0.23406131089431337,-1.076939252665135,-0.3901074838096812,0.7723203817734793,59.838736222849775,0
35144,-0.3731404762049969,-0.9311880324535422,-0.5157374727634082,0.7421389233806317,-0.5925765753135007,81.40389102622788,0
13395,1.2933001091062284,0.5820273536172682,0.8959346053683231,0.8352365470278461,0.3848444928929182,30.400499620703286,0
83555,0.24155486847639582,1.0337971915140716,0.08059288598063183,1.7620778076339698,0.6039999885462077,41.72270537717333,0
96122,-0.03688895306890407,1.2487012727080387,0.6754472964345897,0.7379489077517801,1.4601734699654858,84.20374140282519,0
34832,1.0270458521777606,0.22060692295888165,-0.7629170239709068,-0.380379305056798,0.2271782297216455,36.62691544645326,0
82503,-0.6168326009771676,0.10608271025834201,-0.930408983940217,0.8280669845835462,0.1286090361618849,56.44593109592982,0
42101,0.37171923869004314,0.04999442712030695,-1.9107704356721398,-1.78309546463869,-0.7820632812396648,64.0185917276706,0
99575,0.40477585777353403,-0.47093319782633974,0.31378037316111457,1.6803499538682414,-1.0801728476721582,76.61285359172686,0
73543,-0.7186870441488834,1.0245044244477173,0.4892874738498093,-1.5546034876955204,1.307388820504227,85.63582693298919,0
61063,-1.2817956203514085,1.1072942573856106,1.107982511053644,1.5509412993469585,1.3026343555457602,14.597820187743075,0
73851,0.7632428489193804,-0.6980016553104355,0.7114737873829802,-1.3027163067593057,0.09354542107829379,1.9793122838214465,0
97562,0.1372887794876652,1.3955638697052697,-0.679491937832169,0.6284491796281995,0.7854587950717203,8.155101919082238,0
48555,-1.0898435850204755,-2.2850201039320615,0.6319871331739438,-0.5760504607606073,-0.18734727324787787,81.22810339259655,0
5084,-1.9413368380718552,0.41572550997978686,0.673159335294313,2.302859433167354,0.7847563316218804,0.6037822640070042,0
49268,-1.0172118579001592,-0.7252854787770965,-0.0409166103546503,0.3390647084520556,0.057289680656636324,69.60019498419614,0
54691,0.03880900045480176,-0.5876116834101616,-1.5791616134224458,0.8820689973231818,0.3886630123291927,28.91336537734984,0
89099,1.4546055390688633,-0.21765189078506683,-1.0889876118721935,-0.024222048206083893,0.6559567258048162,50.709258925046576,0
56849,2.7231179876264315,-0.2646116022346786,-1.9767240766805607,1.630196800176051,0.39357617379917365,30.871641334387732,0
74083,0.4104298872509025,0.47448269625052647,-0.43838577468587037,-0.15158408776429266,0.22620384199532179,104.11758456332774,0
77403,-1.7549301931162484,1.119866629935746,1.9988627933509382,-0.5595634660696852,-2.0386365440670433,3.3925742778435812,0
34816,1.9792864055014634,-0.3497708355813571,-0.16372795281767089,1.226062033644951,-0.08764441013541906,4.256042984742579,0
73903,-1.057936662008909,-1.7063994104714486,-0.205023466771399,-0.5330362865479623,-0.32907576462412463,70.63984013970563,0
7239,-1.1137455204218745,-0.10293725847909896,-0.008039255121611723,-0.32034163815695893,0.658586344656636,288.00628198560474,0
63095,0.44193368708851755,-1.0941353992037057,1.274733007658071,1.1354110854577555,1.7228992886186119,7.061449172058737,0
37599,-1.2634031625456064,-0.7643162302278239,2.1171815399897724,1.5119468308694872,-1.221575367044848,30.89255569982458,0
46737,0.4891686338368702,0.7543139687865577,-1.1476463988654357,-0.5369229749197316,-1.9029578330736854,48.263729496180666,0
57620,-1.1040933111705458,0.15637719199261638,0.4601971650151179,1.3939025239838898,-1.3706681193060541,14.534518566117546,0
55479,-0.3368662050405336,-0.9398672200214812,0.5780705978080088,0.9441521914230817,-0.10310266362726443,95.24105661256395,0
56115,1.5686658970781466,-1.1501688401667924,1.3233299263440124,-0.3985552216512648,0.11529017698344701,40.67647092308345,0
85431,1.0627695995287993,-0.2496496656607904,0.6591204741688469,0.15880393130355044,1.6946417602320107,11.41331131411435,0
13919,1.1494092936662468,0.0008573342459645112,1.0198338123847552,0.43898576996361655,-2.0232656429885068,8.038187163035273,0
45445,0.10025648704515945,-0.3639158241690215,-0.6854355594395208,2.1028500211406884,1.5347775976944225,26.482626810245048,0
32371,-0.010742546650795135,-0.7207847968099884,-1.4946772909676016,-0.5024785906937406,-0.41913289763778894,32.71397218303109,0
87728,-1.7690877320358567,-0.26696594618356206,-0.7172585625800516,0.4231266451155033,0.8386029922937202,15.225042881915677,0
26966,1.8563936983248859,0.23648694614658164,0.9974631423862255,1.3030226301042414,-1.6748679428926916,5.961536932293031,0
76961,-0.5894473186396925,0.7173234939267886,-0.46982008950291654,-0.9599136850395528,-1.7018813445162642,6.740342991521535,0
8567,-2.3576918940430893,-0.746631839036923,-0.7134334011115273,-1.2279891832805916,-1.7123468399337898,42.385789825193626,0
16023,0.5011712644886682,1.0966131834620525,-0.5046319891835901,1.4971961687651463,-1.3398074506603426,107.0913332417349,0
34624,-1.1635788999990166,0.4343624898395662,2.63338996572831,1.3112127287580826,-0.2594660389602094,143.40729435735742,0
55106,0.11458061710084447,1.3047743340434088,-0.3161792525756171,-1.4670508897606058,-0.021724996044236722,25.987042380817098,0
98234,-0.8319258239334376,0.31978354055967184,-0.4997982746072958,-0.807843101989764,1.1672641965852917,68.61013164893697,0
89399,0.8055804745307268,0.1433897463604586,-1.1234717190204166,1.151279688627503,0.8406013580168666,35.912257890014224,0
29189,-0.06937836694032916,-0.6208842391872638,2.1435487613719655,0.11468115925651041,-0.22596345769928491,12.82677220495336,0
31279,0.428821006012148,-0.1332975669939288,1.2064926184712497,1.3793941212451364,-0.20402374008217683,34.67715649915719,0
31897,-2.3322385151963227,-0.3938585671692143,0.6028369859445081,-0.8836673755988683,-2.282565028639551,63.714973376636806,0
58342,0.21588595803559726,-0.8635260630446725,1.0537921573368656,-0.0011495543398780522,-0.7778915557806669,134.89120868695866,0
76367,2.4635569321322595,-1.5212596396782603,-0.5136493036810069,-0.23209246902268377,-1.4021725186183736,35.109691322508205,0
43309,-0.45257996994319016,-1.19769935087518,-2.9473662684402178,0.532575500597384,1.6664917683916414,46.65777266000575,0
80201,-2.1816396667507707,4.364700263977873,-4.192678695498303,2.1460277143092417,-0.8764041707113813,148.94740979250946,1
91736,0.811995575354132,-1.5793719075375352,1.495201274428798,-0.37131201465296415,1.5537684003704728,19.49015452525012,0
11205,-0.5509903908437844,0.9811391535716845,0.4566659726899563,1.067610720102078,0.9937938884440914,10.835743709006497,0
38638,-1.0567094483632247,0.8557352519761905,0.30638280074245927,-0.27105016953587724,-0.06512535691024236,2.9281616538810593,0
58929,0.7628086895732948,0.4040896142169139,1.3624464238751592,-0.8282828678231993,1.4719071827548464,39.20662345431982,0
81532,0.13451567159461553,-0.1154828963916312,-1.088075672714367,0.5166200467943914,-1.4778438261315525,2.044698102798361,0
5801,-1.6007371559445422,-1.4933177252684207,1.8253414656306106,-0.630093873549423,0.359393420467794,2.5443726975349388,0
73294,-0.2899170858638627,0.1306748998926192,0.6208076608404062,-0.5493574316760487,1.2334248730952218,48.76941001226755,0
95985,-0.5650342604664934,0.035775485295785336,0.6022284349488773,-0.9611069094257415,0.9769711598889208,16.65465457824755,0
29309,-0.41778944907906534,1.6593293931145676,0.39227475487539126,0.561398746391748,1.197420339454917,50.83655952222431,0
13116,2.4264636746069916,0.07142498043680509,1.0142669879699076,0.2323100448623203,-0.338943617059692,39.910782807304045,0
70313,0.80634841107493,0.20709618034236218,1.0261759668603714,-0.5475413964451052,-1.7734918538386188,147.02572425907542,0
4499,-1.5241469070460152,-1.087677694731258,0.3255795308747585,0.16978777189969418,1.1632813090750225,64.55031385964183,0
82722,-1.3781883518331057,0.5212773722162125,0.19383853715483967,-1.8095072257543927,-0.4019212987233088,6.407066578543061,0
50636,1.0848277401561082,0.20158396064036266,-0.7285501843308623,0.5757492183166991,0.495005745754151,13.199460919587747,0
70093,0.6050978326295844,-0.9036343635923532,-0.7722125753385581,0.7050125712466379,-1.6540563056332669,51.47325847658848,0
98656,-0.7341100512387413,-0.8650065001733912,-1.0353758919116014,0.7801316239135077,0.5761442774610127,32.40710306721102,0
24820,0.7208436021306857,-0.35837809823226846,-0.4519678481932752,-0.18866853438029949,0.21428213004457786,10.451693535511437,0
46197,-1.5110540339128657,-1.6512538430900197,0.3344932083453429,-0.7364100104580964,1.508369699909448,244.74017579172465,0
54245,0.8673533789188775,0.33040111100578506,0.028199075720235417,-0.4072718061954245,-1.2504534823075533,9.000066295496525,0
31860,-0.6994608735492777,-0.6330354005616816,-0.09752322568194934,1.835580437856084,-0.5820050958852023,335.9782080761886,0
76373,0.44398582156052974,0.4870171564202809,0.5972420907518813,-1.0245866931454852,-0.09069571962281098,20.429008756999796,0
2871,1.732184577177565,0.10044449685978103,0.6319264122951593,0.28842643519731553,-2.3932112641244245,7.976347512409319,0
5895,1.8259972117410466,0.17798937960330405,0.8805145741964782,0.557152744540783,-0.4228456983827655,23.464053987741575,0
10886,0.8655587656739854,0.20932685149187039,-1.2507407008750524,0.6783490301314178,-0.1527913390166114,163.99146095238783,0
84526,-1.1657706171669668,1.3187013557682354,0.6786840648175321,1.328988385081543,0.3294470039581489,241.9952012268837,0
93808,-1.3315082995544527,-0.17494736099589125,-1.2990294830521263,0.5712261567782445,1.9177430758202654,9.123318474960866,0
1802,1.6004950658110577,2.845877450289003,1.7692977462631747,-0.5408006917055673,0.6411611228876519,56.04200656745553,0
45113,-1.635197509984249,-0.9661420287898361,0.030577548013576275,-0.9107398715894301,0.31986393708089766,25.99934605720818,0
94270,1.3002489442520417,-1.6322033369710098,-0.16415158480821837,1.6555162246666688,0.9977075699515366,44.335580650181875,0
87263,-1.0045088309328234,-0.11806975592214562,1.9830425583505231,0.13784186288132916,-1.196912962747972,48.82587024818461,0
12605,-1.4730198305152638,1.151985565847456,-0.642324717499428,1.0601856663243232,1.2274298039607365,65.32616896680629,0
85981,0.4069067258566319,0.6117426066644042,0.11647407729198958,1.194406323420924,0.7695050512946492,99.99785910183712,0
86188,-0.5673638056071063,-1.3033096836080165,-0.2742731402743024,1.022395503475179,0.16929422476892492,25.348687125828057,0
21447,-0.7749165337272664,-0.4160395394702413,-1.0948903856770922,0.14756729455489434,0.1626706066442845,26.492265507650142,0
86202,-0.11922435626590437,1.331635429967839,0.10612440721318038,0.5386265831632292,-0.7722086629675899,24.355258936051094,0
23328,-0.4564031828401075,-0.22282161418672475,0.49764481186339266,0.4445140926566401,-0.0654536202792209,151.25272562192737,0
5237,0.7700224871307078,-1.09246704047634,-0.882059272039484,-0.5724848065451609,-0.8151382819699597,107.96186555842174,0
55230,0.3902784770595461,-0.5564847701387777,-0.07310003566416852,-0.7325277198121316,1.8447332323755723,38.34425816125082,0
5126,1.1683646329483,0.29402495961091474,1.4387631124233622,0.8444399482528874,0.9990013304626248,60.48919511776899,0
51098,0.5957994754163319,0.552644714466308,0.8894010298444365,3.3822428762351637,-1.1024320908075826,4.484983081338704,0
50612,-0.06548753802161475,-0.7594181829134177,-0.053962660064733624,-1.7330916151558549,-1.0900906960816756,7.019096948831864,0
13050,0.01626859771827849,0.029508591268061803,-0.3638946006086468,-0.1824152373151762,2.6873124146604006,5.657945611742245,0
29759,0.4479306733793902,-0.07408266206618958,1.3344168995455894,0.42400742840031486,-2.277103020162451,22.58099703576552,0
11889,0.41172510724124184,-0.5442654980966511,-1.1723863657853573,0.40601933967979664,0.37354010238102875,39.218798270213014,0
42604,-0.8194867386506691,2.3561289626774022,-0.4455442533670452,-0.08372243519082201,1.116689641377125,16.45681505894676,0
89106,0.9623165788801443,0.5827305583275634,0.8223340695724903,0.21998696828150868,0.20175626926049203,34.66318528654564,0
93635,1.2725406325855013,-1.4098129026777428,0.44946465197448,-0.30833021995069865,0.5081505616764663,109.35201676366475,0
80395,0.1309811291970358,-0.23213125280232189,-1.8860230068683301,-2.3154443255594463,0.4828432312847351,13.499297670397967,0
27355,-0.9348866927133695,0.8007601833715027,0.16343732221414242,-1.0918963820421894,-0.5152036293576422,15.779662321674778,0
56250,0.6596522987772498,-1.4817678489735828,-0.2847904542827663,0.07581476765732446,0.754973324470794,5.322394599515666,0
41323,-0.024718556623273127,0.963870518999406,2.047768790586787,0.9589306885694545,0.987057182020705,56.524387322310346,0
70588,-0.43081760238819583,-1.029524515195794,1.3374262538004262,0.04432151866678664,-0.25065057443684424,85.93367431283086,0
77275,-1.1321228304276592,0.6811469645654931,-0.17994065538414408,-0.19345343234278428,-1.4118344915138914,35.51253428969825,0
68866,0.8086627654972872,0.987075402909285,0.04641633623479096,1.818627772035568,-0.27911453112993967,24.871665370648692,0
77505,-2.0739060049716462,-1.004726227645455,1.4236655802423905,2.587282570423211,-0.9527863552334781,98.23236611522212,0
1140,0.6273523885443659,-0.9972512344570928,0.8970981713963961,-1.8808388009804358,-0.7329051794629308,33.06274898357599,0
28854,0.19063259563121088,0.12319366136479747,0.23736300547130493,1.1061329954666246,0.07892460113312272,74.10505156158739,0
4018,0.8348285011924532,-0.9863860712965885,1.2968796713609954,-1.4812357116409642,-0.019290557578656317,227.84440461143086,0
57492,-0.0032743790558235593,-1.522950449385224,-0.033404181002878494,0.9487362744277312,1.7575048817717762,11.423014656553136,0
36455,-0.14426246904957263,0.11082461846335967,-4.614773045472305,0.3517445337955324,-1.099859436934626,81.59622511275056,1
59735,-0.6608943369861829,0.5551408106255694,0.992107421151511,0.45011584091519835,-0.97735273383169,116.02423117498834,0
8004,0.028135512201254837,0.5467493539641234,0.5548575935630102,-0.07891454247166904,0.4715661272542067,82.41566034893647,0
16905,0.7411650473265385,-0.3577869084808121,-1.1601938689154594,-2.538881896648163,-1.1871452663280024,27.890782801250875,0
11190,-0.6036872717969973,0.1535485542601713,-0.8572399555835665,-0.6510802724623264,-0.1996883814525705,6.009240034054828,0
79252,0.6301795923651135,0.041562792633555036,-0.8576946679325813,1.1485430150232032,-0.7693541616644708,65.51283351620553,0
32591,-0.8090726619424522,-0.8274972855463505,-0.9351449983886685,-0.5411934825506218,-0.8092405833857074,33.20532293976353,0
94914,-0.06362640381960291,-1.5360816755659061,0.559199603440875,-0.46730097688193484,-1.506176352952635,67.73546890363093,0
34610,0.04229109399772563,-0.3620005389905039,0.9021997058040736,1.1084416200825367,1.1191244577632744,3.7311515557303006,0
23429,-1.6970899809405604,-0.021526145688816417,-0.1434200235684966,0.9715217651023007,-0.4214809776565061,43.46661025577768,0
62068,-0.4318225494249425,0.7613423567935124,1.403154849034468,1.514524244784984,-0.15540531564275795,4.327733050166285,0
11394,-0.9798387725414921,0.3059200710474129,0.8646627678606656,0.854991407222731,-0.9481421770879228,53.4618234187654,0
63208,-0.8717747409692631,0.8638277286885493,-0.36072481995861383,-0.26203254698631534,-0.17492566228965598,126.75086398529636,0
20132,-0.1895736954826558,1.4842990909183178,1.052163681281408,-0.5897554797978153,-0.6346410442264889,6.446281472055322,0
61373,-1.2503135829593135,-0.105708080975688,0.1109447982453347,-0.7904004827281953,-0.8801490266533925,9.157516941152922,0
32972,1.233391932409381,-0.20648597646606412,-0.6974991904168614,0.3031294530691815,-1.3981715012518783,23.59550978101458,0
83369,1.3652861358913664,1.2154887216247832,-1.094666539179358,-1.2816182421056763,0.4602454152808821,48.324309458835366,0
75916,1.797733840577358,-0.8954583137194013,0.018099964323894817,0.5138192237763901,0.9403749264536301,8.642533183682657,0
49666,-2.1171716879951163,-0.3599331714808636,0.00032872366813150114,0.0005059017199613115,1.443800714439614,77.25817788744433,0
1538,1.2207526032547376,1.0973012889525897,-0.26968914130564314,1.288300604596071,0.1314161142204816,36.27792786442844,0
18574,-0.34051204471117696,0.072073392136454,0.6884984655791221,1.0996862200399624,0.10675396571610239,145.9116150367144,0
51924,-0.21651061809936764,1.686012583861031,-1.567199936427171,-0.6785460618082994,-2.0161888131376227,14.9275559000476,0
19877,2.329617483453713,0.44406597792336067,-1.287529174059209,0.7864869531287039,0.22701600199899755,26.477260540150198,0
18693,1.0504582803069586,1.2169820392052504,-1.3235043526342511,0.3742479186332696,0.9571057538558676,3.1301168483260517,0
56481,-0.8874093628011421,-0.48653903455631425,0.3052446480541334,-1.8759654960658474,0.1685950859550743,23.247762454706578,0
99097,-1.3308092618619995,0.7441577788946404,-0.002570863685376058,-1.2229327546458943,0.6382415993670852,3.0734192931961086,0
78257,1.3137006117919356,0.35203911000761784,0.3502265430547991,-0.6543701519743749,-0.8505428081725104,25.9349833359115,0
36191,0.348933827351114,-0.5959467111162355,0.8212477942767271,-1.1284452559048697,0.1326868549044997,126.20583104740754,0
47280,-1.2809407999993476,0.5082865353556245,-0.07196565296958614,0.7769954865977537,-0.012734156097016527,50.44968972670078,0
51925,-2.1040215616340907,0.9322455686529485,-3.350856897029395,0.5711241617362646,-1.2557406615596958,33.197502079890924,1
74478,1.2638538399101207,0.9283449745581417,2.1150516821422025,-0.8677520646874292,0.3975613033717844,48.55459069381824,0
50993,-0.673185236463088,0.04121277502800201,0.4587228452020665,-0.03155499995066295,-0.1804098551887218,46.865441128329984,0
18681,1.2214235933919522,-0.30085274896254033,1.366029827277988,0.35814267780415093,-1.1877928708470822,135.46239116586557,0
10478,-1.4239938496960118,0.639959690661533,1.3487876228401647,0.48398946463997317,0.7461906407562207,38.976056681816296,0
4255,0.5143771366138569,-0.37600315706297405,1.47553895416861,0.36139897126592485,0.8461115566972242,57.51045226909061,0
49393,0.5913475819086403,1.0370622897644273,-0.7682116911426369,-1.5937953901893809,1.1431139588843624,23.388758468120916,0
93422,-2.377921007332862,2.7119024296886525,-1.4986496909961007,3.1809088193684736,-0.6869143860599021,1094.6469339574173,1
90353,1.5675522201049312,0.7395248008042937,-0.14360161433714919,0.034675924804770206,0.9378607795351357,36.41511413053084,0
92122,-1.5829241627174528,0.7500617971067234,0.016962149554998737,1.5423451828678492,0.5260046704307684,64.07393106517775,0
61642,-1.7702441759754863,-0.9026132225242168,-0.10786102892635638,1.2653786409860053,1.1182243195810908,8.799126053415916,0
53932,1.1497153292266302,0.6174070918679953,-1.4952545180032015,-1.4081283178505524,0.2251375425754161,1.4123735229361165,0
70855,-2.8166108000172683,-0.8234340949567343,-1.2976255371808256,0.8498565017378237,-0.835721156029488,17.695809153208515,0
5103,-0.5154392914359576,-0.820867267409795,1.3415654819809009,0.4218232861742496,1.523130007210715,13.303141870544838,0
62539,0.16111595885617766,-0.7433592616256149,0.5548979270078646,-0.7741249689515213,-0.13508804104202363,52.5275582368631,0
52992,-1.579627452555176,-0.1455449736397707,-0.016094437156061972,-1.2131878367886395,0.4966233119694473,2.059375297847147,0
78033,0.6464767861983517,-1.6892409229827003,-1.163478928827099,-0.3085735567197574,1.0590647470358372,4.04490967107559,0
54098,1.096542795975214,-0.37759658026846044,0.40329874305178615,1.3791869793847908,-0.3536512831398441,23.824469651369423,0
79909,-0.00727259499970656,1.9115950120043594,0.3212499236908218,-0.9264388994557825,1.4622000840464575,16.823141569534435,0
82074,-0.8613630529495482,0.20742058496143312,1.4445480754794222,-1.269626761962255,-0.07024005097808525,1.7767763282357492,0
89390,-0.8059868968101835,-2.129899448407258,-0.04610952694782359,1.086170107311254,-0.4398607880538961,1.9558367769317235,0
90063,-2.079901595206917,3.4328147825980855,-2.323949005499011,0.5043884017727294,-2.641671348921766,262.24825299544557,1
41862,1.5132410811767127,-0.5059063354307114,0.9547947998150143,0.6265452686801465,-0.03471992112849314,3.467026652631939,0
87266,-1.1885974024676345,1.0777374176922063,1.4513090463002989,-0.7779752322371035,0.2732538833871209,1.857118363487568,0
49689,0.02497126237099896,0.38135158115491613,-1.1538036932359073,-0.040331543597826224,1.2756822450250436,5.9162653805575145,0
80219,-0.09020717500783575,-0.7006611020632972,1.9139128463736548,-0.6177766161137611,-0.11554283727522563,12.81427847696821,0
88236,1.1425235608781303,0.33247343108210803,-0.5437411103659249,0.18216095444462005,-0.17242656183794594,6.639203107611319,0
26917,0.0039834816240835865,-0.9831431262668516,1.1810979272050781,1.1261580396444812,-1.3502167272801966,55.426084883100955,0
24264,1.1387808119221292,0.9408692382732966,0.5684752117493578,-0.4783751217498539,0.9346560317976221,54.79558297241574,0
8792,1.2179271419745152,0.8042382946826748,0.08507113919863317,0.021642961342174444,-0.7853559912063197,74.09833644919387,0
52375,1.2724965439077798,2.2725276138044332,-0.8597876419714956,0.2979033663239351,-1.4506905531018504,39.59816296030759,0
90605,0.9862333952756013,-0.9529710249382074,0.15377618022069323,-1.0319977049296458,-1.993452231570965,65.9735629712419,0
54312,0.6530295532955295,-0.48535131078557103,-2.5642269231648243,0.4409999447051571,-1.541296253287114,9.482858936821208,0
3236,-0.33840722205681556,-2.054754692432885,0.8663791234753557,1.4165082975506988,-0.9369084376665925,48.5779261187979,0
30009,-6.339296164369111,2.4841312427086244,-2.738188019689266,-0.23528967339083562,-2.712872047634425,393.0148082757768,1
75046,0.9515573777304999,-1.2809774344385265,-0.605716916648595,-0.5718616155932046,-0.6324614074254593,40.80798180319574,0
94031,-0.050065358230497604,-0.1090878971166739,1.2687364571297728,-0.9711891066054478,-0.49291996138949207,15.71020179665576,0
28669,-1.4177661931289058,-1.5843834266666759,0.7510727195414566,0.32946174782298493,0.548984520432423,11.526495090944534,0
36244,-0.660028148910743,-0.18738931935650738,-0.09994740187442086,0.5717682629720083,0.15743134318654015,33.48888681300812,0
80769,-0.25642516912858027,-0.8746803013392757,1.4940589166473897,1.6954875051353218,-1.9768455703926857,36.54172289534816,0
162,-1.7238502188100389,0.08316008339929655,-1.72686569437961,-0.031309759436666654,1.5481147473885226,21.553495889210467,0
56549,0.6370518396087587,-0.7482709979740649,0.3215702326526785,-0.2258377437137052,-0.9259438672517264,70.28965323619332,0
20491,0.31148837705706356,-0.3125523090219542,-1.8299038611633953,0.7321872924638225,-0.6181522682818296,10.358851762558428,0
48874,1.1702608313680876,0.5066873795191851,2.2424311574609384,0.5367135862988128,-0.16573828478948294,63.51367952496542,0
97493,0.03527219264530364,0.11197676608075031,0.014076821331431039,-0.6692107201110853,-0.2700705779173518,34.619214781409596,0
62507,-0.5230404296165858,-1.8312586378117337,0.9999070671650587,0.9686165100631691,-1.5002857980239717,115.5851922700519,0
72595,1.4677833053712417,0.7855463198980283,-1.0206677299017983,1.3119365767016014,-0.7086993642282728,33.181165307975945,0
76213,0.2933435419272292,1.0771624764408045,-1.0858074135065343,1.1294218894285828,0.4038085256984915,7.715933519011431,0
26736,-0.40208147512407366,-2.129810183859867,0.14510379388362948,0.15019083715519255,0.8017827820725919,1.6129260770302405,0
44179,0.5981017797611552,-0.3781936851072912,-0.0019169541299692222,0.8285327771235158,0.4926320755519737,19.081997803880995,0
34911,-0.9824881228992798,-1.4256840815724963,0.894290528046484,-1.1523123119218026,0.77330587312418,14.286852989288443,0
41090,0.011095220319579394,-0.42801193205420235,0.17818927202181611,0.12367927119511847,-1.0244256275297767,31.396983800225374,0
58053,1.2557661752685587,-0.21274001806560003,-0.5593494798043172,-0.7779691636196633,-1.5510640400183526,17.666190945233524,0
52395,0.5554461822029292,-0.7905992211312695,-0.8718592203480735,0.2062132268221163,0.9640404354189851,12.126467556732955,0
15592,-1.5696731250284734,-1.1535709971018095,-0.877727335322902,-1.00841389005767,0.33883513526701114,30.469429625011173,0
61250,1.2477122918598191,0.3907213759231011,-0.12638905361647146,1.7904089735170088,-0.45779898758061843,285.43891567537963,0
42821,1.9978261250271308,-1.338682741545504,0.9373290724340834,0.02646608961567541,-2.5815690557852835,22.67238608890388,0
25498,-1.2869805642807612,-0.478034012631749,-0.8293124395557757,1.0374882160472316,1.3955103882186328,135.29730859301142,0
74071,-0.1848503606505301,-0.48735293921005945,0.6495528894502819,-0.8252802496151085,1.0200925579662905,16.409020612627184,0
54122,-0.4895366719905653,1.0250593926252292,0.32428362482254725,-0.20801759135869793,-0.2703753708003552,54.437446241678536,0
48368,1.50944905040265,2.054322205562732,-1.9212610077501346,0.2924730422230902,0.32852869122605033,32.491680700900254,0
71966,1.4552426408204644,1.14488162369814,-0.46289444885602127,-0.6982104762422493,0.4345409296353224,103.38919355516335,0
95286,0.8425131082361962,1.3279905881839518,-1.014962413228682,1.8890496927796812,-0.10647431827624491,77.56674089693121,0
62592,-0.7901701308584828,-1.4574574645085605,0.9379953450911961,0.5401520723509761,-0.673239898132942,84.35368576448172,0
64089,0.40607916662993754,0.31097634501422283,0.28671626455601884,-0.9537823799208845,0.3393357930258131,184.93545088658442,0
53302,0.29519306170841997,-1.0680638475628392,-1.3633436074053245,-0.5921274752413529,1.151022378201074,3.4999232823866624,0
42941,-0.08471043286285353,-0.07072889952100804,0.3588285326452703,1.0530622397556881,-1.5286489651946928,198.4770656162156,0
39504,-0.15742133377341097,-1.519105291242564,-0.5486495621405001,0.11780806738790763,0.6280982635474428,22.97077123598895,0
96762,-0.3276186660655158,-1.154616824354365,-2.0198088751700762,-0.5780356749745817,-0.9498154049514755,20.33401899137942,0
24995,-0.22178520107839217,-1.471979277029429,-0.8665159110088873,-0.0738782513166047,0.06094009999622039,6.457362922081376,0
32130,0.18103534948533762,-0.1713914639932841,-6.044955304420888,0.6636135435977533,-1.2766286703121887,339.5205209131518,1
63069,0.633646964071388,-1.3065936064563095,0.30666064011898936,-0.5734931562728595,0.8007031694608326,85.91845096319592,0
20808,0.27830205156317733,0.2310710744819205,-0.0018915645958175076,0.49264796952469264,-0.49459656812533187,2.55313981208519,0
26943,-1.3692271134705776,0.6457349470842716,-0.11550943112516086,-0.4663555782856685,0.6513600490089047,33.31965297469868,0
20307,0.18280171273074106,0.8159059889844836,1.400652448813693,-0.25598392457565067,-1.5084826059446514,3.179374557764026,0
86741,-1.952433108205158,-0.9972915110979095,1.452635333476702,-1.305357417700682,-0.6977115198860081,15.675282647530253,0
89475,0.7288186376596363,0.0952931191602342,1.8934523228245186,1.0314256876441483,0.5296891081501497,10.844109723041843,0
40738,-0.3446612859620184,-1.4044482508332634,-0.716225009423016,-0.21225642167361064,0.6542465253738249,49.13246705322381,0
3765,0.9240110572571724,0.5547322169891947,-1.8900707404653267,-0.567828761418755,0.22773940830719658,106.28498823109442,0
97579,2.0267396784843514,1.337422041572723,-0.007095859572590296,0.1517815684066938,-0.7448772437373951,104.02555311912374,0
49429,-1.4102645281739967,-1.4387297499463698,-1.4133339664027331,1.0078683541915205,-0.6287515992403301,32.64394486785307,0
59765,1.3809265638012977,-1.3689405567031943,1.2000455531706102,1.57233987637452,0.5331609240494386,13.308453853426471,0
35946,-0.35639700732060503,-1.145577535434755,0.8145965765897881,0.43427816066120717,-1.4000879843674685,43.746135196452144,0
62552,-0.701178651923643,-0.21811946065081583,-0.38713757665058196,-1.4435428374975543,0.11109319306171002,76.43010617979017,0
33623,2.64684602298873,-1.043243409174384,1.3175548705658742,-1.2927564198436485,-0.1783546729893713,31.498041357705997,0
67214,-0.12050819676589646,-0.34319404826442146,0.2586560299831514,-0.9237022554878763,-0.1145091324680288,41.43635930371261,0
79973,1.3461197518982968,-0.017060687140464822,-1.5043210930877229,0.24519709018183813,0.5969809306267065,43.06094565032964,0
13500,0.5889111175754248,-1.2707687888295405,0.4851389993319725,-0.3266334019375888,1.0954362826790291,15.84752429051964,0
65101,0.24443534797901806,1.803648596287526,2.5603954846995793,0.8044124855023866,-0.6971121370299773,26.806979995637874,0
77960,-0.5965629295846528,-1.3592247772616144,0.2658756455315677,0.2103622847489144,-0.003197518446869282,124.23119610431188,0
44409,-1.5883692482505825,-0.550880043204996,-0.08417534880653477,0.2962578373574721,1.9192163961170259,134.03906033051408,0
11950,0.20814176328264009,-0.9717275602551337,0.8650372719866001,0.8529183421236263,-0.9933427129954169,57.92197211712292,0
67411,-1.3752594809811896,-0.04104785170187289,-0.2182809861481987,-0.9173595150868403,0.4251576009054045,8.511500558260671,0
50100,0.5693741568237123,0.04348692860380232,0.6522280816096689,-0.21902536784833662,0.8871258782480289,10.601658747167692,0
42534,-1.2860835499599486,0.5675933646089623,-0.4873689446800402,-0.23302899352814196,0.09484455939053658,23.880617500038113,0
61440,-1.2325605624906806,0.394373845392447,0.18420844265114247,0.7062292305088332,-0.02264963020743062,2.6738578757295515,0
43516,-0.8874154176968325,2.421465132961808,0.2921356971966038,0.5556588918570415,0.3362447033022621,47.02001603503519,0
66203,-0.18810287554505153,0.9112746398340557,1.393802351143269,0.11232186863611165,0.6470066499113067,87.45358995806876,0
77872,0.34192161058930365,0.8756049308219175,0.6145200456752457,2.256814402525205,-0.7310841045075327,132.9668432735383,0
76242,0.6198984737662316,1.9429614348444821,0.8698289854000336,-0.579302906224897,0.41567343002894347,40.84163828959275,0
63761,-0.39047499694389004,0.581920189438312,-0.09420858348949422,1.4412333854125432,0.6152554600694721,226.48775501955228,0
59711,-0.0886676094941289,-1.4626339528990246,-0.28122874397210224,0.3490704507698706,1.2050627138897076,14.463633813210224,0
53521,0.21839964541077247,1.438210776281385,0.6162829123272068,0.4873908533951332,1.0110098203573292,41.719764796521524,0
88891,-0.8389684396441776,-0.82091315817284,-0.039567825797951574,-1.8969873104990196,-0.7176581555626234,80.83465242579142,0
33307,-0.07633080004076884,-0.7255411589750427,-1.5670465728060061,2.6258583953179975,-1.1959299587973575,55.626052210061786,0
89570,0.2462818129724983,0.12952207826988577,-0.36700279873585523,-1.9690155628213108,-1.428510672088122,7.719482661154764,0
53352,-0.25804243022206463,-0.7082363191646834,-1.7892719485488386,0.41889320915075695,1.0497343561892427,105.76092121333105,0
58608,1.843316046125959,0.0460850135404643,2.033725188216292,-0.44397165052967513,-0.12299787692671595,2.5913808467938364,0
61228,-0.00798120435170447,0.9702157422712177,0.26658333542841856,0.31371057996141216,0.29241854743511353,12.340803176876019,0
68836,0.9860838914777112,0.5803191772595504,-1.338229370477771,0.17180449071600387,-1.0948545068448001,93.5804781949586,0
57727,1.5040676045201982,1.1767833821743214,-2.29468788163448,0.8369284352133449,-1.1341656413373087,116.67833169021029,0
84080,-0.06974726738073497,0.9154535210773648,0.56824371113879,1.5860448567893932,0.10999093657078643,13.612567743746915,0
38787,-0.3774009640534827,-0.3930518958787473,-0.9605035349648755,1.1395337623731594,0.3004482839259974,17.838539062651908,0
9474,-1.111778299134442,-1.5701820997373575,-0.09912479138785595,0.5027512306645171,1.508135748772155,52.2970485491036,0
32402,-0.07833789137611492,0.23251003365745868,-1.3311593184926405,-0.5521200815885884,1.9152156346220306,17.937868849955365,0
57906,-0.7122892858062796,0.17829094112565858,0.6957074159398469,-0.5229400264942958,1.0949463489874032,34.98044209589067,0
71425,-0.1702845318258011,-1.922314187472833,-0.269940227621031,-1.10531111451137,-0.467204996269618,49.43752521816599,0
45350,-0.6672053844763253,-0.5950987410478299,1.0776539629053858,1.0622968819112963,1.2544636835916718,19.02329523883904,0
52603,-0.5379748780811127,-1.7349756969458754,-0.18092202765987037,-0.3856041957915818,0.1245621231029474,35.1049506125729,0
87939,0.6517110765969125,0.10307304192408763,0.6204598024623365,0.9298770958468389,1.1791038701339815,48.8741541994483,0
18431,-3.254478941297708,-0.12624814774958787,1.4094266295635078,0.9277678910381758,0.7439383835236395,293.5926729980467,0
17908,0.8107266672390149,-0.9750607254204126,-1.6455140326145554,-1.1066353125478474,0.8515942960487191,87.18701601398675,0
90930,0.28965352090030033,1.810534841351558,-0.5727126798313026,-0.4977267590346284,-1.070180497740502,7.570165104476356,0
48454,1.5798669556055074,-0.8452490036570655,0.783275553112538,-1.5296241819076537,-1.7385661777233463,118.68610808496915,0
93714,-0.6993034391025061,-1.166058118578336,0.37145905395101597,0.6269816647968336,-0.7556409030768438,77.41054610960923,0
31656,0.33782591593198846,0.7366199329005703,-0.7914106743775817,-0.5747972962469304,0.5287983641607672,80.93046705408582,0
35428,-0.926924086099608,0.42883829780528115,-0.299878327616624,0.24618023383831225,0.40467275275047726,33.382017593608566,0
67642,-0.1319776420317892,-1.0139041329929706,-0.55860552883825,2.468584893662669,0.870515159306968,63.716902029891266,0
78797,0.09673643273801409,0.12129183090008201,-0.2606433360551251,-0.6135858222903192,-2.104764858203345,70.89473372868666,0
12905,-1.4469767155111604,0.8860273870113858,-0.13080610876552373,-0.8219541056615981,-1.7578227019803,127.92060180809035,0
10965,-0.3390783736268482,1.2204711231867227,-0.4175473072659852,1.1192696739847967,0.43118542003545113,340.2875609944641,0
45084,-0.8685964306357081,2.8832112963376884,-0.32441790215599525,-0.4702004474082574,-2.1403648303230494,10.950617157946793,0
90486,-2.4680677543056952,0.5158553280253295,-0.21859654631753653,0.6733222755307888,1.790900881116404,1.9258423892073118,0
68368,-0.3389680508233362,-0.42652244809009326,-1.1505349706993067,0.7669429412022003,1.0309769978001706,20.855219588895036,0
30355,1.7396974071200668,-0.670290580449449,0.7815181527137038,-1.1108086237555441,-0.8619461864213049,15.83783377143509,0
54238,0.672392969880875,0.2816017539623824,0.1124373261121793,-0.09682974696492935,-0.26310038485036735,40.185841283077984,0
50057,-0.05152943818644059,1.441954153562435,0.14776694946647423,1.4088553081678725,0.8710412311490083,29.228528447804297,0
8329,-0.8219203325737525,-0.8724171526193806,1.1270858255522334,0.8677669605328829,0.07908324966022341,39.27694138728509,0
51313,-0.06636632177105291,0.06323765706912303,0.9429364077572585,-0.5145804598405583,1.7846406406077209,69.44870026441154,0
25559,0.3001509512361751,0.06988799586940828,0.6115210937041258,0.09404279099435894,-0.78799791025996,13.876930925721453,0
33787,-1.9631729098813249,-0.778582645746157,0.9858039103443025,0.21917021369043294,1.457485527235258,6.4696796595930195,0
17019,1.1057145758432931,2.184810310984808,-0.9742095738891192,-0.028929040364761342,0.805783830224868,4.845401831019401,0
37900,-0.30559226751441604,-0.45102611861540615,-0.4856954063711564,-0.9564485892351755,-1.445041370579585,22.444687599057744,0
78339,0.04624182501819926,-1.3069854591359271,-0.5062866317860745,0.73433746826572,0.29753893802397086,163.58548756225147,0
95756,0.10839824808820993,0.23111327104951215,0.8637819031668581,0.2408026370657553,-0.4678452334317717,46.12413946485956,0
48713,-0.47445049546896756,0.0860224250408956,-0.6009219329203157,-0.38904507005696065,-0.7392727673300735,131.94174074456996,0
46959,0.05641945327380404,-0.35541430412854735,-1.0180445374050637,0.7888795811242115,-0.11146100758178112,158.64496757970014,0
95259,0.24680931818085258,0.960183669374349,1.5449046987091442,0.5499603250880295,-2.5647078051498915,20.92032018851315,0
30354,2.026802368936906,0.45492472806603235,0.540240544084207,0.623951317876599,1.3133702511779946,8.355880520494448,0
93344,-0.11838007505413023,0.0051431414744674145,-0.6393787834823357,0.6696549532395544,0.3567871430722091,35.24168236308364,0
21778,-0.042804497568092424,0.7965943027229403,0.8120380720416848,-0.029601481109428424,-0.20471950621822432,7.448067567136397,0
11561,1.2591813215132046,3.3009718943015276,0.33076289325841235,1.1377505258287988,-0.46399172352089363,14.895510011091288,0
45968,0.39273094038199013,1.4033611573730884,1.385555582216974,-1.6529768939512521,0.32427504594954315,18.06865716536037,0
79674,-0.64196636733248,1.411646503919558,0.350760358110139,0.2113917363391902,-1.7111023706488653,26.665701816883875,0
34801,-0.2025229974690826,0.14320219249638214,0.1149853683772765,0.5823060485028645,0.7138271263299022,4.200656300335847,0
83042,0.6659488378340656,-1.8266194934838311,-0.7339942788786429,-0.016237301962710206,-0.7756687991346262,84.28113401910903,0
17685,-2.0918640945508673,0.7267305457153483,0.9909616123926529,0.5608391980881995,0.6573438652939351,26.19368862448958,0
47299,0.23096732869515393,-1.4927901206286105,0.15584301556104116,0.5967675799790658,0.4648429677555527,52.16645597630094,0
1283,-1.6432010798565861,-0.6780398631505739,0.2631909745697459,-1.008451723429244,-0.1486309199837066,1.3089331370830133,0
94377,-0.4731215046093557,-1.9678301230925799,-0.006291795050064441,-0.06267376250895734,-0.5734975834412411,61.42675205466504,0
97852,1.9806510466956204,-0.6617313742720755,-0.7752694619753632,-0.4519366932649261,1.181954097551536,31.342283626199997,0
45607,0.3427490054354261,0.3510011542248495,0.19624237893849572,1.3236301685549294,1.3963700413109872,34.69320791479228,0
23284,0.08472993850013799,-0.0017690228592416313,-1.7600527801528132,1.403770260315929,0.6219303660266216,25.56877778177016,0
3890,-0.7152209517993878,0.2516506656796395,-0.24936783834808848,-0.1674626849310439,0.1807111559457698,0.4199426856058394,0
62516,0.6296376030255896,-0.29399520860356854,-1.2975681295405261,0.04198712520108483,-0.48473237819297565,32.263177571104166,0
70135,0.13888752134537663,-0.914047320840518,-0.7481261159492422,-0.16318935476092003,-0.8328532530412796,39.23978137800509,0
1969,-0.13589138552518037,-0.543829053927893,0.3273197427278892,-1.8679571143242404,-1.102924429543348,39.35103901735318,0
80685,-1.4409227678818468,-1.2546344849838706,-0.5426969874043752,-0.5165675826887363,0.7781177320106274,46.290893221790085,0
12087,-0.5125801037467602,-0.8508863000277902,1.2037105353950988,-1.761507397781324,0.1900858233931888,7.312379922200576,0
99299,-0.3651826162937345,-0.8887103506067264,0.3283885415530026,0.13631158716211073,1.3681154180497124,11.298262711589633,0
61388,-0.2573892662849306,1.8871389599922743,0.8123433957204345,-0.6175949809531657,1.8177025739243113,75.72548658250668,0
69724,-0.30292410531602454,2.4151672241907547,-1.399293692859727,1.1985730116742468,-1.4702019251183007,314.72093778239696,1
25121,-0.19651291442616903,-0.602258177282046,-0.09307900935152867,0.40405114114530627,0.308601055508868,4.09450082352414,0
21384,1.1314577963453558,0.7273525822688602,0.23296475174492035,1.0235074418053713,1.5423489533626462,19.305095227277267,0
88397,0.4747109773986651,-0.010901131003714686,0.3621047766572867,-0.7366109335075179,-0.08600093003257334,59.03054343219857,0
87142,1.714164357415557,-0.518867167953021,0.5285450937889634,-0.0924900515130625,-0.32563307142638215,230.80572327089857,0
54120,0.28574016127659174,-1.7163271096772137,-0.5010588804930958,0.8079702659154591,0.8864755616767508,3.5216721423265747,0
31585,-0.39275061839707964,1.056661949261027,2.17088440485843,0.9891500401425736,-0.5313748066309494,2.8267348993116768,0
11138,-2.0895496931173736,-0.1493467286627817,-0.19021542135113323,-0.7714973245236618,1.3568021601969253,3.6322280964980123,0
90751,-1.4152051197449083,1.3151253352250993,-1.1052340683795763,0.46521408134497355,-1.144156859143325,42.07324262370907,0
38258,0.1225607988278583,1.0154528481746792,2.3599002133108433,-1.362248247195733,-0.12922582970985574,71.35697299578956,0
31575,0.11139085350495989,0.8573713651756364,1.4542000122758232,1.0439361704227161,-1.530556586195073,28.6568669799841,0
18257,3.10338440576487,-0.30593985378884925,1.9062826161271422,-0.6884182762894664,-0.410175568277822,65.40714840839523,0
96136,-0.5792726172884418,0.7676694887643675,-0.698613253811365,-1.2691991127377964,-1.3549805026903685,18.03182528702926,0
6645,1.4203798480283505,-0.0793261963762133,-0.5741608037981262,-1.1994765585898897,1.4008792572496085,11.766517823414587,0
65733,-0.3814045304714144,-1.468262686962047,-0.3820945938345779,0.3422751414605762,0.8066701574598942,3.2212767012842174,0
54823,1.6056113832418772,-1.9413731289826768,-0.7564039912677225,-0.7373280510197849,0.5403627172551217,49.44716610333097,0
65417,-0.2793532754133253,-0.1671111278986771,-0.9287565596886601,0.9760105643937562,-0.5307353543328125,67.13620932495303,0
79364,-0.7432717673588966,-0.0387147689465107,-1.4935785651259672,0.11662454001126092,0.08551590820811876,11.881571613140782,0
81557,0.0035048316686189687,-1.76255218604164,-0.020856111561143437,0.9181408900021274,1.4715807787183395,0.4265935867707807,0
79057,-1.3204681310202717,1.027286169739685,0.08947552186419196,-0.2745727971914541,-0.052269500029997834,21.33100075050619,0
57866,-1.3436243632847782,0.7934524888344344,-0.559925837513242,-0.3423539738532581,-0.33145245265927126,6.797314785977164,0
38413,-0.015238046500086614,0.4365091319200617,-2.6482371713466084,1.7010124105367244,-0.22583585970728187,56.924426657757564,0
40387,0.581145557008673,-0.7443711598045819,-1.9510815662936234,0.6616997370488624,-0.17791595945172312,127.37741700142793,0
30954,-4.462083965630682,1.4803669322141926,-3.0833812646518894,1.4255791155789617,-2.754068975290193,552.7630766627263,1
33397,-1.1331684958720607,-0.47974189529556244,-0.9573676317161598,-0.07376044127238657,0.01150970956038026,13.60944703258735,0
6172,1.1127725178150552,0.6459120154192018,-0.2998011976493202,0.264939394902242,1.7896213118621926,78.05221276493059,0
8438,1.815577481595072,-1.5294277200326896,1.6542305182799522,1.6148272099523837,-0.12295162796571171,32.16579981195808,0
99084,0.035142224620872076,0.31812686237369603,-0.27124473751674977,-0.6342484644026888,0.08619527774649824,50.971828058890424,0
65510,0.8752900534165288,1.1093801670164412,-0.6059441628470909,-0.3033154743251318,0.010104551055929837,21.91731722567041,0
28865,-1.3236153984890395,-0.4310701409423293,-0.19785795186096838,1.9807331982851426,-0.6857440737196069,26.439520851583854,0
90093,0.5751078209897706,0.7262722258771492,-0.4190255848402959,0.2312763357615428,-0.20357017941798455,35.78126030314907,0
12360,1.9616294732981792,1.4794614334697658,0.5766803472442661,0.05516451846556768,-0.8164958825846508,27.26527999652429,0
91118,-1.4038933514001541,-0.9190197910689418,1.8548815801328788,0.0551638617446861,0.06880356655700676,15.290499450139668,0
7190,1.1073181865159336,-1.2971955754332818,1.557376998764244,0.591076235420115,-2.2983061801538542,146.00862742053212,0
39110,0.8113303189214178,-0.7125546539848696,-0.30681279609034245,-1.2781318799455943,-0.11707881041027665,31.607966021174843,0
94788,-0.7838505846547171,1.3146637309753773,-1.2735990010357823,0.8412275067319416,-0.16224655385545697,6.419052347748259,0
13917,-2.095416313351793,-0.15730398490216801,-1.4178988891192719,0.4251507549269775,1.0315948764306495,68.38054833956815,1
155,-1.101681879928681,-0.521167367008148,-0.1868153704650658,-0.995799521399585,-1.4560985907620927,41.289477866464544,0
22415,-0.29502735211415737,1.593523998609482,0.8254521507811602,-1.0818416283734535,-1.0342818138219942,83.69184111100193,0
37327,0.3028952625429311,0.6576356647244124,0.8434598963086195,0.6605288871095782,1.1872662433724968,39.883435869174036,0
75520,0.3481068147147108,-0.6148279504490115,-1.7642225586347025,0.6579711807999089,0.08709894621171559,8.349014240557615,0
43221,-0.5173465729392782,-0.7197869743492218,0.6168130787385951,0.43537346726797804,0.5742404983824129,44.04180324119707,0
66197,1.0524506316140432,1.1427586984161453,-1.7215056469395473,1.3413058748422861,1.1680809822914533,33.31471131446317,0
12289,1.7636192077507902,1.2931917687021603,-1.0026750756807397,0.7092146838868116,-1.3227653319994441,22.49385585756598,0
37265,0.061162567850915076,0.21717637258489192,0.5712516986466183,-0.2827300147939021,-0.0829729056516137,18.575542843636157,0
66216,0.5291151085637205,-1.1801416044618,-0.7450122020091959,-1.252298134162223,0.6286555640138654,63.551942322424246,0
77067,0.45450257208562816,-0.7585177963827971,-2.135556828532329,-0.06847687651249061,0.2430810326713741,15.601961536535674,0
3832,-0.20608537303860355,0.6947049704670458,2.222831914851334,-0.19226081222583638,0.5314504751295382,3.756461229332233,0
42344,2.0877459858751446,1.532906465411626,-1.308035777360805,-1.0151125362813045,1.5683767552476677,27.766856045822628,0
19233,0.9346701581005344,-0.18610951475596346,-0.7442747098740682,0.1775166202437275,-0.9029070230185776,31.59895763484491,0
62292,0.33492902589548784,-0.9766931954727915,-1.4472793731982214,-1.0396030667268645,-1.1598750346479565,87.01067523119545,0
10975,0.2882515778693265,1.6944725305279356,1.8350049552611885,0.2913631159837713,0.6797437943734773,17.64035057938895,0
46619,-0.06218005432057701,0.948865245446841,1.5254704216932449,-1.1399022137086863,0.3925895800074882,9.901284260001821,0
38559,-0.9982930583210694,-1.1811304632386497,-0.7619772317066479,0.010709409439417868,1.5258127455099242,19.742619164583438,0
20700,-0.24141983551822463,-0.5063856144965024,1.8432095870626992,0.6186221740984296,1.698298396059252,37.518914848139964,0
80102,-2.6407856355754045,1.2485911362493523,1.059390567189696,0.07269242167587621,-0.3135363648646909,5.397759475397189,0
35205,-1.474293055508531,0.8754948832617212,-0.14980544584183836,0.015291995295807182,1.3215700931490708,21.92486949167747,0
26646,-0.5782201666209199,0.3497852675752838,-0.4794804554303609,1.5464470157149268,-0.4003861099801894,43.00229981594398,0
89789,1.2668472405671247,0.8462485085725001,0.11976998154074835,-0.38106275316101756,-0.5046947732222363,10.407844522212926,0
71696,-0.42385919679407946,2.074386557241339,-3.8610795517952825,2.153454640879411,0.44074269447870473,319.7019408911445,1
38565,-1.9730149999848399,-0.43807285678130725,1.0537353176489332,0.3276089583419018,0.3058437012794257,18.076158425404138,0
19581,-1.9405515847036499,-2.032973548237199,0.7446155823530636,-1.0898469856182262,0.05983813720284922,25.050666814265384,0
23954,0.8162218725571921,0.7741795185432268,0.2729899044904501,-0.2866984465259786,-0.3880038226281149,43.19588638138963,0
96019,-0.6959364024507146,-0.6139488594002418,1.4731587573144636,-0.26381528299564994,-2.5716775746744522,4.696429449991383,0
72127,-0.2519149328711576,0.2948435631526776,1.1316858302507236,0.07991510450788056,-0.218728400216553,54.00960749969443,0
29061,1.9694453813319799,0.3124849981973039,-0.8347739864259969,-1.1783086102152107,-0.34001008676487676,43.99731156644322,0
50729,-0.46644919190686945,-0.13451512782328243,-0.7532515846590415,-0.8088972712108411,-0.6420591620340333,44.67811619721635,0
54061,0.848298179304868,-0.28976909672896906,0.9300724593022313,-0.15405573881161116,1.0137278992804586,18.758983655938078,0
39121,-0.07172898181100094,-1.5255799251838817,-1.6123747040309508,-1.0697743968707762,-0.09067369859010972,146.29040159748973,0
49407,0.7544756997706997,-1.0008091940426938,-0.3201930196346475,-0.6513608316929584,-3.404486485931853,41.532243333679716,0
40818,-0.11129290760530697,2.1208409479491186,-1.7068795676073696,-0.39196641967735624,-0.16405720820950548,10.244947258534951,0
43585,0.0014628548137902023,0.7682485771525432,0.006569535087340565,0.20029656479729016,1.5823840283915775,8.392587362282148,0
15313,0.004910558563553437,0.07796847219394218,-0.985037135661774,-0.2586889520549061,0.6666839583982711,31.897580193027466,0
79714,-0.9887373184198183,-0.926410464593819,0.44710404572433665,-0.037528965125643056,-0.14483988295033545,2.1234049223217104,0
56397,-0.1340652496363761,0.45239448329036974,1.1211554231851428,-0.4633827080477286,0.10775250334940593,31.30592567736234,0
65942,0.4503188267807239,-0.9805463271163027,-1.448693866664951,0.4478487326490578,-0.37409430093846596,1.927693877584315,0
33434,0.5400241969892433,-0.22119221461923189,-0.1990496153407668,-0.011292222765988916,0.5167290191258025,57.3153437178218,0
40461,-0.26950808672585086,-1.4858332395471836,-0.10720471209814875,0.9618628306510899,-0.7000409754426833,11.876784782739499,0
66842,-1.111505380701124,0.007282987050419192,-1.9564074511792362,-1.7048435803359037,-0.49775706301760125,142.1007872475774,0
49080,0.10653496705378047,-2.443083621848954,-0.6751563752501056,-1.0864501741488903,0.5093559305345263,45.422561670941555,0
55761,-1.1439890013233718,0.05880434573626804,0.9674163511946909,1.3595966254836545,1.2085155272473365,8.973491936835556,0
72615,1.1504870500333517,1.16297582623604,-0.8737640927475011,-1.2106710608841014,0.5565879997027249,23.301292081441805,0
37685,0.3657630307571361,0.04853913982263525,-0.5019135031386625,0.5562573912095082,1.425027911669431,214.07033712310118,0
93574,-1.8999609181669426,-2.6906063880179767,-0.6992319757377646,0.9422684386745112,1.677285166187952,27.59844736218151,0
50489,2.3147323045409203,1.6998196379523638,-0.05752351015304711,-0.7687892820425916,-0.4647649148436426,102.0867489029543,0
55168,0.31955410121987704,-0.6235090134903337,0.758839056359829,0.16717001293497277,0.27778252650438723,58.826905354990764,0
81816,0.9758820833077517,1.2565166360057005,2.4357318594418893,-0.7143384814718722,0.039793451640505885,3.000125530714296,0
59207,1.4338344891601564,-1.1656832736504297,1.1094661819546467,1.0951930995855286,1.448845031181159,105.2004483715477,0
174,0.26454137610206696,-0.5399295668892661,-0.19549581392144594,0.8603393329406418,0.7754665991067247,21.880616251350574,0
54336,1.7931143276074963,0.02261002381455466,-0.9435133686439552,0.5391201720708985,0.5004883807063788,10.976631354238165,0
95074,0.43257932208484806,-2.244860266589254,0.36807394657107784,1.0250168337050274,2.131607099249963,8.96013656543395,0
93501,0.21861148653470555,-2.0742808203295895,-0.5060102892035697,0.9022849998719265,0.10157696774178945,63.6764097232243,0
58585,0.9998235210624266,-1.8177453874985223,0.49620389903074363,-0.7628380650254947,0.8614466900520134,38.43777822012223,0
55633,2.112519290962802,-0.342004268275726,-0.38337637429407084,-0.8636155641117497,-0.6644440276632378,6.038484747071203,0
17438,-0.2215735885909586,1.51319168432021,-0.40043120165039753,0.8912830354649167,-0.3208954349073055,0.3560916324120354,0
31845,-0.881541272073833,-1.6858236362126073,-0.14484224569553084,-1.4008949591767739,-0.9149787292541657,144.79441951769337,0
90306,-0.6937253088683843,-0.665091948081787,-0.30357995193639475,-0.2936731427202118,0.00233424749214466,3.9058048694315928,0
38547,-1.1680869521078483,0.4531231087104852,-1.540820838239643,0.06414060507052764,0.5878803032873501,106.54013887161445,0
63278,0.08122550315024984,0.9546421221064131,0.6799686647978321,-1.1738180393097941,-0.5537755881094242,4.530150642920264,0
33919,0.48752205869567816,0.3626279925145258,-0.1502401888175545,1.003988338342223,-1.2160703185831854,4.994140443591887,0
37823,-0.2200535073716947,-0.016875005724353236,0.20949624772827988,-1.1426128151986692,1.654528307332307,29.044803250706952,0
44064,-0.08825146273128724,-0.674487174380772,0.07477684662155416,-0.8472955410637681,-1.9885931072763374,7.612331381052286,0
13281,1.66675312854367,0.624742026481505,0.17647664247949113,-0.2572836386738268,-1.5151654666050949,19.86621627042286,0
90373,1.3454829678839195,0.7164531930526367,-0.15195789555783176,-0.23767614427420716,0.8871342791547473,9.60534092700986,0
79148,1.0336292027789111,0.16899143141433093,-0.6753964869738631,0.19968990865345315,-1.0134763133675422,21.0055959878204,0
83186,-0.5213361424671525,-0.8337509418377196,1.3014869442559946,-0.4198561911143674,-0.43033144230027826,221.66210588711576,0
28602,0.6165953861145571,0.15514701868247027,-0.9764265916915398,1.6542842544652332,0.488069922184174,36.153748500393164,0
61842,-0.5243575625907722,-0.36073055824440614,0.2816685698427734,-0.379136695114581,-0.3109781292522395,8.144221725151287,0
61135,0.259133655084339,0.5546640973688259,0.8565701137640472,0.2935661338945634,-1.1361570092466968,19.892194104343908,0
45543,-1.0078023315985045,0.772748337704709,0.01768327004313995,-1.7771080213875565,2.397103598867367,54.506092957435605,0
24259,-0.5507252822722143,-0.3988563971108943,0.24189379463840782,1.1976687498774463,0.13773109267775793,1.9125493661235042,0
55276,-0.730011522864486,-0.9812987632552502,0.3108307240138969,1.0054133002314873,0.6398000879421298,53.178053841467786,0
30795,-0.8240591186880378,0.021404045400808237,-0.022411863793875927,0.3439321087363135,-0.45865800602651785,41.40991648049674,0
27306,1.6527489558168793,0.0231430125659436,-0.3375665886361984,-0.6550841942755501,-1.2270907538745341,55.31494222334932,0
7812,0.5893372847338489,1.2115302123032055,-0.9001463811938956,0.5148421928734493,0.005077105450994289,22.120460353088344,0
68847,-0.8803161750079682,0.5622889179004108,1.308805224450165,-0.9203633931166495,0.6946768411108678,32.910746943995285,0
14955,-2.1952297577969078,3.042930727403726,-0.8583152942821348,1.430758005142529,-1.8448006587847874,76.15967654138028,1
83194,0.5051106120830741,1.5154796656876108,1.853798561024796,-1.909131103686756,-0.8352470621876973,29.298934269369536,0
89906,1.0043379436417033,0.7067084702023088,-0.33865918778936765,-1.3802817263790528,0.04387320901629515,45.3249329420799,0
69569,1.4158751492646091,0.6353518112991401,-0.15924114901195818,-0.2258958337622229,-0.8197217615375335,29.55899316347989,0
47837,1.1548911426353936,0.7110339802617263,1.5719679853876172,-0.8280212998063755,-0.6366824837233288,29.51378748969702,0
54912,0.18549100031849017,0.2512094484418934,-2.3307727820257185,-0.8256140803014054,-0.08806478784118156,98.8246435769033,0
75672,-0.8125757823108081,0.9367532635304259,-1.7481878472406622,-0.38548085983017455,-1.472109706327306,136.23416747176256,0
18017,-0.022368861878339998,-1.5914981540273423,0.7624929335478066,-1.021268067583795,0.9969043313968593,45.09989653028421,0
6344,-0.9074611148997993,0.578809109784556,-1.6537523350828152,0.9393053306312894,-0.8406157818114738,31.81055681861997,0
61202,0.03729407982066181,-2.053829440163577,-1.5575389048162822,0.1859811164947087,-0.39402474224177564,47.29314494967476,0
17159,0.5823769459527517,-0.9490402912155661,-0.03478006986894213,0.9358800728775721,-1.1077058987770787,36.49139501754389,0
54220,1.176448825366272,-1.1986001519629408,-0.7832837788003133,-0.4749412562128272,0.2837333698103036,46.66118976665835,0
72237,0.9939277907946352,1.5193945969413418,-0.9859464729639118,-0.12469139123201843,0.1614137027544375,137.891089065929,0
83309,-0.434032263769012,0.5878038540094718,0.5760034500128405,1.958916624082344,1.855635684112075,132.53872410029024,0
18800,0.025627672402025205,-2.2041733854125187,1.223173117718746,1.399871878719101,1.9914906616219616,8.561460252366315,0
80702,-0.28518844674365945,2.9359748746381094,1.0346983424780327,-1.7952794226868964,0.06224436735767811,26.463110908556374,0
302,0.20112345870152593,-0.7702169147313244,-0.0065804533130177445,0.626153713823183,0.4169725629801534,14.538470139077935,0
29192,-0.711306679998877,-1.113266268792409,-1.367005278394882,-1.1688719805411683,0.7822662040883062,14.52917236831758,0
1089,0.9830501486789515,-0.9150837506108667,0.3227016673129792,-0.8755894825650197,0.17041029033848917,59.70327123366266,0
89393,1.2737053478111904,-0.8804073025864007,-0.8239751584107831,0.5820470805774158,1.908336817046162,45.33467781591341,0
92738,0.10878336385396588,0.18176889538381724,1.525591152789017,1.0227533286706472,0.15635552331691674,40.45392445534944,0
26069,-0.05661208726445672,-0.4515906532470789,-0.4719921726233347,0.8491543040802064,-0.11879900747216757,6.116641047236742,0
16920,-0.028168270152338536,-1.6785011885482375,0.7401173216811205,0.6808955389608131,1.1023741392039126,61.650096033934474,0
98098,0.936102435196951,0.09330264256756057,1.502194217148193,-0.655115576454404,-0.53415185738357,30.364255764388965,0
77465,-0.0393812978951484,1.0943608572807824,0.55396892568194,-0.8487638743705084,1.0338104350860065,1.914501255176631,0
645,1.20243090577956,-0.1106491484308348,-0.8424305054311236,-0.037347718990860757,-0.16077862217315575,8.46193150150503,0
2573,1.2551054165830837,-1.7035821602729582,1.5559537240668089,-0.45746031923220953,0.7219457764350213,91.27218178311617,0
96320,1.439900556356811,0.6694853551747171,-0.5168826360841203,0.0673806024210696,-1.8282059871973793,26.071771373963387,0
82844,0.08369939861550929,0.18394640250141972,1.1340802960689875,0.41247633914815524,-1.5991421051070394,17.085060709710604,0
29084,0.7123352668133672,0.525545680190085,-0.13382935168049312,1.0211605545363918,0.609259207256053,8.346982093953823,0
7521,-1.6919612196875748,0.5189150428456454,-0.26050775328163955,1.2469119282431764,-0.31854848905002714,31.725456788074368,0
63315,-0.4648087802060128,-1.2929813522351876,-1.7875529941443247,2.3445868200543676,-0.47180262011623125,106.5567650180588,0
62987,-0.2004346266943614,-2.444332480542263,-0.6279460814439954,-0.16441881423051805,0.8625543905272665,27.61468527604996,0
72694,-1.3007017697541436,1.2124767039620095,-1.4250143355638836,-0.13397382465128635,0.7333751863632832,4.2927290955054005,0
29345,-1.1934554451782609,5.938680673639186,-2.9987302942319696,0.5869728342773408,0.5503197519317553,286.05703118689576,1
96825,-0.9013697148422457,1.0293976181353213,0.4188669269168215,0.06327701991013154,-1.0740187849840637,56.73788183406286,0
77116,0.5556268227948727,-0.4621951832629567,1.2592589968430505,0.2779167959189828,1.1480780061863713,133.56147225010622,0
13673,-0.4209009385749402,-0.04604373437170928,-0.4725339852820247,-1.698509918995982,0.4542549935872138,45.525664613706,0
44857,-0.4131228857693131,0.2035247552148713,-0.3656113189940691,-0.571229539935257,-0.40521843467467134,0.6685093697652343,0
26916,-1.8430668148602856,0.231107168513459,-1.462032809090067,-1.346007271613347,0.40705954238266495,16.949554269810665,0
11240,0.5862503755302528,1.3718725864957029,1.1972120351038775,-0.03633093962980757,0.7014283634963061,21.287377759519636,0
34620,-1.3775763800646668,1.1301621858591637,0.14138067630132475,-0.7982622082391274,1.7042274944929616,29.179407671138495,0
73686,1.3060614618427262,-0.4290766509704263,0.6547472191614669,-0.9096543480206484,0.32281683812675177,43.74906909849152,0
76057,-0.5292357005230119,1.1128842530120984,-0.15004027240982856,-0.4784263998947005,0.4745991274878383,62.99636365570295,0
34681,0.3957651515251236,0.1616789110029908,0.03048480467429116,-0.35037160563076825,-0.8161517957008269,1.2087021586429012,0
4760,-0.530800478794885,0.4684153581887788,0.6740247108298125,-0.9094429466888794,-0.34836082465781076,5.508217745971264,0
12910,0.8935920406314611,0.7048680817970705,0.25800099766949486,0.3622350395549847,0.8984874386942964,26.792272570050464,0
55661,-0.5248171962928653,0.4213270695156009,1.4137430047628436,0.6465610996280237,-0.9616526427586851,33.79783259242908,0
22890,-0.5506851265158396,-0.49611677818152405,-0.03394224289090872,-0.8616532129042705,-0.58206886140866,41.55344844754279,0
18624,-1.1376446042692772,-0.5148659103564028,-0.6104262486684379,-0.339220291345426,1.0944732128436507,78.09430762942225,0
70271,-0.46621078219393086,-1.1752801165962552,-2.0102742675983114,-0.5280640122679626,-0.6734286318730868,54.186271438724155,0
57009,1.3240877836120952,-0.17910355363265076,-0.36725254626764503,0.8014941876295353,0.042683916697649246,49.2823928683616,0
45648,-2.009540055171467,0.10732488313411907,1.2266461317191177,0.19717084398446577,-0.004920334993235869,90.52943941290195,0
2396,0.22909475621236441,0.559432845408076,-0.31599664488331153,0.5487830415874635,0.0012620513508245805,19.863154680455146,0
70792,-1.2133700702479149,-0.8186117520503523,0.5701473246469615,-0.4443121908369156,0.5943823707738919,10.218445033475797,0
52130,-0.2829973472998606,1.3892851290935988,-1.8491844262661106,-0.6504891945824361,-1.1065637959263668,7.294420096370461,0
30746,0.4615180463781131,-1.6877048624258153,0.6128210444429151,0.36398060384964687,-0.9286441554651748,22.89511561743342,0
53161,-1.682456030936918,-0.8073294029214,-1.0462495298810175,-1.5726827692728509,-0.1109610809710438,39.55067458732003,0
54268,-0.6851159796427303,0.9064245874010424,-1.7797405111628606,0.45188024151488304,0.4288445484125269,72.2710998167455,0
72124,1.1864610373303244,1.0058589844658574,-0.049429040207482726,-0.5474009427622819,0.3690347090314865,24.952685018443056,0
91170,1.1125641020748327,-1.235447832122853,-0.10930869658077089,-0.5794902937541369,-2.2820917467798063,85.17740157598823,0
14060,-1.3367852010836798,-2.028273040578791,-0.45265911659782876,-0.22171849381178274,-1.2084744952516213,3.2024742744328525,0
42808,-0.36389378950892304,0.6607238244589877,-0.031991096536398415,1.116141012930935,-0.5980645572653881,37.271554309504275,0
34674,-0.8211597081953365,0.7353374532525071,0.7813434393694474,2.1335972795408114,0.542396384639893,20.1248921450785,0
76872,0.037198196936267684,0.5397664303241543,-0.5272261106046283,-0.9537718321627254,-0.3553717615301998,63.69615025735597,0
86123,-0.48414713088721034,0.9442163762851975,-0.1964474910457107,-0.4836725998536152,-0.6441577182209001,242.27070263269303,0
25235,-0.1732214313517653,-1.0432034011890876,0.019653001848540623,-0.8150312641441744,-1.860433845962216,98.06513329216212,0
19508,-0.14228049679277768,-0.11472151179391586,1.3337490486275165,-0.998388344625265,3.1823785040645323,19.977576588575598,0
83588,-2.0360681984757933,-0.866336617187862,0.6119036661702267,0.13504335296370912,0.35925881835654694,41.83453302603049,0
21677,-0.23893182145712105,2.094718583848544,0.9274297691916048,-0.7912414773973764,-0.04494007610311573,18.351880931945868,0
75703,0.4919090174272401,0.6106802242124623,-0.021264052012147087,0.5141988983641826,-0.4569154333691609,43.58220073750817,0
66557,-0.035143579404707616,1.4985910968357032,-0.9093696726362216,-0.6584686519354378,1.8030124437669164,69.31027794356051,0
61434,0.7293118165382786,-0.45815932859321384,0.287435751696084,2.2391855650566965,-0.3399685048591044,33.45535548474945,0
4114,-0.06821629173123701,-0.8986224302507531,-0.32803530481887266,1.117196164341796,1.480230324704056,109.91152902598856,0
42137,-0.8081016455257083,2.2082504289968408,1.513559210992294,-0.02457295672053189,-0.01628375833212363,61.752658996706366,0
99911,0.450997370432614,0.8771101252519663,-1.0537907973425453,1.2474396287007097,-2.281308586089509,119.74954846296511,0
34542,0.14836285868198548,0.011557922771419234,-1.1484146746365285,1.9522322197953275,0.8180231429905729,10.760245406848627,0
25500,0.026603121253563643,-1.1060684529617113,-0.545546172593574,-2.263094540589073,-1.0011286652925795,75.33772738017409,0
39915,0.8088204022778498,0.3106390995647888,-0.9221949631142771,2.52771847904853,0.8250978262240763,27.097717833508668,0
66435,-0.262907197874966,0.2345824670753469,-1.036667316152543,0.7426299939141227,-0.48111662742951383,2.8079029470381958,0
71932,-0.5289225023853102,3.0873138111123435,0.873738818091332,-0.9067389633036362,-0.08661935813490008,3.8497449045062484,0
56704,-1.9929363156801763,0.48913448707453666,0.5520252364909931,-0.09100739288704224,1.679422130223758,0.012148197393121849,0
18199,-0.24363005571793026,0.30452974933012356,1.1277934571837898,-0.7022622578076418,-0.8005986784902199,4.098351973728986,0
45671,1.7806249559172147,0.9157398191575445,-1.2037853261956195,-1.3192220946210158,0.2024919906447109,50.980289709015146,0
38088,0.9679737442743352,-1.4793077461833894,-0.1359479580576741,-1.3121641298553959,1.845339877174641,222.92808225093893,0
53413,0.6803425779863251,-0.5647023539979451,0.32830717562133405,1.6141145160942794,-0.48575316969594473,65.27060647052451,0
94574,-0.9111228918701051,-0.9247893506054676,1.2226891787626726,0.9924641950780103,0.2772895031138307,73.97320236732034,0
4432,-1.2287452557521887,1.173229091293498,1.3154384618571806,0.23646667593104356,-0.7294311033998226,44.044693404694165,0
92961,0.6522282001166947,1.2068993489717312,-2.127309541174646,-0.8869320085649508,-1.2157728807569765,25.57100892725221,0
99932,-1.6941546618245804,-0.032442661893587,-0.8247780263739947,0.10314817822142636,0.5795642944642145,20.792668571670767,0
51501,0.5580396715190163,-1.1463526088450813,1.5291861234707007,-1.7256048823794647,-0.5347679101748003,89.9265933685352,0
70305,-0.5724175857800458,0.692857874596972,-0.3606478574917862,0.10426895714306594,-0.32619014173094096,42.00343697052891,0
15810,-4.956138181185081,3.6037009645014377,-0.7886500242054497,0.9977648498885329,-2.1424176172590785,194.96481147072686,1
43791,0.19073072660711488,0.82979081410692,-0.3747569689664438,-0.572595236407886,-0.5033083227881994,112.70587230492733,0
4173,0.5454087738331277,-1.1259776634723684,-1.116434681827791,-0.3421231696459643,-0.5360014635746518,58.86068684889091,0
4014,1.556300795515933,-0.4605755664742546,-0.4396558551334833,-0.18835622647590086,-0.20629329598986737,47.74237154703567,0
36976,0.203510360414917,0.6704054890594515,-1.1215917527347823,1.1139658216309158,0.2947669488713626,73.47806365936592,0
43361,-0.596036549847532,1.1207586339390962,1.1258393017292299,-0.8860766819576824,-0.7134145783021107,15.23756701089296,0
45814,0.40263995699200367,0.6707183224357742,0.7224091679624486,-1.1755083130505983,-0.04721073783058426,3.480401285563678,0
60890,0.43782376624357244,0.21541140273012366,-0.2747629760909964,0.6263860331002923,-0.9774476666350193,2.7104168372532738,0
78612,0.8108637327605234,0.694999668887765,-0.24747600804098666,0.3190195180651765,-0.3599709240847465,133.44550501355334,0
22625,-0.39502186443836856,0.0015093991782153475,1.841850932615303,-1.3973132971889952,-0.768100463669754,22.262740415425338,0
77842,0.21809280646166604,0.9167248643158379,-1.224430902208791,-0.7329833432593729,0.7172434606840445,12.362794888725789,0
19262,-1.4052818872548896,0.17110140193267767,0.9371155079842594,-1.288400133542527,-0.2848318952519721,2.9358768793481183,0
9569,0.35321918183079504,1.0213997688818381,-0.31562378300665983,-2.4961800219763663,-0.9017571605108504,14.416310443139372,0
81132,-0.21559775133984035,-1.4525254463122808,0.2077997827576764,0.5958372940409201,0.19415327497959786,58.12283324510086,0
64174,-0.14458871698605452,1.8181588366757873,0.09066013311417374,-0.3327601667090064,-0.8406255650334981,10.427047001080515,0
96038,1.2341698587913752,0.9520877708182744,-0.12678330663866985,0.490028253317602,-0.6459018357750625,21.92643154473778,0
68840,-0.2554504313815159,-0.18696842946794323,-1.38928126862327,1.708691538093944,2.7920598747843237,91.05580186750542,0
90724,0.42832741416942294,0.0001146437703595783,-0.11451920329155672,0.2658305246318299,0.006943559753722974,32.936617216207004,0
85230,0.2797480006999844,0.10543922618137079,0.7737454171487219,1.5043080027023767,-0.13301905393161553,113.64902787360889,0
80797,-1.0071313718040806,1.3955415800780508,-0.799015107413487,-0.9208856304183295,-0.5770672846449787,30.093629376171926,0
17709,0.09173987598728203,-1.0141980701800475,-2.339231900406873,0.526805541261995,-1.672894500021169,16.931767364350637,0
36224,1.4685022718853997,0.022099323550935804,-0.7596591181946618,-1.1058233659986403,-0.11256238285063425,0.8557377382997189,0
94230,-0.7181987605057618,-0.1553415541160091,-0.6473876570865835,-0.7141137666640816,-0.14397081903523254,8.760148658408212,0
33756,-0.7880216187756558,0.014320402204858777,-0.13255731964008563,-1.0568141808153906,-1.175425725734763,14.367051812518891,0
35517,0.26448040107313564,-0.3943916269381333,0.4115573988265126,1.1135270950424474,-2.303337382319411,66.58151420830953,0
10805,0.7771822721048227,0.05704168467895999,-0.45852764241592936,-0.35499040046018,0.6134949357153213,9.20323962319994,0
93583,0.5850713443840813,-1.3867758626915752,-0.32512999833242945,1.1427849929859886,-0.4236128907660596,75.23349513208136,0
80879,0.9025329600753249,-0.9992938076263314,-1.3205892995098218,1.8328366920290835,0.2380999264024694,45.04309749440004,0
48280,0.5117309642699077,0.2785636893603813,0.6025009698088679,0.5564545027571425,1.1853495470755961,71.3190934446603,0
95998,-0.9917726460793398,-0.5867888074710782,0.12476119133876987,0.27563296788373315,-1.37924808371366,78.06367665995838,0
93905,1.8867215592575532,-0.8773510038092717,0.6600409565708283,0.17539540717177288,1.024536271607702,26.20350029836781,0
36735,0.708936451068717,-0.8168960881781395,-2.7022422583615797,1.1536810993599962,-2.033891956969194,0.909675587768132,0
1435,0.30613118900499553,-1.250474143603487,-0.681243948494123,1.5828092713363926,0.5261685817056289,1.8701912957678635,0
66093,-0.4062337583664761,-0.7769898342505827,-0.19500476490089885,1.661053976034506,0.9230094817120237,22.710259553626415,0
13947,1.40337865669859,0.4901971418462857,-0.773323345441705,-1.088301632179222,-0.6750330893507847,79.02662679606205,0
11002,0.31061722846614837,1.6407522582727576,-0.2849490926965793,0.22734580352534528,0.2304654871592032,70.6023680085109,0
21386,1.0728514906209918,0.8275142147312098,-0.29637267569760684,-1.327105855650484,-0.5623103075586625,67.25275622860966,0
14567,0.8377055993758877,0.6901337767224391,0.08273792225487876,1.3424074146459246,0.21323925292030857,87.89144896795797,0
43286,0.5349706723637695,0.7371813066985751,2.4320269751801242,0.07284160463566662,0.5862408439925321,9.208382334480893,0
50601,-1.1349904677611198,-1.560013095298083,0.3509995917697252,-1.1397250691608476,-1.13156945929172,2.7074890317307063,0
19873,1.2108172591919983,0.2697489374919197,-0.5417287860767501,0.8974354289440717,-1.1650807058035135,6.125395346642849,0
96354,-0.7061286121861053,1.3427094389440943,-0.8301641222853287,0.29072874896373796,0.10761496488575929,42.98398992553327,0
84761,-0.21030449499204273,0.6187727395848064,-1.2813330301857804,1.1350443777750294,-1.672731364163467,48.09228852534038,0
43934,1.0709129433745872,1.356046346631442,0.22757028281509753,0.9517248450020626,-0.5519723877684776,25.73000471326034,0
99821,-0.45022355303663136,-0.17513175563934363,-0.656171647592537,0.3071045764250518,-0.5442889762967646,28.391931730258214,0
42533,-0.7308749265135105,0.5440149383064131,-1.3204577700840827,0.8247263799064221,0.04730647002417452,47.481549521065254,0
17100,0.4931698342388367,1.2228247056561032,-1.2378334701453404,-1.2634485247478389,-1.0491772178231749,49.89881481727823,0
37573,-1.581355226130057,-0.11516540618663129,-0.6170497881602497,0.2757755205987887,0.5904023582183862,38.23852032951791,0
82152,1.288880002051845,-0.33402033423760474,-1.253003319348715,0.04529044729486691,-0.6197872470460756,30.050234810604625,0
6416,-0.22018211404140178,0.2801411217288841,0.4429807482001637,-1.9422348330087318,0.2084478670243203,71.56583803128508,0
70463,2.3662297128642455,3.1183899814173337,-1.8464739263886092,1.6210594103073603,-1.848088083409629,80.97812871761356,1
28625,-0.16004220173068698,-1.039524675720976,0.9444634456286217,0.6316983467547398,-0.043366099548336264,13.831101100649521,0
112,-0.006538543668862031,-0.610248829249581,-0.6420977684879863,-0.12427865929590881,1.1692262982822117,86.48092050865037,0
207,-0.6690594839657179,0.5194888741480125,-0.5051207853795951,-1.3944733562733174,0.7125870083839215,10.431378793646342,0
32635,-0.7875678697260957,0.5699013964426419,-0.34313311305969985,2.0247244208160087,1.9370767369821569,33.28929540206506,0
34084,0.4720114314628812,-0.04820838564256086,-0.7004744397347292,-0.23023512493250767,-0.47408918735476224,85.88109391173631,0
97888,0.7983864721014345,0.25085625159639774,-0.33313433015792104,0.6569044226843329,0.13817726481206005,79.4637251445945,0
23574,-1.325498967995686,0.11907656822460898,0.42556604588258284,0.560506230141569,1.3390059979211761,46.569833621608296,0
33380,-1.0915291090361594,0.012349689985716507,0.6402749485134016,-0.2563214004993908,-0.14762841804836316,37.55764463699044,0
88839,-1.463626458032287,0.9644174581203495,-0.7917531571705695,-0.3562463783835583,-0.3844408369092258,11.809671687481604,0
10103,0.44451754373295177,0.6771831431164261,0.7486170320494442,-2.2503894932578596,0.4071359692228609,29.812223832073414,0
56526,0.8220420039289429,0.1928215503619328,2.1434843878526117,0.007952053374052605,1.2286667474227126,126.76146354297877,0
39779,-0.9929224800300693,-0.45019500330053314,-0.4600643894655564,-1.0549456435706173,2.052798683326181,4.672814209709878,0
88576,1.7062193080253947,0.5486115271211793,-0.0797417648976634,0.7554931404303789,0.6950678287131262,99.54647641652645,0
89186,0.7235822859100567,0.5778322886399249,3.1132516778982913,-0.6572540235566787,-0.9100940390980373,5.239959709907937,0
20309,0.8686752713391771,1.4746311275151218,1.3886097868929361,0.7103330866754772,-0.21910248419605943,6.731182095832186,0
44942,-1.3175312566331456,1.063684650304844,-3.0380386191777466,-0.18030475663722845,-1.202242059368541,264.4025616003339,1
33160,-0.27675103077825325,-1.8420827576087893,-0.5517426457515363,0.6272058971648163,-0.21734963653289952,0.3558539602992268,0
8571,-0.4475971905164135,-1.7593494887836287,-0.42364400961303694,-1.689606820338274,0.2929728822021668,15.70211432581741,0
58478,-1.073050958706466,0.7470673189738315,-0.3416952121919562,0.7920645499261082,0.558419353672965,8.25718997972769,0
23705,0.5165570447998351,0.015568274812603318,1.4054286815359291,0.6295364761901969,1.7650846676849807,14.695992073208734,0
92578,-0.2573108661846765,0.7873580466943357,0.23152783030047383,-1.3653592473563636,-0.289914362974125,45.35992180495252,0
46607,-0.5902197379293576,-0.37301165148314186,-1.1619200955385505,0.08118747116551278,1.1947682541296711,24.74568184908619,0
88691,0.2386000732661008,-0.2506906561965594,0.5147568977638253,-0.3300397830132879,-1.6638653567121726,1.5774682206370343,0
26170,0.23086441012808764,-0.4089991792265975,-0.9057337111173013,-0.977309781650004,-1.129686884043241,4.1725263553103655,0
82368,-0.010239397817224511,-0.12116589280300478,-2.8658299342265896,-0.5462993125566823,1.1679695222734725,35.63955070262075,0
23225,-0.06491273274502102,-1.4374872955071711,0.03492913375477898,-1.0680834396073868,-0.9363905682856924,81.15083575917926,0
7424,0.5587188371873778,0.9700677886825241,-0.6803677664898552,0.23922820057249836,1.9656922965542878,57.460704644722796,0
81871,-0.11834162387382174,-0.852086884120294,0.5714296182464823,-1.5860192558283148,-0.15570133146750337,40.960257788272166,0
53420,1.1685846151954142,-0.9925609153928416,0.34677090290089946,-0.5726414357366862,1.3364115250398851,16.80190133763775,0
83360,-1.0577035069022556,-2.35348319363109,0.6698104296701444,-0.726528268393714,-0.9953043830493332,82.50188411079546,0
65429,-0.7191444899872259,-2.1318067842521535,-1.3598998531241966,0.855743443556822,0.9318718717778929,30.744875189969,0
28699,2.2085166800091733,-0.3564634138030431,-0.9196953187613095,-0.2700459445560377,-1.100172910904936,83.01667490193985,0
57714,1.0064833299902844,-0.8377138748720581,-0.815959761786859,1.7730780059286768,-0.1448394895301217,51.815356747308996,0
87062,-0.044005544941825944,0.9956243422557726,-0.6656055779091222,0.3750875717338467,0.32664509938656044,2.332842856698219,0
46851,0.598155247464706,0.4109161335930336,0.5619306932835202,1.834718224496187,0.6156410745396291,11.834437449777987,0
42287,0.39108034966653454,0.3317219466232881,0.5044956768553063,0.10805825079478931,-2.62599450735537,59.10690276707358,0
78657,-0.9798657956974325,0.11341519819815811,0.9600376056717446,-1.3899991495802584,-0.6174686729974613,74.63700701425876,0
16907,-0.2759154704361769,0.4195504419139125,0.5868679358583361,2.8473738528450068,-2.233853363677597,10.329069449920912,0
79026,-1.001621865490398,0.005836832034040919,-0.10398329868709742,-0.7321170055584766,0.4674444299575125,122.11619524350301,0
20056,0.15434423264234098,1.2004943444400167,0.9852620705038592,0.9545186119264573,-0.15007187418829074,112.95849030154477,0
72541,0.00602113581669193,0.5404240025304289,-0.3149055719182106,-1.5572546726113887,1.9898450095665838,109.20657427566516,0
85451,0.7039658051286266,-0.3351075453280277,0.4422573396945423,0.17486234249488264,0.6798811230877586,33.06329560065953,0
61949,0.8895536310796278,-0.6985530493827176,-1.0366364513781783,-0.4058317773207346,0.7532975451762778,38.07722112647387,0
4458,-0.0805403246249705,0.654663962731513,0.813907117439669,-0.1354889413514956,0.7437462438569138,29.288264332761475,0
51047,-0.14408557045249443,-1.1668292849211088,-0.19560276242776056,-1.499538348973508,-0.005116755182137881,120.35849445762416,0
96111,-0.5485649505571252,0.8097357497947946,0.07204143598613004,-0.255951792586667,0.4652720958771515,14.161695467034185,0
44760,0.4653439939578765,0.394598935358264,1.5710166564483963,-0.7929374137549088,-1.1369323309719466,4.060170148164949,0
29856,-0.08374443538190161,-0.17946835767597058,-0.3086431296882937,-1.246547484159911,-0.309662772553346,29.41348899641984,0
19799,1.7252856569693447,0.13398422394332238,-0.607262235373436,-1.04910393728828,-0.6568290138741234,37.893881017541126,0
56446,-0.6309993558939682,-0.07860980175325702,-0.04954601779552097,-2.082179077728345,-1.2105586463055116,10.701534770501977,0
71368,0.13285868266724815,-1.8197386399121749,-0.4874668254589845,-0.6527251131276176,0.16197113133082497,89.48631843481459,0
77454,-0.44382347969133185,-0.0017830102524277096,2.401070328237232,-1.3677301092862344,0.1937963591316174,26.27155179365433,0
8666,-0.34658458161881917,0.5285128808059492,0.4237396768413433,-0.004381943353212756,-0.34297256554616,43.03299643822845,0
65838,-2.9227087990570007,-0.06115660284555901,-0.5140741113005324,0.5634045049040575,0.4535724473345734,35.25347854703097,0
76816,-0.4405635339398941,-0.16290915628598213,-0.40661894506453433,-1.1354255405753246,0.6498968050256572,0.705682407257717,0
81264,0.7048615481957615,0.08623487529719638,-0.14867908887143086,0.1502164142534984,1.0301398560825816,29.172810626817515,0
24089,0.07012493246484428,0.582686961681618,0.8847058197228541,-1.1289186126467559,0.30471475175028134,19.056003726596444,0
55568,-0.5345275899374476,-1.5764391935210893,0.43731177832472085,0.07461397303167376,0.4842250883273503,90.43061891795907,0
60058,-0.8006411644518884,-0.979022129575797,-0.9347817066872002,0.2313536365498543,0.08137164725418852,34.96556702805214,0
75629,0.29305109092155535,2.7717896094916394,0.7588292682758264,0.6425090612225574,-0.4208059990422844,11.585122037602504,0
32196,-1.1576316809288612,2.192202440084336,-0.020155336347329265,0.8930509851373575,0.01726325765466288,46.217791135539464,0
37384,-0.6455518646949786,0.45356003026458863,-0.2735735435110236,0.845482284145223,-0.23951872136650246,104.82754077177302,0
20103,-0.12958111109198214,-0.3348507296111789,-0.38249466006302923,-0.913145573073174,0.23054883822423747,79.37853174723499,0
34707,-0.4422289258774891,0.7702665284831038,0.6336985153625104,1.1067746252602664,-0.17857233678998077,37.33731585761023,0
39809,1.193103673332268,0.7891210234902003,0.6264397504539391,0.5719050117982476,-1.1194522185932698,24.161768470458902,0
5618,-0.215245730230184,0.4909817063722923,0.6319830389587611,0.9855027677419773,-0.21252579046717268,178.52758711566463,1
99853,0.567246848857522,0.6300931581315045,-0.12528987130810787,-0.15065389859154632,-0.36488136677570365,31.175110675799356,0
94663,-2.8529435035996533,-0.36567533472660846,-1.9617708151754156,2.4182918205309725,0.3242013953637316,12.098013849627499,0
92197,0.21811355504055643,1.3674390431630605,0.18839031490654692,-0.7293653506359464,1.2886914691570148,49.15374796716641,0
40806,1.0484848737045507,-0.8233695226135396,0.02453558675076115,-1.130993839659266,0.25036176833695123,7.004345865100578,0
34540,-1.8030867617451225,1.1439455703891357,1.68281957242436,-0.49560690733306284,-0.143905680267251,58.42117139979908,0
75745,1.450087042175752,-0.4183194199414598,-0.8666786213532843,-0.14096353531250091,1.9362172842059369,52.46083635576149,0
92446,-2.002142553240551,0.8164903425759307,0.25627962729143833,2.6670572308304545,-1.6393357979454637,105.78979882775674,0
5283,1.2556519185204347,-0.8366223496618795,0.19759538225999923,0.3376217827466376,-0.1436280616753832,49.953034500479085,0
57418,-0.4140644328003226,1.4356447200992184,-0.2616674882456412,-0.6102353071116318,2.181078578824122,100.80324189271843,0
92493,-0.6748142442311369,0.8463352179958841,0.7030633962107434,-0.33123714425785716,-0.6408475663874817,111.98519631611565,0
28179,0.5559487499581871,-1.2034140699711293,0.9121147771056591,-0.6082384332376899,0.034054760492067127,28.287616345110404,0
59500,1.3290720969940957,0.8498886462208913,0.09657718195083985,-2.1921639240006368,-0.1993420751899088,10.832844428968109,0
5542,-0.38731153822335257,-1.01964533574504,1.2567705974733345,-1.0822197396773219,-0.6878231071138236,12.453236102681323,0
80650,0.15828602939857542,-0.6483411841439948,-0.7448868587480999,0.7224080067382691,0.430232962988477,31.213739138816177,0
50336,1.2094944936447791,-1.925536384706547,1.3194413356711556,0.32507674318526925,-0.4030475738036685,45.42985650204533,0
65455,2.1192403872289507,0.37698370092659567,1.2735407305469741,0.5638532050609941,-1.3358716445455892,88.47030824508788,0
40695,0.2010549873105696,0.15219377980108464,-0.47267389793993014,-0.9103976836191963,-0.42785033212746104,55.47162726056703,0
46002,-2.4338165053449266,0.6116357854983389,-0.8075658147271331,-1.3090013887371201,-0.3847025084751059,3.803334681005056,0
58272,1.4282342144746913,1.296638769919316,-0.39495274806257097,0.9469184737353108,-0.022575369904033048,6.907755212705288,0
62187,2.323266984454728,1.2231052939763496,1.3297307914204186,0.4001388997132096,1.8770022433954425,59.54951573057114,0
72101,-1.2435850778072015,0.12897210781189702,-0.33469496850826597,-0.3041546491212015,-0.4390770615296969,38.96468595696304,0
77487,-2.0033398570094416,1.1891600128447566,-1.1153187307459504,1.607432550945298,-1.9561136149549219,69.86314234669494,0
95655,-0.1432454456450152,-1.51763740478641,-0.4839240117725786,-2.046552861964885,0.172307580723728,16.786687189412497,0
47406,-0.3979917748892223,1.1574907312024982,-0.3023552513126442,0.6353165710718788,-0.49896692279598004,165.95920786641,0
45253,-1.5704148248389855,-1.4345623784678974,-0.6122657653113872,-1.6617239476338246,-1.5641914317603174,121.14834675295005,0
74137,-0.5921141931896984,0.3153314706444249,1.440599892079389,-0.30401689526598963,1.1899429291472816,31.68798660887132,0
49170,-4.903179157099774,-0.018072327336994487,-0.5163176896835688,-0.92899405301583,-1.6845798782725794,177.99386244732978,1
52160,-0.1656813289113687,-0.40720196174469764,-0.4240004902682071,-1.3505329966422646,-1.246686493870209,115.72156071090116,0
57993,1.6770591752971125,-0.5576555790986524,0.519016980640679,-0.32456866459546924,-0.781485211185383,43.465109369943306,0
87127,0.7840560382503569,-0.2953819846892018,0.08002708834754667,0.2514900346627837,0.7167116015358904,19.058820690720644,0
3987,1.6923297206772177,-2.312187002938297,-0.392055160251482,-0.6723688646894017,1.946788825991345,43.293483804911446,0
33933,2.024868940495847,0.009770567353241414,1.111816825565053,-0.724033100985787,-0.279567679384274,47.056427823716504,0
71675,0.5833722312714149,-0.6717136568774156,-0.4877349955728979,-0.6291492550279617,0.4297907257672019,28.057539266454246,0
29426,1.7664572465375616,0.15846118511886256,-1.1248783053912466,0.30284483926723055,-0.38728098885823053,18.064262313775977,0
39882,-2.099571642580309,-0.2026796750711744,1.142001638082349,-0.16784163651288508,1.291848216441449,41.997584052617434,0
26172,1.2790399164592539,-0.7615531754262111,-0.039259683875249037,1.1048182329599532,-0.9580527098143476,48.80341330162804,0
83879,-0.19714738095841283,0.40447532285054083,0.3213331813140992,0.8872964225375415,-0.1229884575377515,17.789721849606437,0
45095,0.8133710226294238,1.4094980979850957,3.8067173661195937,-1.6658073959411888,0.3773247415497474,3.755429816629351,0
47908,-0.8772199858868932,1.1578468514595746,2.5933857454493516,0.6464489772378144,-0.24406221014771706,130.80151834527408,0
71774,-0.20331653382972917,0.471854888201497,-0.9665753971147637,1.4392022643194289,0.4633803043897816,103.4225198062674,0
91668,-1.0515312335846951,-1.385534197789162,-0.9896952395176519,-1.3289683564502022,1.2907012755373546,4.089591643018043,0
60315,0.9404670077214295,0.8188640655851059,-0.3981771222907189,0.686983686736405,0.03273225154599515,1.374040733015261,0
26589,0.4399514034031104,0.2347483784081829,-0.12231037606927596,0.4573986378362093,1.1075141808280866,20.18627026807612,0
96214,0.7463830809835645,-0.9109180635470367,-0.6715650880005795,-0.1399848194364008,-0.032832207247307274,43.09167572435212,0
40998,-0.40553991406707834,0.506465061928088,-1.884330018952845,-0.5149845243650389,0.0073127791423647625,147.61419659569103,0
2179,0.6861419242417663,0.9431422558888813,1.4286946164732075,1.0664993147096082,-1.1553676051924804,59.013008975314975,0
23091,-1.0054679922322418,0.32656143033812945,0.3044805090237054,0.16337413481148777,0.13845703861398054,7.439246391498681,0
50859,1.4123806710927012,0.36251622528176697,0.42882255462666935,-1.804172654594719,0.5362189251831837,108.6188387330262,0
20559,1.7001349103999372,1.160727284317493,0.8667179952095518,-0.8396772461761868,0.9270134448498357,20.353408039696877,0
2708,-0.14695677543719574,0.13987822377301146,1.2177396036443755,-0.27659807959742916,1.4781679522315574,111.19803633761917,0
87487,-1.144146477027523,1.744209822592061,0.2440076296495193,-0.39013235211168124,-0.41496259023290416,26.44853013599927,0
39071,1.941206008265922,1.0283383769578813,2.559899259768538,0.241182555152756,1.0861646626890535,13.43860227323681,0
24285,0.7022764275515784,-0.1799086308015253,-0.8350562251726814,0.46785116932001547,-0.27696385412026164,62.714001795878815,0
46659,-1.6642092727005329,-0.14147620346559694,-0.3752311512879533,0.21507702131602913,1.950734640782982,9.555828342106922,0
49815,-0.12672634156275403,0.14926551039329786,-0.9139433523080077,0.46407240642889175,-1.6645114078707999,25.752255287813046,0
22662,-2.1293270511692226,-0.621662005047517,-0.7041057461622038,0.02424177251554789,-1.5870029916981552,19.50621997161652,0
11174,-0.38368425507628,-2.22573333738889,-0.5717468894180819,0.009810028271456755,0.5266941014666915,55.5990360274469,0
54886,1.7004292964590928,1.4271502479634401,1.0869379000326989,-1.3184346311646222,0.9367472394406718,92.67945682339605,0
2204,0.5055077575917957,0.10073524631751796,-1.9186761655227416,0.7216119262181734,-0.8571950049137425,51.74762234954642,0
51990,-1.6051514301799923,1.3533549225882027,-0.31871610879204393,0.48116640829861995,2.2038520971122035,117.35808918792034,0
82386,-1.4135149731971948,1.0785951161118734,-1.0851790521321152,0.8138856487128693,1.111162474236619,20.29538999184942,0
23061,-1.7151199546946958,-0.011212988182289848,0.3223703997275838,-0.856184454044946,0.7223061954104107,34.65325839263281,0
41568,0.6612305108643234,-2.1363317116359837,-0.8553334027860247,0.4316259860584671,0.399195611254287,83.87031664297618,0
9865,0.9916471684145696,-1.1509711621737373,0.5431751897660483,0.5796073501379316,0.699963066323442,45.74722438072682,0
28141,-2.80381570335792,-0.786028274403234,1.1959762233609808,-0.02505639991234336,-0.49724108286265406,27.46850198663241,0
93384,0.824451800227485,-0.875091755375022,0.25970817559978626,-0.641604951056615,-1.5565951553110222,139.00301338964834,0
67779,0.21876473678477085,0.9444771321985024,0.4375876145863273,-1.868083748368918,0.4771443383913693,127.83148745537638,0
47701,-0.028580751611073024,-0.22317224097286925,0.41270776722344166,0.5942037314860442,-0.01598195822382116,104.34668577712702,0
50098,1.0926185912568263,1.4889450601163348,-0.39365447841166196,-0.9243204370107089,0.011570591472661481,13.803773588850982,0
17625,-0.27457799975296243,0.22659212617799823,1.602610771879153,0.9614856507091686,-0.6204495134054141,95.14106275493519,0
50952,0.15632791552110267,0.8138928135389966,-1.6256858545986492,-1.9929654458832282,-0.46918186520628147,87.4028904572959,0
58643,0.8137861787342837,-1.4518736168731694,1.0121121187164135,0.36156286855618697,-0.5213291674568507,41.26277431169043,0
35262,-0.9672811102946235,0.475201627947098,-0.037477428026958505,-0.07697504862101459,0.8389899689650971,108.83968450524351,0
12984,-0.3710567148003856,0.0870546368075889,0.9385307351878646,0.8756242197871619,-1.0971950316380301,22.510205747250506,0
47195,0.1773793405842796,-0.493357969058513,-1.2513770301250424,-0.5803563753213735,-0.26781374272373476,222.2466823166207,0
74172,0.37477975219280407,0.36519790841142424,-0.08337788958990831,1.0887936331305388,-0.8882572390129613,57.36572032898788,0
7788,0.3817247448468266,-1.239023260309863,-0.841293741624213,1.4525363893238166,-0.20284838460376725,161.40437439062418,0
50574,1.0329960790963895,-0.7080770729458538,-0.78977125441499,0.42537558125650893,0.2835332159087708,41.203336401386146,0
52487,-0.5227749482165637,-0.5021715068525778,-0.20984211000905195,0.40918016380882155,-0.3635943349263792,168.54161794382892,0
82325,-0.6666235559680475,-0.025441815478882114,-0.25120281285935886,-0.6027293487803754,-1.5566131543746244,3.926576330553618,0
28064,-2.0568862634215748,0.4497284755061113,0.42460450844599607,0.5304674904525988,1.022312474498187,0.9264495197656998,0
95556,2.168761167921427,-0.005902242320550605,0.6875918566492015,-2.1384179234065126,0.041515710015524385,74.03521749864451,0
17633,-1.2933455163348309,0.22054890689522208,0.06205826470539632,1.2623437967402296,-1.459294218135469,2.9345764110159758,0
83976,2.0933957250499264,0.07589463184009229,0.041097351910449824,0.9499354180905146,-0.025944415379782843,30.521992544632415,0
65333,-1.5642049013469685,-0.6006433370426648,0.5015982477225653,1.507831343803759,-1.0766862976599068,81.76173452442143,0
36509,-0.6478173012280894,-0.29637189375324985,-1.2030760107564613,-0.31700146906165244,0.5612514401101296,9.091403749788478,0
96718,0.370309127725609,-0.1256653852725217,0.6608481338784317,-0.7569863241880902,1.4828725898981292,193.0364557068606,0
31707,0.8184053998494355,-2.105580831204928,-0.6518187151163334,1.123806760805098,1.999663601134363,13.865696764311988,0
10699,-1.1577492458637992,1.0250632960511181,-0.6716437881359524,1.6923808784619938,0.9923741413264524,58.84669028259933,0
96867,0.15231979320455766,-0.3442030790233886,-0.31478685328559447,-0.934741205241802,0.08311901632819285,42.23485484507778,0
75186,0.05525609828667641,1.1421830785395795,0.16827298131919224,-2.44164858749056,0.7694256391663441,97.4314046792972,0
33840,0.8165690239710347,-0.6803345111790656,-1.6111077573600283,-0.7882297370232847,1.7633369899803617,29.59631836093573,0
1239,-1.3699857724669031,0.6783182731341613,0.5720856825544234,0.047062613184142364,1.6944787837776865,4.637481720039868,0
71907,1.1491370484685344,0.869825681396013,-1.2498039072751423,0.04760716444615775,1.225376324675364,12.722513987642767,0
33872,-0.7637026591789572,1.223610737986763,-1.2897876866609967,1.3016168637924865,-1.0377260078689665,43.54494712378506,0
25342,-0.4699825733300084,-0.36091932299328416,0.15977013611188073,-0.9987259287436792,0.5834159846036835,48.72652772287815,0
40757,-1.381432652530298,0.7185965232500373,0.20767478048424776,-0.1063579974297973,0.3044566615733906,53.085010527946274,0
73972,-0.0503999505990221,0.13374294128699207,-0.7997222554109635,0.34993083998435953,-1.9467598354598628,45.93286205970264,0
55915,-0.3712793295240841,1.0298733405125822,0.7357751900383704,0.8327888721228647,-0.7037240736268697,22.807906992878898,0
19539,-0.3034393871369916,-0.2531215762858126,0.8855252043009731,-0.5160893007283645,-2.1928382853795436,158.47970960885408,0
79575,-0.746927693372195,-0.6529019851784491,0.5999416089408499,-0.7392974363605449,1.7176878132800422,14.31806299604674,0
93607,0.6068298722825746,0.01936732748731335,0.38205067755333055,-0.2607861873723939,-0.5260726733003243,97.98941551541256,0
26015,-0.971006823410639,0.3214630873029826,2.0324736611373293,0.37131491715382703,-0.9549255066223213,32.22817235449181,0
10728,0.9705474511521981,2.950764746605784,1.1992125415975634,-0.4215326140249684,-1.1247550071224177,39.80691687934356,0
27127,0.37831055964085886,-1.4932429867505081,0.4162391740148056,0.40454878882614587,-1.468815206629401,14.1981879470374,0
66061,1.8050893504578904,2.080692510430297,-0.1492366148317193,0.25512745192797287,0.4458215778764862,29.886729778947714,0
62032,0.21762810012285053,-1.1329018927418335,-0.4548215505531764,1.1366578761342607,-0.42281834970367166,55.98308894423861,0
20058,-0.9747908775978406,-0.46754654788279687,-2.419756416236269,-0.9904857992476561,-1.3243851523960337,177.40357579350032,0
22010,-0.45099393312640995,0.1659181710960416,-0.5775648464288357,1.0846677495090138,-0.16980319439240066,34.82756500092622,0
22412,0.7017053967895513,-0.1381681462798993,0.029556860753027256,1.2384263227107626,0.20943832091834091,11.700867439698929,0
37643,-0.5797575584004494,1.4297352661900702,-1.036845096146613,0.13632743204568418,0.8667030487311171,149.0729035782253,0
36668,0.6717424821918727,-0.8604962743954631,-0.6545419810780835,0.05588927953999875,-0.5444754548134593,103.12309439492242,0
24262,-0.6886180485624596,0.1000118741213807,0.929128862531557,0.2007979139785592,0.6365244632170108,20.68672142609829,0
33828,1.6933256357403823,1.6991455815232015,0.13176187600038997,0.19112285975160406,-0.6409139483941941,2.044178938049949,0
32602,-0.5403716202650091,0.8484564564700638,-0.3579630232291837,-1.0002808825386165,-0.9801138969108486,13.731816702412805,0
92324,1.0866335418415303,-0.022780630445084823,-0.5739021370441768,-0.8327369035849782,0.8817259407278182,25.083333998424106,0
19611,1.1211383450103514,0.6518337321690524,-0.5196484051285446,0.49813719027966596,-1.1657942580166947,8.866606165694456,0
9540,0.13894280970401568,-0.01119917145977023,-1.1751619961278839,0.7988314342734841,-0.5355397709355035,9.468751323152913,0
80077,0.5162649162799985,0.12258106868047293,-0.28358716021938346,1.278986415660654,-0.48307090347743403,7.560015384221204,0
66703,0.47404231151220627,-0.5883570224656404,-1.3203080761282289,0.35884438259380075,-1.1105884123210954,15.872615752575573,0
48354,2.2494375841962904,-0.6189896144478633,0.5748278843813402,0.2584695632726361,0.20006183306625508,23.218358210038936,0
64379,-0.4235433333907801,1.5123657973712692,0.7615828521273778,-0.34572367349003025,-0.409669066323089,100.71854133244184,0
75452,0.3425189711405081,0.24304662965364918,-0.4001376378530022,1.0477243990202074,-0.8371525461252328,80.13696500504555,0
26958,-0.6736568716031917,-0.9408220741920303,0.31084550551527557,-1.0428946936057153,0.35848010391115914,28.951916926726305,0
82279,0.23891324044138745,0.2684125798529064,3.167190144013333,1.0403609061715406,-0.11984968328419424,120.86290118397025,0
55350,0.16477652906792958,0.9880493146133418,0.7193810383730597,-0.9128064712376655,0.07903337701952076,18.174974110589154,0
40372,0.5319253213688535,-0.10142889318015628,0.4141154672917551,-0.6873364439212735,-0.6732048502892638,38.85006100803716,0
54254,-0.3071921093803557,0.2028933792661254,-0.7999666467484103,0.4785685658262142,-2.0268549171590777,34.374886511694164,0
39310,0.3505754576125445,-2.018462428472016,0.36457769602775814,0.9495332678899792,-0.2465679557857979,50.95880552100825,0
1177,-0.39478240919542645,-1.2855844352134582,-0.02490268636281973,2.029252061158681,1.5915235491840705,8.917738728987993,0
50115,-0.715262519315179,-0.6925857199104988,-0.5554109870163402,0.7397581839774379,1.122542795506654,183.3349839755402,0
68344,0.8682116183855557,1.6314404017982647,-0.26575124088784435,0.5422910241858707,1.6351157876792772,14.981273910731716,0
25003,0.9981164887161206,-0.9022498754642679,0.7101300294384755,-0.9751547490361389,1.2677839279180887,27.29989589780929,0
75731,-1.2092487544616037,0.9822575212039218,-0.39717987743452765,0.3977352436656701,-1.4149706169293315,36.01918726812375,0
90023,-0.8253546569619061,2.487200767392342,-0.6220434744420537,-0.32493273435194414,-0.20110635164108032,4.613563485121594,0
29371,1.6462309518099063,-1.258368594304883,-0.28892201256274863,1.815210056037539,-0.6631324239193579,60.74785014010112,0
60160,-0.8396916603612474,-0.33555589315130274,0.375182312451085,-0.4162602635496502,0.5402821640258872,37.99554220941582,0
54189,0.2951127670771424,0.29881422490814685,-1.2172471224257115,-0.12569062026261868,0.791941079449409,69.25989747664887,0
67263,-0.29568771745753575,-0.9997430516452073,2.0595428218659446,-1.7024035398099533,0.4393284421552732,16.278967821346487,0
64110,1.1777063543550181,0.36374464416026897,-2.530405088595326,1.3365826377007834,1.1951003262851103,54.798449483484504,0
62768,0.2106851882954789,1.3279711693079097,-0.07604718898391674,0.5619176094750099,0.2685606121243398,34.85227898584539,0
54693,0.9311159083909344,1.3876308807840454,0.6466033975037647,-0.6516849238248302,-0.9845076887256973,5.281670073437333,0
82152,-0.3867933378573258,-1.1306119239505787,-0.27581983195813325,1.3427415562735934,-1.5235882364197249,22.886182985122677,0
93105,-2.2939415848465217,0.8587331351593346,-0.05272508423498128,-0.9189933135562479,0.16104384076366418,27.076681955641767,0
92764,0.4814434623118279,0.9271029658316023,-0.23332212603649682,0.32777516990572697,-0.49152207733393793,9.851930272406104,0
82970,-1.371314176106123,-0.42292834500272886,-0.25228972837061264,0.14154122084022877,0.6018978456230794,47.93668871942185,0
90301,-1.541288660901958,-0.013783411986730233,-1.3099830361559428,0.2076911239013231,1.5899196226186967,46.69386315128416,0
2049,-0.16683791140476076,1.418867589802212,-1.1096989703470332,-0.9591754295933342,0.6730937241992831,35.21129218640965,0
41755,-0.6755561593467891,2.334246897312939,0.5236445700358784,0.6856590107015685,-0.4748779038278137,20.900253745108895,0
50288,0.23955623724338154,0.11277074508506787,0.9117999464107457,2.229464642912334,-1.1241905157208945,80.08675900249564,0
24214,0.4565998486985019,0.9311262776878393,-2.232289356078517,-0.2973232117545814,0.28294288685869917,29.358662775402443,0
76709,1.375551913363207,-0.1815694541931124,-0.30366427436997073,-0.8256329392522954,-0.04961550072682194,53.20200825606211,0
20159,1.1903363406093688,-0.61177365396552,-0.6805180722834149,-0.2989933481727581,0.38911495434451604,245.19091152837706,0
34531,-1.1564116437728786,-0.7618042487351302,1.3176976819723825,2.0506786733272984,-1.0201694163054116,122.2245361819772,0
54575,-0.7409371136831225,-3.1202495468984583,-2.0305766118258752,1.4675451276792055,2.00039848480763,227.10748790061191,0
55220,-1.0736764955672504,-0.1636254487730873,-0.37376214996776835,-1.109698001848983,0.6354610469219445,90.2640350507553,0
20447,-0.23714390943617578,0.12125475009869426,-0.5711446737074408,0.2486579227620821,-0.805167500768392,29.591727283436377,0
12991,-0.9448697722957545,0.7396229667440826,-0.07416201288608566,0.7300295312062078,-1.002582765600717,128.34299460896148,0
45242,1.1621910526525827,-0.0361435972205378,0.2267338018512025,1.6082831585970836,-1.6483716239130364,68.58286291783985,0
97359,-2.718973238006895,-0.19162591565741793,0.7381925158806075,-0.17953174822057114,1.5689449551832566,65.879328358132,0
79303,-0.07328787900357472,-1.1796394343446839,0.7852936070350481,2.226441337337686,-0.38681050086213625,12.90835624056351,0
9833,0.6116200011127101,-0.5430364949296431,-0.2657873368998263,-0.3421971342212584,-0.1486824784041567,24.09274543765256,0
24306,0.7220269583564439,-1.0283217820401684,0.07093603807778562,-1.3104733941124767,0.7307143080996454,119.52171773750186,0
27044,0.29542412700076187,1.0466483608417794,-1.72383445100243,-0.5089098047149979,-0.5979822649799326,9.832371549431604,0
42070,0.2169443275957465,0.39750594509097736,-1.1498229653074727,1.7175297531385287,-0.418104469572192,260.7379501591762,0
82948,-0.5913014466965381,-1.3961933160458857,-2.208753389507562,1.8572841881277753,0.9826502471123822,26.482715304569137,0
23196,0.19742304769258168,0.14342186871507598,-0.05072667649707912,0.07589282077485351,-1.2315478603689292,26.478708940377494,0
26155,-0.4002581409471725,-0.7804042777105111,1.4447108845233778,-0.8235983451692709,-0.6065667262392622,170.16131322534824,0
57828,1.486396043328376,-0.5556358881760158,-1.43639540914514,-1.7229839896487733,1.0170556705846325,91.97280531987877,0
91328,0.10647630450482724,-1.6158441299088375,-2.6580023855695467,1.8377436153003923,1.5290376502422087,29.894053679777286,0
96063,-1.0810120697625603,-0.31064688184828193,0.41305403178613803,0.854377341471164,-1.2366053993279196,91.76762452057565,0
3696,-0.2720943974841667,1.0077935711396466,0.31573956357079386,0.1914641022280692,1.3232464962039894,68.21084436121039,0
31480,-0.4998395974016641,-1.2293574806183247,-0.718633930052811,-1.307614840188023,0.40188676644896953,69.57115942969321,0
92447,-0.5059029403923645,0.3655715546381378,-1.1798716805474392,-1.0718735209733135,-0.5364034910230189,16.552100581501072,0
47864,-0.9451088661130198,-0.47345625965469706,0.37852486357855314,0.5225971530633636,0.6829141445739243,24.130813342018136,0
53394,0.7634381813894765,-1.138946872057132,0.8220484403720753,-0.04107052998367497,-0.365910969765993,18.702976676938576,0
74055,2.193602615610071,-1.2060939462781195,-0.48523912503814143,2.2119981995341362,-0.9586421731000547,119.98382485218566,0
28404,0.7063706972505993,-1.6181191703935376,1.5006982776594644,-1.1878079070844885,1.2218332060949655,26.476083621871954,0
51886,0.04919793781076271,-0.49657995373991737,0.9436687296069644,0.883046322462991,0.7589991339103851,23.26422452088375,0
89678,-0.19759456872235912,0.10448654160568759,0.5993984109262183,-1.0277602509423998,0.00894414271343174,19.331879770000196,0
41914,0.6810395960445219,-1.1294999627831657,-0.4652991634843355,1.8465716502943967,0.3842372144756416,28.07730177683868,0
76975,-0.4457517579301611,0.8093600720105012,0.38219921192012235,1.0472143802120224,-0.038521558081879674,36.889539585806,0
4493,0.723972744069368,-0.4247716341168265,-0.1346938671506559,0.14872770696440726,-1.4335448888846196,113.29179295211618,0
58712,0.6126409425877073,-0.251766827070369,-0.6790973635694569,-0.4962305604880284,0.23583492080535307,11.53284682355045,0
77258,-1.266191019612826,1.7516744537778939,0.7840896324124739,-0.5318919353374066,0.24996023438159998,129.27512083135065,0
5347,0.3370098008989906,0.2317967095246296,0.6651656439423783,1.1214870325811224,-0.39450153378689606,22.45269570513162,0
35777,-0.8326711530189439,-0.9704165795625277,-0.2884782028839011,1.871248918330586,-0.9034310944593489,34.78508649479763,0
52083,0.48422077434684196,-1.740411474056052,-1.2948656516261972,-0.9273002149251984,-0.9017350330506589,93.99280356643364,0
93789,-1.1225480905044163,0.21523861318770118,1.9647410016492728,-0.12964070924560472,-0.41065670273846405,76.71779131143475,0
61550,1.6311150974555833,1.6859365539573317,0.00932133779606678,-1.634865236554947,1.3787664465402063,39.89397858349982,0
12602,-0.7342399476916422,-0.9967184101416476,1.063900273329526,-0.8815273087521788,1.3689268174216525,19.77241514263001,0
46101,0.8285030798200165,-0.01865679377762594,0.5818812995760403,0.16488596680360645,1.409593442071619,32.06901860632801,0
34349,0.6331686033160521,0.09251260427375449,0.879987515299927,0.4466789364698936,0.657761203944672,48.29899848381275,0
6638,-0.058137294499229976,-0.1972900891200689,3.37663390862728,1.3643011694937865,1.945174424077782,1.54120109967997,0
28295,-1.101483756976957,-0.3052969757219085,-1.06118769724083,-0.39998166000827745,-0.883348604657946,54.19387148993198,0
2811,-0.7963744750895091,1.1454669865593403,1.2856924464791224,1.8404545212578993,-0.1342909319798393,15.637152419979117,0
56846,1.420618292774008,0.07538846923434823,-0.2367438476519242,0.9962580717807346,0.778399871180435,7.61090612731614,0
50500,-1.2737428853658157,1.4470703017347137,0.7545984239319935,-0.2746908074173299,1.5898141392588838,56.51100182756406,0
44965,0.10156242350360772,-1.4235351409702315,0.2246136665566537,0.7977689213047717,1.7569109164093806,38.105954169723276,0
7813,0.024254553886991242,1.2694507234235926,-0.744311787757107,0.6287820996303176,0.16949958375604593,92.89287130413297,0
23960,0.8766874758750992,0.08770349772433118,-0.01019412784890688,0.9115089868851968,-0.8115319212995957,102.27653561256953,0
41167,-0.06545397842217143,-0.3647905816135046,-1.7012600695328595,0.348985033294006,3.185094482159845,51.222488169790914,0
72099,1.0954494845089495,-1.2500886750939233,0.054895598514712006,0.5322862544139333,0.4481222517902248,16.35638200826161,0
21607,-0.767738018629382,0.5415324964554455,0.11728724123517925,-0.9386110774725654,0.6629459716573913,28.73693747365042,0
28138,-1.331106098741396,-0.03933995592736076,0.312079553784244,0.008486340711587777,1.607692026721691,72.440168459389,0
85774,-1.0324649759681026,1.0825103927622437,0.4388416508920292,0.5457724270702097,-0.33110235489488604,64.9382086984632,0
68247,1.3387779704210623,1.1908885364487696,0.3560225035862777,-0.6839683174460539,0.15622789980902388,132.11871371146208,0
46600,1.1612076717580284,-1.436060494836333,0.7189700393221041,-0.08199462063832304,-0.7160910705966865,28.43106479415647,0
25227,0.4310880736371018,0.680176080063276,0.6644002490290501,1.0493655970176463,1.017606484621877,5.332824398536797,0
36877,0.852174181321905,0.3815515758892609,-0.09567949575639233,-0.9265626019814763,-0.38892813193950254,75.71731669880259,0
8716,0.23069731833443458,-0.80317994579797,0.010704326716246944,1.2033619835581906,0.5320823926656392,23.88175558723339,0
72991,-0.6670414757886871,0.29331618482047384,0.8687260250438161,-0.39936349131725574,0.7466430775166576,35.72679050552802,0
84040,-0.16724790473917292,0.2370049658786637,0.4496225044284339,-0.3487786492888781,0.6037526532008163,14.849751823554469,0
9200,-0.29961744891075925,-1.0035864681614417,-1.478447420270831,-1.0491046458767084,0.2815430087118576,42.96540020920419,0
74691,-0.979319205284551,-1.2172438936271344,-0.6071529663023779,1.60904778550253,-0.08859742879342436,168.82375513656626,0
35531,1.8522909540708852,1.1426489868487453,0.5515788667318559,-1.8195821394577085,0.41749211714646367,10.950639622354133,0
46092,-1.9379745472165477,0.028818713528359487,-1.047861005649387,0.21843449505768472,1.7851597363433906,134.73990376782547,0
20936,-2.1169025919563484,-0.3095033827597953,-0.5254009747377487,1.1543525208548588,0.12924929402027668,30.81881033331773,0
87092,1.6610939118967147,0.33159995427906114,0.25325862226729384,0.23362537365415853,1.0352327547045455,99.38756123270603,0
96999,-1.1438872848255242,-0.7499349137782523,0.9489053703967205,0.2222144080146437,1.5498058934200973,75.19265086281551,0
72055,1.4517058807768237,1.297753711787242,0.9494956552807335,0.1706287454105473,-0.5157207585619181,141.24902591279567,0
31598,-0.42886340069726764,-0.3498704033229377,0.9032093341312314,-0.38385620948210336,1.1992375566092388,15.218248160799044,0
85988,-0.7363727523560001,-0.3546774435728737,0.6034942010640987,0.08327786700026973,0.48790273777538296,111.31563624954377,0
46540,-0.3301696679409411,-0.9623307674450841,1.6716284579131035,0.4694588288650424,-0.5773114607047838,19.602478314211716,0
19033,-0.40111327126292945,1.0291608274696276,0.520105082478144,-0.6576997171780969,1.5076440077917255,76.42978292289251,0
60263,1.1672090836471585,-1.012154038322279,-0.09362778596860905,-0.480586695911231,-0.7906670003196188,96.54211885867282,0
35488,0.05268245431008198,0.9779352082870972,1.8930361454035207,0.8823664242424935,0.7215264311289796,67.81152938586439,0
68878,-0.014693753025559694,-1.9636701238610712,0.7050351073346284,0.8830361717255496,0.9043069312626079,100.15036506594137,0
2911,-1.0254636745111536,0.4947854353300981,-0.34995827823602044,-1.7873665750664478,0.8443089442920132,171.72964055921454,0
32920,1.3084741692001631,0.6162438096985431,1.0731648175979622,-1.1666935391899966,-0.03446307409296506,1.5654845707071583,0
27345,-1.7262347840120666,0.26436192795818286,-0.3786476669000349,1.0589160358952834,0.3052118030793774,49.39858527310383,0
77984,1.0437133532761307,1.5172310250102452,-1.8041227197116072,-0.9202435108241467,0.0005879872975924155,24.73437315961957,0
93229,0.6330367262505261,-1.2851214985646227,-1.1572673103742563,-0.02187313754468159,-1.0902736642775026,16.741576163774035,0
27056,-0.20121547789209077,0.15643586735931037,0.720314425174431,0.10764366713619469,-1.2282875635949844,51.742450216765775,0
45033,-1.504246671044821,0.3978950934659485,-0.5767478254688776,1.5185485564446033,-2.3477341203394286,25.976263019923966,0
90768,0.1212606623491845,-1.6571763603015677,0.2088776424503408,-0.27582769790392936,0.4268271222856313,11.48242959594831,0
81029,-0.3006440397359652,1.6166411789888955,1.545954432072925,-0.09608238645868752,-0.055568222725037024,45.45540693024558,0
55419,0.49470466805022306,-1.5077964445891907,-0.6085894659501591,-1.2948998905100728,-1.334930458374759,38.360031451424106,0
59275,-2.7259688500994756,0.6922348854682576,0.015077038782823729,0.5990312802550951,-0.8104997409185407,12.842878401807567,0
26189,-1.2981645335327363,0.851883409377045,-1.5758885285575106,0.5479894893255806,-0.32075472590205195,39.51018022246207,0
74704,-0.20990779110796134,0.7935841176691436,-0.147097984104485,0.6260035517187722,0.16552258511136855,61.681347441624524,0
88791,0.3424135807683234,0.48230842425577825,0.560784869127428,0.8797131798019319,0.323838903878085,85.94474056784749,0
5408,-0.8878557074772063,-0.5484228891280898,0.3078675874772428,-0.6048565073281402,0.5305024377744528,20.426360042939258,0
88858,0.3026276315298145,0.8524084101599746,-1.473964180376095,-0.6783237193907298,-0.0371742349848348,70.79295169368646,0
37481,0.9646742396864201,-1.2749591283821455,0.6639641904247354,-0.2469188361740623,0.4531661125116759,151.51867706575032,0
43484,2.4609962258425813,-0.1013503103838119,-0.9412931361365815,0.45657982113628653,-0.11153332338035388,69.36789911598987,0
3754,-0.5767899634632523,-0.14006602627764192,-0.7572358488882398,-0.35644652082415146,-0.16805866414140125,6.770207286243115,0
77811,1.864270367885672,1.1561357486456394,1.080440696112888,-1.1537834750191152,1.1109637648570587,31.923718661861518,0
6150,1.5751373210879114,-1.1876068675257494,-1.9038895341252002,-0.17644091735297546,0.5208136122458716,20.144684534963282,0
74740,1.5979058601964082,0.8658615583337871,-1.1910931621995946,-0.9049939934941328,0.020528901765270877,2.8605660274103415,0
41991,-0.05696568026326645,-0.4485906214500624,-0.44847523098891556,0.6178554137565535,0.5523933750328083,2.557304545292274,0
22746,-0.03841580930193807,-0.3317477920999383,2.951881228495774,0.6256174317358046,-0.33607896334677007,82.28098766509943,0
17858,0.8794671868111364,0.16249851024908865,0.040089862110221745,0.647917588333574,-3.1078198733279727,26.898765722505313,0
35367,0.4460125107285377,1.1656166491111606,1.2335506973690682,-0.5658131216174611,0.02237813406431721,59.70511162215987,0
36636,-0.08147417319827278,0.20776587899190344,0.8042110316696448,0.5258695135564639,-1.613169707479282,16.092300980850545,0
18375,-2.5274493700576737,-0.1320396864822392,0.21258171274776771,-0.49398062965452055,-1.0541772395272015,10.935253001724757,0
34228,0.1206546471908864,0.3863169679584866,-0.5348676170953474,-1.1358654123434735,-0.042448346103028375,97.94287172239417,0
70835,-0.5322617261715757,-0.9687747384090089,-0.4561010078113793,0.6707034588386055,-1.2786123247095869,9.970444905313677,0
31337,-0.5393857270815005,-1.0414664449416313,1.1789867406346337,0.9068387683699508,-0.33663063744890237,103.87100869663209,0
36368,0.6417092451913268,-0.47598352432522295,0.32663196225679314,0.5655279918145413,1.5553750872889025,45.43414021101691,0
82214,-1.1503666973633662,2.174837707063181,0.46708274150919193,0.6326833769689787,-1.4597324931773479,18.828006315827547,0
21542,-0.7075778910185139,0.7158715028435898,-1.032446589776108,-1.6615526084419563,-2.0853349406053554,39.07706390292841,0
18058,-0.5730309262122213,0.5674786341372773,1.4497195853612284,-0.4219157403055488,0.607624720840378,2.719426910483822,0
37861,0.7431321798582009,-0.11003342425971001,0.6414197688667168,0.7361028732976659,-1.4572571123079197,14.957867357159795,0
33870,-0.3795600749291589,-0.017171438588209225,-0.8873425077133807,0.524541674581635,-0.7250259470192656,52.60952498565512,0
93623,0.43711300792073243,0.21555000064529165,-2.021536284703223,1.225723201905533,-0.27518787865992245,47.126988129455,0
98499,-1.2893743578898493,0.24991899402434054,-0.9231729152630268,-2.0590432757478982,2.029790582586369,51.76160301193583,0
44738,-0.28638267017338714,1.2818390285952945,1.328004885771481,1.3416775610499883,-0.594586252347695,83.03096688645431,0
8110,-1.5955672462222275,-0.342621129847713,-0.9948042414019207,1.0521903877600354,0.5071855883761722,97.60460575716627,0
23624,-0.8966664943333816,-2.267724568135045,-0.2745882455510398,-0.43354717207539323,1.759547271829562,10.923083715377214,0
38765,-1.0734607447026951,0.23027231325506942,-0.33687345270658386,-0.7766120806414085,0.6654810515915741,0.6888440838807921,0
36176,1.7387983609508688,-2.6717142433836316,-1.6379459055542478,0.29455288030899945,-1.1157485103789782,14.617564699831586,0
12182,-0.615352766761434,-4.019121156763875,0.6833588234970358,-1.2676201897025425,-0.5323683562266188,86.0883981039034,0
86066,-0.7296336453351577,0.19932619610515928,-0.4025269986067031,-0.2710309293682056,0.3684519999655114,21.912215353974535,0
29124,0.3913375808446224,-0.22668642870116962,2.2245343387712104,-0.27155421277052066,1.6943538935456013,41.80531620112004,0
55745,0.5109033790865827,1.0937656474284883,-0.2543879071029957,1.0751707322839845,-0.684544365448715,37.600738745406886,0
98818,-0.6062859901292459,-0.2539283100109162,-0.34590472220400376,-0.05442377588582589,-0.6595695388808838,18.185202687856584,0
42891,-1.3664863206353663,0.33383761907736353,0.5678703623375408,-0.17621240910024064,0.9967415016472139,3.7946754729564756,0
52326,0.649609440098562,1.0790113624135365,-0.24768145809650083,-0.8594457188353586,-0.3300441445670066,27.179036506796727,0
48285,-0.1880362858866683,-0.33247325251159277,0.658548553730445,1.0613443717528315,-0.9245348303952341,39.80437931239487,0
36586,0.3744412244518318,0.8959972104136343,-1.4424544578939948,-0.7377210576914103,0.2465995819092637,4.989098305246055,0
83613,-0.31356411297056463,-0.543583940093733,-0.45440651239148844,-0.4728706620033471,-1.2661693645067247,8.88407627280324,0
14387,-0.45955431499411903,0.42810739345163473,-2.076214683266343,0.27595220853429714,-0.5397250419924094,5.443152166438284,0
27734,-1.605790859981598,-1.870061098685374,-0.5492166407779563,-1.6530422150039252,0.8327710885750317,136.5316955407868,0
16523,1.212154598368495,-0.6561907366361542,-1.8596215538011787,0.004687247371700142,0.448876542408239,35.01564711110506,0
41316,0.1476381003869167,-0.002662187982655652,-0.23498348204406258,0.10505078226578544,-0.9832721520211475,3.1585279622023683,0
59156,-0.34541542406383324,-0.324402919948115,1.0975622504266707,-0.09308927873538853,1.2263013456043423,16.814185856311028,0
51374,0.4877154261986817,-0.0666113560055051,-0.06567292439635014,1.057042261196059,0.52142168750878,176.45385781562084,0
33154,0.6259596487811641,-0.544081311017581,-0.22104868266817745,-0.8628152458726148,0.687256214628081,28.518003051334883,0
99518,0.758800933975769,0.6656499905839105,0.7217672558611554,-0.01738073292164037,0.4725455175524111,5.0109611431876715,0
55835,-0.12877425478424495,-0.45630339249623575,0.5323037768383855,-1.9057372056918498,-2.666488241775338,14.859428443305536,0
87128,1.0890990028474443,-2.772838743096468,1.6994199924016902,0.5620740062449835,0.8431290081480877,54.28251993587032,0
28731,-0.6138692230737175,0.9579268653362378,0.11148481715107776,0.5380383639249167,-0.014247630881020015,13.948844752435996,0
67889,0.285871785370116,0.2673544374262525,-0.26089226948679867,-0.6424852093089086,-0.12994417499854574,13.709998438399396,0
75868,0.865071489474962,0.013321019523264815,1.4995140293927778,-0.9521237421480279,0.12856159561763905,16.902939922558353,0
14939,-0.11348539083663012,1.411296865959639,-0.4719794377973724,-0.7002288365439614,-0.34055877799765455,11.104511412505431,0
29241,0.4613635210800931,-0.536553754137027,0.5414271305752033,-1.7003015822006398,-0.24471823616392757,29.808148693756927,0
44028,0.1077481346260674,1.2620904960258454,2.0013179568661594,1.0645358472303923,-0.9669167496137651,9.863535276191765,0
76534,0.8190549384206998,-1.1727683201250934,1.555338239475078,-0.1589006180018763,-0.37313186244124735,13.212907745905905,0
36777,-0.6851858784105075,-0.5836604573054179,-0.6133865042135246,0.7915688682778428,0.9181248369733036,56.216491264265315,0
62752,-0.499635403112483,-0.3583879681773203,0.04817330375311533,-1.1370103706331787,-0.09492023943085592,87.59360493377886,0
28831,1.3616072363167513,0.2545325897876385,-0.858524093424465,-0.9528239661171313,-0.032835250649769616,56.00552078255975,0
78832,1.7092071543529632,-0.018707495277022007,1.2709411935773276,-1.7906710121105207,0.4190037738664481,21.076499495978766,0
21644,1.0446662356754068,1.062631673678995,1.1126874376155074,-0.8009705015449708,1.3929903085139699,1.056560602806278,0
39214,-1.3898647409015294,-0.06276942449341091,0.5994639186251742,0.4016537673404463,0.1747107327585474,95.54350962767269,0
86143,-0.5643880987057234,-0.03277670195769679,-0.8126470558890512,-0.43575277922749583,-0.27677243417806024,46.356586970943916,0
63918,-0.1964917000792602,0.22159801813674082,-0.25929636872599593,-1.063779191450438,1.2085809090430115,13.718480800956783,0
94018,1.2091462860902118,-0.42993197092420804,0.26632157530136463,-1.1613216099874735,0.27765279251022523,49.489748601038464,0
92051,0.654023974231481,0.3094599960034553,-0.14000309873147185,1.8063185938375637,-0.2060086255944716,57.47037428893825,0
24070,-0.26041953315253874,0.39147672077115386,-2.5172303766303354,-0.7750973937953827,0.3609738209410281,35.849504510877885,0
3797,-0.8115535434762642,-1.125019066580641,-1.0198484874835236,1.302275857744767,1.7438278442077244,15.133859130711894,0
89097,0.14007484795982725,1.3336697411479546,1.3590541562478977,-0.3571775340481359,1.6234110524790935,2.2948968102495337,0
25279,0.5058102656436596,1.1780256831922882,0.11998438383813205,0.28170800399949747,-0.4556482054572405,199.28731198560126,0
90474,-0.532633852777348,-0.9526532293994713,1.8470672178884158,-0.8676762879118334,-0.7272505557323016,56.26671492511433,0
11122,0.17688583943000827,0.288805553332357,0.10651657632390796,-2.2473031096242413,0.01762968173913671,136.51135311510126,0
28795,1.0136670858668373,-0.6458124527580007,0.2324286038002629,-0.4834657639176749,-1.650633216181882,4.053940788187814,0
29516,-0.40349793294423086,-0.956998485340265,-0.4317743279329833,0.602621232880945,-0.3258960087720073,14.517496176464922,0
73965,1.1632297551407775,1.0841165459049067,-0.6809178073213656,0.0013858548430013022,1.0141644877635565,85.97631525189313,0
44247,-0.12399297370756884,0.6718763164925986,0.7531941940567736,1.415005752824045,-1.1753905632190973,22.692537234359953,0
68323,0.7262398732709644,-1.1441161886235383,0.8154893322996768,0.0709250307028196,-0.31676822947221095,117.1885798087252,0
71726,-1.1208471535655697,-1.9053856678929664,0.9270974788911364,-0.21091941029747827,-0.12221902904728241,15.610650034924264,0
64484,0.01318026088668942,-0.03218056512901509,1.3177766977259247,-2.1556857596153813,0.6377324449490915,79.85423771649214,0
37346,-0.7751476444510823,-0.5409272285948689,1.538812212756033,-1.7458794112915998,0.08327462951479689,41.062209228317116,0
61330,0.366727752185813,0.46536292373182886,-1.7473053686323792,1.4110710623455225,0.3088784215487235,39.91171125363297,0
41235,0.9698408648399088,0.7929034666922938,-1.701064270926387,-0.22846905732234488,0.060631375820471727,62.93635731467112,0
87958,-0.009698662182608321,0.2212447039887671,0.41864231743030594,0.4812744546497187,-0.748229340764418,2.8055285894074267,0
80354,0.9397074919455912,0.45844040185329793,0.5824976279287521,1.614297858189814,-1.3292173526108868,29.994689342521834,0
23710,-1.1808359169921354,-0.15044774625148527,0.9169294538718386,-0.42059153444004027,-0.09861693082984847,103.69577557225978,0
52756,-1.3410614189638046,0.36101400468125744,0.159836176173211,-0.2081858403071345,-1.1737175865244867,6.999575375709134,0
42849,-0.2966016080228718,-0.0076678020480680726,-0.9056683356590169,2.038305825759681,-0.11477166086883968,32.99202732598623,0
81580,-0.40530106080334305,0.2618353205715371,1.6306189801163626,0.6197561240663594,-1.5631893457881603,6.580575614469336,0
64425,-0.6839215253494749,-0.28593314473347575,1.2825589396649273,0.6780800073626503,-0.089651660031252,53.85573828625083,0
18133,-0.4065269251031607,-0.05542664775446476,1.8579341453614433,0.14810321942690877,-1.4526378103153914,25.21356397723325,0
87897,1.8103275907226957,0.7793004727322356,0.24384367249350644,-1.966638932713355,0.13647660791200458,18.75489395772082,0
16715,-2.024953334893217,1.3460935524432736,-0.6548463529547736,0.5966205163817784,-0.3879019135131578,12.85820059351419,0
92949,-1.6566049184843923,0.7654307292350953,-1.0366873137998296,1.2887121948033933,0.7890312063302195,33.960508715591416,0
33591,-0.733543163097348,0.43462240858194356,-0.21919922077454188,-1.670904434184382,0.40765760210381713,4.361019833273402,0
27083,-1.8699272950480827,-0.17401311532615715,0.08987912040214814,0.4329659175148597,-0.06819330273561863,89.83782916409059,0
12329,1.330157225136864,-0.7619866461208319,0.310208136245163,-0.10694102804136375,0.6899245059628129,23.525895735232833,0
30099,-0.05989952431426344,-0.7634731228902925,1.8811635073371178,1.2109180473150036,-0.8136835421860547,205.51546538152877,0
92769,-0.019514802751701654,0.6062097760176023,-0.5038754402029701,-0.10921538481326784,-1.4288646401204588,20.750068236564307,0
27751,0.21024622000229307,0.008194834196739996,0.2321547681635336,-1.416941475259401,0.6076205485586204,1.2644371955660194,0
88835,-0.27761869913651793,-0.4634083344985053,-1.445414246976224,-1.1463070679944427,-0.12402656521531608,73.57339766307602,0
3273,1.4713149777599452,1.406260179174236,-0.021553860750971165,-0.4399539922210124,1.1871104501729601,49.00156782500573,0
8705,2.986329375576428,0.6200049889007526,0.6286310017788237,0.404184641918113,-2.47446165833032,69.68108623132625,0
71569,0.31498753542050073,-1.2689930591075735,-0.9654273428698082,2.204805026717396,-0.647534385307035,26.67621219056836,0
88726,-0.7717096870583702,0.18256299069534276,-0.3489217264410125,-1.1811962745063784,-0.8927063153854309,53.67059868281257,0
1589,-1.3435007298245198,-0.09298240734595058,-0.43460890905432703,0.30741652918225304,1.533053682605455,178.87312013985868,0
6643,-0.6928146080500917,-0.3112221186347788,0.47856454040038177,1.4372505864688878,0.6972949285228497,17.6351502588736,0
24611,0.04580796853159671,-3.1956240884900367,0.9769099334165062,1.294763431412261,0.2153683774944933,62.81988264083703,0
74965,0.8682292534995744,-1.2831490454166905,1.929327986322298,-1.937404675694699,0.18362415193460738,54.47639199060925,0
99751,-0.5681722279222957,1.6998330137637852,-0.5114228386536627,-0.18305772789915215,0.5836498411837081,86.79102080046131,0
90102,-1.1686474299403113,0.8214824391716363,-0.7692285984720855,-0.7984056574209569,1.943406573241179,26.383652970326654,0
44724,-0.6897875447291053,-1.7704339025362246,-0.27057942895951476,0.6581776985091147,-0.6048265525295793,12.219270781244994,0
56408,-0.3948521036040913,-0.028634524995832824,1.177052936907225,0.3453032973534039,-0.899534765346044,19.01731766190587,0
281,-0.24702307363726908,0.42256716467424005,0.12394844658533295,-1.104604954155374,0.9060926237765612,21.807030768327003,0
23510,-1.7179573137198072,-0.22930508753249892,1.4613719875076132,-1.0415266674799433,0.7926228932994547,9.867390743107393,0
55621,-0.1972506403523,-2.2936972502275563,-0.7897155821024897,0.9824784267720141,-1.1327767195995355,34.28823744456471,0
9184,-0.014319442715773,0.7703739290740633,-0.24359950775306205,0.4593369247856475,1.4701767229845155,92.31037408879371,0
46804,-0.12546053915217067,0.7251601334034021,-0.31563385420893914,0.0688208645975308,-0.3853526740834423,89.17216969812546,0
3471,-0.35477988735035715,-0.9581008136621948,-0.20006740560382155,1.410461826357984,-1.079064855035123,126.15695735973556,0
87468,-1.8939935928422165,0.6778741863753364,-0.637815766438833,1.734959576768841,-0.7460071686959076,7.896858299565792,0
46571,0.8385414775592605,0.6819538813098218,-0.35204535537168397,0.6836197510505335,2.025105107847757,13.59862865047295,0
42348,-0.3626028336796952,-0.5266296128965336,0.8952873269005954,-0.34125602032129265,-0.7053696049451256,8.897702242621856,0
94870,0.5727913622096251,1.5270132612259923,1.4588275466785003,0.23428514610215595,-0.784191909782542,168.36577294936737,0
23383,-0.9570810772666166,1.2972303535117882,0.7134909550395123,0.4399646917385551,0.10190615108946523,26.074649692370684,0
21732,-1.6237683520495778,0.8796292965893135,1.3762960778127988,-0.49375339186156536,-0.691917185342424,81.84876275486991,0
70031,-0.3992821430855018,-0.05315980572258217,1.9922734717416066,-0.2945293034155334,-0.8211914106918087,41.71037708251309,0
18489,1.4536681740739517,-1.1546521849035831,0.5640910993814007,0.39875038991785505,-0.6677118740849867,35.17154948068405,0
11344,-0.2196020942255738,-0.6939419888127902,1.2870681783811726,-0.2258514888722361,-0.8312544222650903,20.035517767770354,0
45106,0.0731986281627831,2.052488928796899,-0.813454723728982,0.3012478930185536,-0.013495811686846262,14.96018232280249,0
95648,0.6201240509569362,-0.7823374710664194,1.5209347285857213,2.349974486186724,-0.6731196909745443,10.44353553147773,0
73463,0.631942237742184,0.6423133625895667,0.5335366393000435,1.7527658861736692,-0.8162200923927166,99.30512970451453,0
16779,-0.06510053875530415,0.9617601815353501,0.24088560019550218,0.34372471388774534,-0.6206088421320175,25.809552362416632,0
26854,0.061028583556320855,1.3755907606524072,0.4345363395234831,-0.1673952809281216,-0.5701026152634049,40.74734519277519,0
13403,0.5959313470391664,0.3751900169422932,1.252055091558079,-0.056945814638392545,-1.4684266014009257,87.68232259392127,0
87896,0.31805154817895986,0.3144746111207469,0.8948366881445676,-0.670426588369926,-0.711644856485736,52.63012003987745,0
40600,0.25723775067652227,-0.7858821230749682,0.3835404689576883,0.4036092126290777,0.1801912282279021,4.702321464483385,0
8328,0.6109458811413533,4.949942863162303,-3.1138734226961224,2.4493589716834743,-1.2080702993654144,456.1565137416504,1
61215,-2.1278457219335216,-0.6441381578535159,0.31557239886041755,-0.16338501805032468,-0.23825457395383548,12.7579755712732,0
59796,-0.464471939856346,2.2181609054442255,-0.038905100420539226,0.3785555918189633,0.5817226240475176,7.668129811598556,0
76361,0.43777146130347266,0.37513607217556344,0.2701941212793142,0.23662352181409577,1.7378835182179715,24.015533025619007,0
4648,-0.18098586601432187,0.004370251582966527,1.8488740554822498,-0.03302374637691856,-0.4480891389268773,26.0139465779218,0
46427,-0.6947814747351655,-0.8361951381595797,-0.5115211683758064,1.0459944569590156,-0.36712099348696847,25.291254217093474,0
71308,1.4269674044104097,-0.16364583881502875,-1.760980219842372,-1.384669393035774,-1.3781299299553713,34.332757772182475,0
74763,-1.20216836717434,-0.03672313763077546,-0.7091398766342952,0.282353703268109,-0.3884813748222363,6.3780321642825255,0
56307,0.8136361486422357,0.8890417717343652,-1.0374281551427578,-0.7566602914350559,1.0143670202644877,114.43258602637754,0
31881,0.46251923959207825,0.9529814950227902,0.7349989987664513,0.20810674590511025,-0.1258926754959257,28.19225393868956,0
88733,-0.5627969307520315,-0.2826092674912256,1.4471458278702671,-1.6836813984389982,-0.5310323596109858,18.101250518858567,0
49812,0.2482585417616836,1.244147403639742,-0.04415809479126799,0.11020364934630288,0.4184141408355813,83.65013411483332,0
5287,-0.1402830333573683,2.291107174618739,0.18050463388908677,0.7192658541312512,0.7494605396908269,12.188540500236044,0
28220,-0.7464363592272815,-1.6450972541397806,-1.7731909121797624,0.8120350668947103,-0.28200274933054587,44.89408399845018,0
6796,-1.032223382395876,0.6989758183447671,-1.0103338502364385,-1.7117394623358606,-0.4400977171625708,102.02062908402603,0
52161,-0.5633864504523027,-0.28763746103701304,-1.0411847851742946,0.48590000618704365,-1.8098800267812212,85.13857258470942,0
41627,0.35486164465499803,-2.0304135758161195,-1.438230413137147,0.5575874056746811,0.4396075342721804,1.1855936462175007,0
2983,-0.5974382974725463,1.2565041179401115,1.4488218177872538,-1.2458245631239084,-0.21929632652044434,153.5579410874071,0
5249,-1.1249400218849843,-0.9125400174205731,0.33403512895649146,1.3980309650348604,-1.046373281993827,17.464913668912494,0
138,0.4266558105924759,-0.7161685164733763,0.5323947223602453,0.12910574042228698,1.845556018994896,68.84727482585706,0
45270,2.4982001179741125,-1.1466430836672743,-0.9823385209537272,-0.07674173081273157,0.8462482262072616,38.55476082747359,0
60504,-0.25965240829469444,1.3417202887201152,-1.317601438487428,1.0331771413689799,0.38144870096370254,39.449431642658354,0
19198,-1.5273189874177815,0.09061360172477564,0.10518365956392356,0.8258555796201295,0.2941939231712619,78.5568413893404,0
72124,1.3607863554791413,0.6320484771210559,1.0654061017940906,-0.11529688893053265,-0.6889673128064364,61.85667122174916,0
12015,0.9012067804923078,0.14621135589758608,1.2692806778651264,0.33393248703048656,-1.6194923523171927,18.910869440627927,0
69267,-1.9192925788569681,-0.4883670868558086,0.37954230135216616,-0.9839521373941029,1.6534979115506607,180.86462550411608,0
47333,-1.1264731247465576,0.666089741826487,-0.7378983351183096,1.0064439899032849,1.4056060244573318,130.94964595202688,0
81942,0.42880071777425993,0.6973507446380671,-0.5005395085832681,-0.0027930726620182833,-0.389068876739292,128.3835665928019,0
75415,2.4183912202545006,-1.1662282279953577,0.2445087890551595,-2.3810999156571997,-0.8201481086366414,3.3550516538139883,0
54771,0.08732870392164904,0.4239516680632088,-1.0184630299249242,-0.20201671864169957,0.1683672664874121,72.33427746598923,0
56138,-0.07685619004705521,-0.839289536708479,-1.2575669298603165,-0.25131217024049174,-0.8587658325831028,21.19272203863632,0
23387,0.06550326811934361,0.840918636530436,-0.5268458339016268,1.0865719049305225,0.15489538643251938,1.0688342646065476,0
80688,2.630615009851872,1.7184534155694289,-2.4596671470716576,-0.2054727676329154,0.5197831464991396,130.22476861313058,0
64977,-0.21414387208946423,-0.3443633306768606,-0.21684593856554543,0.7356821592925853,-0.739526559660585,141.30020004597472,0
76449,1.3373939949136822,-0.2530073476011097,1.4616356882140775,-2.952629617510243,1.7526994663902828,72.78615702397285,0
52142,-0.8379335823697159,0.39609100485977183,-1.0172549002237248,2.0497092516036868,-0.42449336431905216,3.449277316223281,0
90563,-0.017535908683452835,-0.030578532411292016,-0.607921725918519,-0.6441768555679441,0.6289786790190267,79.49856251882193,0
19975,0.16183947304260143,0.6291798578745547,0.5059930665679871,-0.11267650140146543,1.5495543970306493,8.803915486109798,0
38578,-0.48865539661173335,-1.7990008402114075,0.3392747115045034,1.3696410053828696,1.2558364254759533,7.524901019642395,0
95980,1.5480743985441079,0.33719442250856185,-0.4100226416643925,1.741495222697658,-0.6392484517984667,9.99884020783785,0
43001,-1.3461407225802056,0.8365348805804116,1.1867719039853397,0.5717838902489225,1.0155002672566504,67.65576782451039,0
84328,0.3741725411088173,-0.17515645435956012,0.10846814483876122,-1.3206835510444115,-1.4402841263907096,5.660066186709765,0
81889,0.5144760705317492,0.3734453554444396,-0.6651943684645465,0.4811950991375323,0.773447600382574,37.55886760536203,0
34051,0.26126170860518405,-1.4442213202567409,1.267004998622063,-0.6075975143043544,0.3645309379489642,40.38294767629455,0
24351,-0.9146648231644132,0.2942050199296082,-0.5666049539441838,-0.8628555215014823,-0.07770385439510688,42.02116745562906,0
22669,1.682284096123216,1.9699379120649152,-0.02668113383841335,-0.46713788386548966,0.5077243841498703,38.61976547952298,0
91428,-0.2963072222227201,0.1596777618308206,-0.16712686023920295,1.088837765398461,-0.031456964681352784,2.52754654061188,0
30651,0.7347485957410083,-0.22000744910587589,0.003092701675185356,0.27421281821765603,-0.05964140306186193,26.693243668458866,0
1920,-0.19749995086866415,-0.5146974113162374,0.9135805762143632,1.717394551251721,1.0921054397584757,119.53670013039553,0
25599,-0.31607335884173615,0.8518649257217694,-0.16195879131002258,1.2154926684870857,0.04044801034431038,29.23580269643063,0
15282,1.097221329671825,-0.9574868582445993,-0.1221853577687985,-1.4755467765456884,1.4048800806781325,60.12001380360441,0
6979,-2.654162345709856,1.2435456010978068,-0.40151313290290563,-1.0336088569434467,1.334032682664853,39.583833356041545,0
94611,0.26186065929027363,-1.469240580740372,-0.7542681612914635,0.023853702663337317,1.116562374310581,2.8150263925654837,0
24578,-0.026839568317151834,0.7674759178141847,0.9268766994609047,0.830696394508142,2.376255803259791,25.697882107342817,0
24272,0.9819171632688918,-0.7589265408192374,0.8474042084925388,1.0074425212393454,0.13661643676329138,41.08866539615062,0
39961,-0.6594957083176173,0.023675056330267077,2.172438621558828,-0.48706571115909436,1.0270702477301241,222.71080214613585,0
46413,-0.7491210759610244,-0.8789920131961103,-1.2676402966468037,-0.7144720063859485,0.6384421456431495,64.60858808065866,0
89084,0.02999423869317595,0.05120391057396452,-1.6967359427510438,-0.8222981122393547,0.4732330748923653,139.42140179522912,0
12112,-2.0129080438933564,-1.0412947614311003,-1.4883254135185378,-0.10291352976325198,1.3069642136321409,258.6309773195701,0
83692,-0.4854413691040997,1.4872796272729016,0.19453705809943997,-0.3538501935617767,1.4714608822457016,33.60087440386014,0
71678,0.15626624161949673,1.3686507868999138,0.4643035854826244,-1.547610596879644,-0.39062852460894903,11.136540452741226,0
67391,-0.7909538805384142,-0.5649990232431683,0.7229587562584417,-0.8427976078085702,1.6324898963736874,26.425960502546868,0
11120,-0.36049233867067115,0.45064293672396416,-2.3340388172889677,1.313044386990526,-0.005287430485535406,72.04701335588679,0
27350,0.8638716595520065,0.1484502836510538,-2.441915562924823,0.33701537860137293,-1.8577109514317192,86.75674960755782,0
22656,-1.7802101698159276,1.0486407091206436,0.3516375673328582,0.057389514687252924,-0.7296255742245161,0.1963035947571443,0
59101,0.9952903995220314,-1.4832483178978748,-2.001736131354037,-0.08846044585236078,1.895367654099805,5.516113468993782,0
12219,-0.5893905948504429,0.0757886878538678,0.3964597130409407,0.7081572558078263,0.5544762598169899,38.947654208016466,0
50948,-0.8081886582481381,0.03622057046526678,-0.5263072356749081,0.34294876410888947,-1.3681064679298847,42.07719535815295,0
72303,-0.18491271887619062,0.3874667927634213,-3.5409611463465622,1.3673968138098649,-1.031367801247887,45.22178070501361,0
49930,-0.4688476040618242,0.4985301921556723,-1.468665526659181,-0.04183618971424044,0.11117181070433145,187.7886636113732,0
98723,-0.873668891922626,1.6074193470813503,1.5912231997682411,0.35263009484274094,0.13525145038286787,65.2184468947754,0
83986,1.1221323222304762,0.07702802084587244,-0.31684321911156244,-0.1009966414194309,0.06588611467083134,23.601029443531157,0
52251,-0.9137933515835214,1.7334534666048018,0.3303788177616823,-0.49209296363219646,0.5113679313624813,54.95773048072541,0
41430,1.2619671159963644,-0.17197420588542284,1.4294647090765544,-1.6511304736310881,-2.1883722921684576,10.748560735327196,0
8024,-1.2782980138486677,-0.3258976178858741,0.21198059631934188,0.24122526681515924,0.8988190218367798,33.282198451038006,0
79239,0.6722776969106796,-0.038826288656095734,0.7594137742218154,-0.906762062917125,2.5684180336896354,107.06376436355258,0
70080,-0.7252436766377852,-0.5321293773977546,0.4598822437138199,-0.7960488500342344,-0.22561837152864644,9.59721653030698,0
30535,-0.14224842863978576,-1.5543780791236008,0.7319427134575307,-1.3123094719895705,0.3669695233232703,109.51561116018706,0
67173,-0.707959370631998,-0.1980248989587013,-0.13906514848428447,-1.5056938721687458,1.1080475749099057,6.787324073264737,0
19874,-0.32166358054911637,0.11821787129875717,-0.8699889808563954,0.66863583518759,-1.0526231556756807,29.725839304257452,0
11130,1.247385291974663,0.5906652967043781,-0.3624418210905925,-0.011097052106183421,0.3649673802584513,42.55350505635326,0
93526,0.12528546327868995,0.003275907102981825,0.729487155906694,0.700767326137413,1.1565368631926154,54.72197577593878,0
9256,0.4121638465035031,0.5082764311900971,0.5698383756449638,0.10953631496535014,0.3809887401339326,48.81722406708588,0
40992,1.118498180421683,-0.22448215446342795,-0.3054953142666428,0.42770273525857644,-1.044065296019751,39.198018093617755,0
77735,-2.1638030013490286,-1.2065815287074781,0.40021839083867333,1.1739456577013931,0.9990723528538664,53.89495570383879,0
56800,0.2704081342080487,-0.8465079577702125,1.550636238255454,0.9946224192749955,0.8839235012291423,75.66569501452845,0
6265,-1.8574787826634034,0.07153816245060336,-1.3487177217748425,0.11427265992868325,-1.6521671534230822,33.18861004991347,0
7927,-1.3043069235264135,0.6014415936106075,-1.334828583078318,3.5058714035449148,-1.272839040806815,4.249247817263855,0
10800,-0.1616799272144955,0.5791629425114344,0.9383503130243317,2.048262711728085,0.6733991236709899,19.988846856554833,0
33361,0.254406878746652,1.0515810454264938,0.48402347708498744,0.3137168540253303,0.31729386809029075,221.2006406021946,0
83362,-0.6485571232886512,0.4274993208920174,0.3387748238996087,-0.8226382177411825,1.213540569054641,103.86964194788253,0
27103,0.8903820957650477,-0.2073438265359958,1.3833297485483524,-0.6864135896442815,-0.49765887306319256,16.29645539361343,0
41873,0.2506316743414634,-1.6850588974175522,-0.03674030556591419,1.8199848644790972,0.3715885500687872,65.69879462315672,0
9446,-0.2332839831572693,0.1937518326758752,-1.6072712038057224,1.2406861651433425,-0.11983180318346565,157.00373348319917,0
59165,-0.2152478580953917,1.2192579890966468,-1.5079529142781543,1.5737755823380535,-0.3486605052759789,3.920361822242118,0
26092,0.32843299058154907,0.8018192902010522,1.2135529453935023,0.09101846347162929,-0.32222817278141624,41.29837685176118,0
84754,-0.6197516566710809,0.8641143920499731,0.2220580585267834,0.034223319690265874,0.3101543210212768,51.92954925421331,0
64386,0.060787683319983375,0.03690533855301416,0.39251491808002564,-1.0847262372915498,-0.7827592676193803,11.674330882286577,0
61240,1.355661895889928,0.6040476593785556,0.6241865858040871,-3.2648314800201907,-0.4682800935701761,62.60900658074956,0
15254,2.2725364418996903,0.8292150433882666,-0.29554480125901383,1.424893676638832,1.0355188034609841,56.91443173395632,0
25683,-0.10011940196124765,1.764739752441796,-1.0361717215877837,-0.04180224775162977,1.6638880355028012,32.750192844142205,0
45000,1.1330634416071725,-0.22777127624396384,-0.2940541639195322,-1.2447131363767872,-0.3838104620127987,35.2751452248032,0
55180,-2.052874420349235,0.1564220204206677,-1.2486863901571623,-1.07129887026688,0.13239097828149723,13.765974568914324,0
10267,-2.325631677841348,-0.3243220409101956,-1.4381769033956318,-0.4943960680827652,-0.8065856774717746,26.575208594133088,0
22614,-1.6019750123696794,0.2361841552978902,1.4602281797389625,0.35585160915094666,-0.6055174231132413,17.064715619972592,0
97022,0.7445296083014029,-0.16182322817597725,1.6993226904255312,-1.2087724589036493,-0.20492064326031884,5.431968968627478,0
25518,-1.3224044807028261,0.5204017627353577,1.3240448141621386,-0.37431991925421876,-0.35057288224800476,119.00743100649076,0
77231,-0.28860803000153085,0.2297589919427541,0.7585357401050976,-1.461390063935754,0.42135068230079614,85.60002989082547,0
61610,2.428934738076904,0.09149142640100641,-0.10613605837241423,0.51390906501423,0.12221216390960167,16.86175885613864,0
32245,-1.8717151197240403,1.2678987951708858,0.13352250825536127,-1.8064396702355212,1.1762967582743005,22.597298661834575,0
27386,-1.6711873328966327,0.077974461818732,2.19327750306061,0.8539244220286815,-0.022953179818889807,22.842281519771486,0
41975,-0.7512555936946737,-0.11398018998202876,-0.5101250493637778,-0.9106161977045666,-1.555316999792983,5.4497449838344165,0
72982,-1.3432266479483186,-0.7115554940294971,-0.5097878468704842,-0.2116935895708967,0.5409498046270919,9.126993723510875,0
17482,2.5333390006978433,1.200141587526417,1.0294670082259965,0.8392217411109192,0.16293366441950527,16.788030681875032,0
66387,0.3255458153220719,-0.16589268284638348,-0.02876037551022778,-0.5335589477510904,-1.224962756530279,58.8846020978852,0
55533,-0.7834497409003949,-0.6658509226836544,0.250921497770598,0.27133380214529434,0.43207346047077927,22.046240986930336,0
28482,0.1667819386556424,1.6739581096660563,-0.8275086725243231,-1.107994754690382,0.06325598055174447,14.070376927066494,0
21800,-1.781424899551631,1.4648661065048172,0.8048388411714839,0.32911144967323014,-0.44864796563857384,3.2857038651346713,0
37892,0.43346565005563986,-0.301421489244918,-1.1432864667343514,-0.7224312999426785,-0.49695548156948743,2.048332493146243,0
27364,0.199696196625398,0.36539078436214323,-1.3350978462177538,-1.2833919769583346,0.4220332137401978,12.11911044049869,0
61268,0.7424442386469563,-1.1378656746537843,1.9749868235409183,0.4993246142274765,0.940910883879347,142.41582784253396,0
31055,1.1321981917206816,0.3114420846290003,1.627385914591245,0.5268493557073033,-0.8045158852914841,9.108389240709776,0
33827,0.23125774718408365,-1.8062232153398967,-0.12951692306300036,1.355614377373964,0.7273521095816817,48.99002886260929,0
7736,-0.39734803191811113,-0.12277952727933832,0.9335733354482981,0.31527407094933296,1.1793376583769277,71.81363889985874,0
75758,-0.31372872305984767,0.7308322351949248,1.4698533885675769,0.30015797644704756,0.23030416975636636,69.18876416211573,0
33848,-0.12890464877038457,1.5807270423985165,-0.2671293106425735,0.3249206263702566,0.8626470419564917,35.86570621181925,0
43370,-1.0055595231132632,1.2334706233284216,-0.22054423502959386,1.4587655211699282,0.36737105820751403,20.543637610914015,1
276,0.5805185455957046,-0.686344286648976,2.226903139247802,-0.13509459958331266,-0.04362453249466674,100.81590595124975,0
39279,1.123176946601683,0.40654029375198053,-1.6067183342213327,-0.04994061428175437,0.49910301434593013,36.52848376075648,0
44859,0.9686818916312215,-0.2177675245439617,0.44501865990850775,0.6150446019760258,-1.4727860701454607,11.378596725190913,0
20358,0.5563090120364924,0.6817831818346294,1.1565280859800942,2.017488518597287,-0.37193894006746886,32.27466325735994,0
90874,-0.22539528216232319,-0.1814742023560683,0.4619817108954856,-0.4780441708839296,-0.23174943983759091,6.346827486498934,0
48364,0.1293676710108124,1.2125845819735506,1.4230616090087518,0.8029656838075111,0.6666030957228817,120.17300147987979,0
84651,-0.3515368762486047,0.3575758908293014,1.9660342824646067,-0.5037804489447905,-0.6837311960467091,3.481220362865055,0
32762,-1.2776002651682936,-0.13746376973901273,-0.6667098917415991,0.4326909961624766,0.4298647980100758,68.21532729895246,0
50290,0.0813760320181998,-0.35138946791479164,0.31646249880928584,-0.07771554701180174,-1.7752217372096184,38.12274173051322,0
36413,-1.0207374706196957,2.067084187649605,-2.7201052173523017,0.9693123806158991,-1.8880290897915581,315.52720151618263,1
97909,0.8286601215177316,0.6966881579538906,1.2549657286283131,1.0486590282133506,-0.32025576882049983,63.668168729039735,0
3596,-0.6892040470850336,-1.5623231616000273,-0.29548073452660994,0.9264481468249857,1.9739459014223524,35.25407098920353,0
92653,0.19211426707866847,-0.39020450596025524,1.276297389532607,0.8205262083872951,-0.6259944698265318,51.966713407248314,0
94856,-0.8716021981573001,1.3494425056388255,0.21356693329250903,-0.3408989269883307,1.4990176492921565,45.72737712303205,0
24519,0.09119636937142765,1.359995270562447,1.208658108376434,1.3656067662506852,0.45624587223213414,55.49898272229316,0
9435,0.09885944501101981,0.1275682330539122,-1.5865276436576432,0.7780969651481896,0.2867047128859801,16.095679171834025,0
34397,0.14983072858266513,-0.06362406685235351,0.31787156782644804,-0.46877039729276826,-1.1054579147516785,59.07296728405438,0
55069,-1.874728280561408,0.015404681557600861,0.005182484353656514,-0.1106190785488152,0.6413831774032035,13.15797039000406,0
99186,0.2819551981854992,1.3760064863638541,-0.9267390378003573,-0.6772866967530925,0.6716374463310052,60.859094241180166,0
61267,0.553001671903652,0.9874897169687276,3.556458074376815,1.2559459654383198,0.370877903455671,110.14572669368903,0
79151,0.14740948232724443,-0.4329859088131957,-0.287736460733591,-0.36444100310552613,0.8644772374953112,81.28144490557615,0
70843,-1.1842208938938112,0.2577645534085519,2.0693246878060867,1.380785786697017,1.3547687908190007,186.64853198210918,0
65545,1.1541362365280234,0.6508501800122718,-1.8521032545245222,-1.3018077347303465,-1.2183571553815016,51.63512938618986,0
18268,-0.11119143548734531,-0.5400143385700622,-0.10192437697238589,-0.4245147445112534,1.5806935363234067,46.35550501401644,0
30698,-4.315764863833177,4.360856714495871,-3.4155912083443836,1.6811801333529521,-0.8533627415758378,90.85563938109158,1
1342,-0.933753736140097,0.47760112766229346,0.42547139158009356,-1.1845636870990603,0.3252652041761747,85.87554531024689,0
72909,-0.36382572554789916,-1.0811393326732892,0.7872676660296659,0.577861214096289,0.6865432151763621,189.5748184090207,0
78916,1.4466314098017299,0.6786076590701907,-0.5578478552534369,-0.8202117199610012,-1.6205542805499977,72.67418715654294,0
49688,-1.7305061086190905,0.5574560004726746,1.3469542192380486,2.1417463879505343,1.510129325879391,36.842104634789955,0
62955,0.3717360280120473,-0.7467038962808958,-0.22134816838867843,2.587198242838767,0.17475746088193833,11.374696431004255,0
48777,-0.1377410990575783,0.5145324663418078,-0.760651829016339,-0.5254240392791115,1.1505065755655455,59.11070480371037,0
90239,0.49723315135786184,-0.3219769900741795,0.7679089673716136,-0.8669796318465463,-0.6591101431574579,14.038624799288637,0
23524,0.7038809278242575,-2.3586788086803407,0.3942895459611482,-0.25081776760670776,-0.26416810625591164,94.67180766855441,0
18322,-1.192041544161932,0.844853590025043,-1.5519074381324354,-0.18115429106513675,-0.7043122095001391,14.215254459727674,0
26149,1.7691911692366638,0.471809099253734,0.6991883786529121,-0.39521787573338474,-0.6239547621655234,13.360258579604439,0
18030,0.4079971272497635,0.23897841806376185,-0.4403966431119995,1.1758142234156344,-0.216397172007874,22.206782024312567,0
26309,0.0635400505023367,1.123898866891339,0.17778455640450103,-1.210715799577454,0.5146363240666902,10.948462850360546,0
69624,0.22384017278323629,-0.0008555995700376844,0.3684036250303284,1.5025827508508343,-1.0000267205602102,59.025580439726696,0
38067,-0.14248458157179603,0.6973933261952787,-0.3040052521220364,-0.22963539600249672,0.21522132385443102,28.791773241256603,0
25351,1.0036907111120021,-0.6255156566820088,-0.6984224386906184,-0.9810787823929151,-1.4457999022463426,18.069006287531845,0
59871,0.6442088388441277,0.7651239739437059,0.5802232496523899,-0.24468058146863825,2.203790836770964,116.79345671958498,0
23874,1.686093154338994,-0.25579127846400995,-0.26979318020727744,-0.6079602062009536,0.3354386730587683,170.9749780262704,0
91922,-1.3025774789535371,0.8496840249283797,0.013395129720671672,1.2124509509434849,-2.408098781648478,25.995237827000565,0
26649,0.01787210646770664,-0.8572519004509404,-0.14372636180804266,-0.912438604082267,-0.11909625482373001,17.208843914408746,0
26400,-1.7664178506729673,-1.2715590702992374,-0.35440498334042336,-0.4244053229308657,-0.04989926938503066,24.14993460363014,0
16748,-0.7296043637016657,-1.5335006108119764,-0.05578622690702294,-1.3165853859030257,0.6461648718881697,51.21684365473224,0
192,1.8111053342874648,4.7595001277553655,-3.1517261859867345,1.5860237440551361,-1.5279407225584638,190.23232799501474,1
17630,1.827441941113795,0.7407256829826417,-1.500234043503258,-1.4678132924989218,1.0401704164265304,49.28644911053797,0
76240,-0.691043374179785,2.99280199395739,-0.5086749151219205,1.1540880330055168,-2.141280606674994,53.83957397486957,1
82289,0.5054195590744918,0.33569658215474196,-2.3803802241468044,-0.46147075177055413,-0.3320739190468038,59.12848094443427,0
43427,-0.5248354791007701,0.6679560449210992,1.404216161675138,-0.06085368274200603,0.031176742027399857,4.334503674848275,0
47882,0.7533844599846924,1.2090877114727585,-1.436742238258311,1.7443846181759908,1.1094427289097628,59.36449035572362,0
27935,-1.1032507054703398,1.0626556336097004,-0.4503654144104354,-0.4150706082877433,1.209202548076382,6.610671744528562,0
68703,-1.346743518518539,0.3141158493773917,-1.120439970124733,-1.190098355087061,0.43103361077150665,14.80536495158969,0
64077,-1.7225600747524696,-0.41027351238081644,-0.5631622215089241,0.11757043848094913,-0.045425914786545,70.94922978741559,0
11087,0.3802395957968297,0.7758975489914652,-1.0766083537430295,-0.8399909368235391,1.2849244782753018,23.605237108317034,0
22299,-1.8739700756824453,0.1988956723491754,0.044961761758351496,0.5357031545742523,0.2027818683807691,29.19614941672946,0
51168,0.2181243696810031,1.3554955328750073,-0.4856854436871016,-1.3489548043426323,-2.0323368744398986,144.15704861035735,0
15034,-0.22946979131971185,1.2505572465103996,-0.737015875785262,-0.6318646048146721,1.5792965765639675,10.532109527205675,0
16859,0.7405475358236818,0.4645569014871503,-1.0016018406867915,0.6528198911803372,1.5343704448156597,7.02144881204135,0
55426,-3.017646892747387,1.2664270376268931,1.7182016314186765,-1.133719164223927,0.4437603146215473,123.33692694100975,0
84899,-0.20475655908015436,-0.42801925570870175,-1.8954725766269596,-0.38946592539770214,1.0289719099688264,5.736904775085802,0
92021,1.6796372334212621,-0.2828072651121267,-1.0388026463178595,-0.6445283106356816,0.8765538871182497,105.2902893036848,0
43884,-1.0731591448312356,0.39034874889595167,0.32123547589442286,1.4041034352051018,-0.8112727322009359,40.392140595872824,0
30447,1.1517714693868732,0.8586029566244989,-0.6764278860792328,1.2540693356235542,0.8437599628684784,23.797331141513784,0
31890,0.13989342347031813,-1.5924872056449197,-0.09774224079349929,-0.4181156745995209,-1.4378380781590558,60.46020076459111,0
48984,0.9690405516353497,0.32787360631045837,0.2785740264381559,-0.9111255231923776,-0.11631971586511303,45.230864856457316,0
77452,-0.672175191250047,0.8172366189978882,1.703973771732034,-1.7179571892290137,-0.933778613392027,278.96103062433366,0
87983,-1.39543764310967,1.1453242656988951,0.23095745105544835,0.5373665288665046,0.8405780420884758,47.781331537333294,0
95742,-0.49529607088106914,-0.5606650203606613,2.0952885111185133,0.3703826380050328,-0.015634299455838423,180.73834164996214,0
56699,0.7484822943836419,-0.643084132454357,0.8818414917946646,-1.6116046444752332,-1.0598113427609108,7.025202931786678,0
88330,-1.1136866219055395,2.013698349534853,0.14908184178491468,-0.17392081259851633,1.1994786779241597,102.31859009726061,0
11555,0.3241773085969957,-1.149487636578482,-0.24408563855855206,-0.2718748319094538,-0.43070057330631106,28.569693369842636,0
62211,-1.8115918203349892,-0.9983351894961722,0.5819938044171737,-0.9923101616359873,-0.127525354538171,66.95675611862521,0
81882,-1.221428498419076,0.3549299233926498,-0.09697999989447041,1.2481244897723196,0.21701930279615766,37.730820261341854,0
82736,0.3838235638312693,3.229829126809528,-1.4697894926351487,0.48076852983170315,2.0971146418260345,11.75569709046326,0
27990,-0.394124470557792,-1.2034524246244487,-2.0864004336303914,1.3828064826120896,-0.4840024649006316,81.96681468449358,0
65160,-1.2967326974200395,-0.43782232443032437,-0.10898123136589323,0.20578143777242455,0.11992572154323217,27.852645215486184,0
80257,-1.2284906763809074,1.3160559602096273,-0.35028653939402,0.6171596731504206,-1.960049982741037,83.42382971308798,0
52874,0.3518154509138963,-0.13938039625977947,-0.857257981957913,-0.10160298252763755,0.5650780455326779,14.313721502060838,0
66656,0.6037041551226275,-0.08974533601511399,-0.9746863187175773,-1.3990352965905581,-0.953154820223897,5.099735481909057,0
93977,1.3763341586771942,1.1760176917840621,0.9921270387570604,0.7063567623952876,0.31092758187767466,28.54776894299875,0
61413,0.6820781957402268,-0.20958776620291633,0.5464872790777332,0.2410654012350828,-1.631205527191668,69.10777706523328,0
71947,-1.754797885371245,0.1400593061162479,2.3687164651947503,-1.871350029255265,-0.4915481087452262,1.6513000311971313,0
26017,1.4442600468203788,-2.091651903364375,-1.689635454447032,0.2173557941119708,-0.4213021763850759,35.7144686309625,0
73016,0.015579013809551462,-0.8643615024257507,-1.9131109389806655,1.4306853165192506,0.30935116945935026,94.72290154571346,0
65633,-0.6603292617513736,1.0679577442582933,1.0796981834765567,-0.8114370827653712,0.25502312494452206,37.75669752526815,0
92268,-0.6022863546684106,-0.04362647082574351,-0.7113105088048456,-1.407269859438544,-1.0748193720415729,23.994366184364566,0
36575,-0.8705302562280075,-1.0715789405176976,-0.5836045631035177,2.173759407717909,-1.0474467628306452,54.9861738592762,0
25849,-0.08508516565102109,-1.6121135315254396,1.159803362660916,-1.0127272634128923,0.5068765781250394,25.957054025217246,0
68670,-0.7543828593643029,-0.2516894907690534,-1.8550700827230568,0.6589678730153735,0.07942334942961432,23.850654769086614,0
64925,-2.820512071842174,3.0514396117741143,-2.7328135128694857,3.085670953024382,-0.26789291418593,42.462770131261664,1
59163,0.8791383240395397,1.98268492160917,0.35972292514357795,-0.5764933369284905,-0.057251567746186574,7.916752741484376,0
88614,1.0705794675782778,-0.7146757897840716,0.3837505255981918,-0.16147281701833482,0.37580399423042776,6.944657242346085,0
79222,0.43328413343925887,0.0005618554692100441,0.024071719656142992,-0.4112308098598075,-1.1259511822896107,34.11996262763407,0
81423,0.8857263538818548,-1.57640980780968,0.6236384220340094,2.4057542736621467,-0.5679308850113388,21.717068471847103,0
7491,-1.839170389171607,2.54210634866988,-1.8559847476631552,-2.0825341324378632,0.5427296712235863,36.491640351242474,0
84021,-1.9625304945209214,1.503861686107504,-0.923559320681498,0.24513021353005762,1.6135153994659313,2.026060715679061,0
40142,-4.236704452000964,3.103582238110107,-3.310812818611687,-0.2281203400741909,-1.0536608475617768,2.8094441071102447,1
65108,-0.9777822446797456,-0.8741035628626731,-0.2606231311382364,-1.3968268089029212,-0.2678464157803018,164.48179480354014,0
81061,-0.6823456398792657,-0.7727086601309809,0.651477246707511,-1.1603752506115388,-1.3154371020621167,60.38190690047156,0
35525,1.3775475229465746,-0.557129888598408,0.9015884492222208,-0.3838032198614706,0.7221138728022954,4.503663255733752,0
85067,-0.18703362887472083,-0.8509784292529539,-0.3410022181445496,-1.0152174391128763,-0.4574368781984707,66.38728354936045,0
50975,-0.22090025092110704,2.617273338971958,0.39531805332085235,-1.719941918602412,1.1412714411637652,30.40810144761503,0
7314,0.585538258338495,-0.4214622973621976,0.5602975015318421,-2.0382804050194543,-0.6473399898865044,94.04515398126733,0
48868,1.1131931245769775,0.013830199723696996,-0.6040322904454045,0.7952768100390041,-0.45786048318133493,1.1113507428000828,0
25150,-0.5410554059280798,-0.4380185617930879,0.10069073885990747,-0.009688258193378416,1.6473458040039297,26.450871080473178,0
50015,0.34669762850166363,1.1054124052149825,0.08752634984501938,-0.19208523584304732,-1.8630039475308429,0.7242930686019672,0
26630,0.684842194105591,0.5148752363294603,-0.04581104431808029,-0.7609057800198264,0.9379393724822738,105.08411412198089,0
85514,-0.4648233551271014,1.048406632234971,-1.4338636526151392,-0.4100768386159105,-0.5420948337154744,97.7750589072291,0
57941,-1.2702092433869467,-0.3112792838795362,0.32568309383772637,-1.800743056109478,-1.3718984199001882,13.950459150513838,0
44261,-2.478638119127923,0.5320323254226663,-0.06695933390142567,-0.6354977408001427,-0.4289510596889833,48.74281012770189,0
91357,0.7827039386018507,1.1346860199275617,0.8903353149820696,0.13769562787397982,0.938744251021189,20.49801438558754,0
73861,-2.8226349582445267,-1.8993111708452337,2.247356908849594,-0.7812846539208296,-1.238369342239929,0.8528727326465901,0
14849,-0.13259355462133912,-1.162895316247801,-1.1753476361514408,-2.441288583162873,2.147292803987968,21.20389051557105,0
14122,-0.8086600416577134,-0.17972636478580264,-0.5555767668782052,-0.5352507286112158,-0.7923179539098311,29.855400236684364,0
25053,-0.9690510515375831,-0.09582708075830544,-0.6741189790132863,0.2407266094567804,-0.9660349645779546,5.180557284981379,0
71986,-1.012474370154391,-0.434743063192325,-0.786250951185374,-0.8163835530391541,1.6001489317840796,4.502587558132412,0
41555,-1.2645851145979052,0.20083973869410499,-0.07825521553347335,-0.9202916506641354,-0.047789632786682704,65.74267822364975,0
61350,0.12477348791115626,2.7169530343388417,-0.5985461518916502,-2.361538389993931,0.7752462547898445,19.801000329436466,0
30087,-1.144589275339776,0.10486503307861315,0.4934823189718855,2.4194656822405447,-0.7421628472712444,63.23502451526385,0
73530,0.799611626056244,-0.09683190004017382,-0.6489547856369821,-1.4350901278477843,0.12058826016822878,0.9665252060320517,0
66077,1.5371378108818,0.5155156340150927,-0.8069263194902846,-0.4832140905828485,0.5594637969363389,4.738560032525738,0
12149,0.0687968783396897,-0.2616635842307758,0.21065569003151208,1.9117578013098968,0.9646379134149315,15.60852265176102,0
63814,-1.0972922697226934,-1.690319025877201,0.5337861409200408,0.029585426729072554,0.19283746966564758,75.2263586413153,0
35547,0.24475032668477378,1.4980843617057056,-1.299145941755694,-1.498824913895362,-0.6801300148897855,43.11464212746629,0
78077,0.018539945289034115,-0.6284090639621739,-0.26030777712080566,1.8651071593741544,-1.609053751436337,63.47409122268506,0
5939,0.13324005397481176,0.07419057067955154,0.25284825123092497,-0.34018720372599376,-0.034007525801909466,25.31606359255136,0
81623,0.35662961610160226,0.8562393195989401,-0.5487467773601188,-1.1081429224732855,0.5507131831209593,22.735407512681306,0
54384,1.216459777899117,2.8946841304733337,0.49738208669202055,-0.1056496404649442,-0.8834616950825707,81.17961443897677,0
17087,1.0953491943987237,0.9721281319000936,0.8596300943629369,-0.48620512243753466,0.36722312483894126,18.985176941973663,0
86231,-1.0471498277799574,-0.18177923278010719,0.29574778647011774,-1.0466544193252418,-0.1433267889966528,74.98400233730234,0
38714,1.0303846938889931,0.6969971029231489,-0.5913360168023712,-1.0754757117633582,0.29960109354672243,36.027755154531164,0
81121,0.7418087414777685,1.204467208253648,1.6823222129520023,0.5424478467212955,-0.8846486201322629,189.2338986460617,0
40197,0.5240414373702086,0.8484960689000609,0.2780294675789354,0.917189441135346,1.830104040519602,3.848097046190835,0
44238,0.619096478051551,1.6179611429548872,-1.9045245195686462,0.291344461114156,-0.444573986037075,145.86883621545695,0
78513,-0.47405307303580635,-2.492120701400832,-2.3596116016658097,1.1032323861215487,0.5505400095123123,91.44442630510807,0
57134,-0.7419089996448037,-0.6951026620765272,0.7447893122340409,-0.7810076060760212,-1.52165714220929,56.0715762387781,0
45272,1.1461819030494391,-0.5602026923402286,-0.44125560951006937,0.8083674300579229,-0.08983396532289771,3.312049731437815,0
86769,0.20158011419959287,-0.9753336776902222,1.7888664942840682,-0.482670871941979,-0.40869021434895747,39.284911389096386,0
3453,1.7565547034883733,-1.800601668834735,-4.1803168115738565,2.4446284466304906,-1.5055999927678918,410.0184755771805,1
5105,1.4726302506630577,-1.467771340655257,1.4878043483205123,-0.7545935690334009,-0.18422722236777303,3.393929350439305,0
91369,-0.11227586865016873,1.3494466825380171,-1.6336642947203286,-0.09378918838834874,1.7689243790114788,31.82099369955958,0
67364,-0.4942015491627052,-0.9426029620135037,-2.1147648964521877,1.2178635150022223,0.48305243410380566,39.55754838216908,0
17862,1.1210392638449234,-0.6691427506673333,0.7509916217780057,-0.9789400599368574,-1.613844232109252,30.77531430257138,0
14376,0.7488211811807782,0.46993623307939514,1.377495904468828,0.5332657549792487,1.4070578975471166,0.9795960013547653,0
27952,0.6883869307128097,1.244102516156723,-1.2062156831740176,-1.4484461823214034,0.04969759300267658,13.13847276415242,0
1988,0.6558839906913896,1.5883379572273506,1.7929510562154198,-0.34891210662960886,1.1355637492015882,45.40657918510815,0
97883,1.8329505259537546,-1.0752939033304105,1.4755796296880372,0.025277013148469495,-0.43861978851235134,39.52775611979838,0
85090,0.09251130898214224,-1.602750887498892,-0.6021139162286057,-1.510688750852842,0.22254775222043163,15.391998328157275,0
36598,-1.1651666157588243,-0.3901281909734498,-0.07051869299831703,-2.4822486780224478,-0.14532328480876922,15.782381391324318,0
93782,-1.4767631309075973,1.7004275657597956,-0.5406593472204881,-0.7988593887668678,-1.3179506089863948,32.33162770381259,1
62443,-1.0699425513951173,-0.12044699536116532,-0.8359976884415627,-0.37387666604325753,-1.3527985214509015,13.810717531501155,0
49678,-0.8729036753264977,-1.6499153920277536,-0.6129380027344853,1.0649885920318591,-1.441285223722825,13.115961637530196,0
21288,0.7791875770008039,0.8039292795848746,1.2938846414336787,-0.7640855342637003,0.3798311440874944,6.90975522387576,0
50343,0.005370378836003093,1.7579066898546003,-0.9907027589334488,1.7364860038419647,1.1320130234217545,26.99499559696459,0
12625,-0.11083953719272857,1.264294587115343,0.8090612209649455,1.384056377326512,0.40980504680096347,161.27785284884624,0
75250,2.0515743218202203,-0.9953495843461563,3.408050705845994,1.2863148690981667,1.1754907528377074,84.85703175586346,0
45026,0.5879282679978648,-1.3009334307640588,0.168902892429114,1.3051585709987308,-1.0621587880209766,68.76270549725399,0
94851,-1.7196275186655354,-0.48700055589077146,1.7943292040583583,-0.5145889810564419,1.042246347099411,48.081003364410016,0
39298,0.8635713591358122,0.32560568144342206,-0.6999094117674,2.018580324611521,1.8623919682037862,12.70066785346775,0
92374,1.2082690915880543,0.2060869845050001,1.266843064300445,0.6520014558527486,1.1233337861108166,41.57343152448335,0
90536,-0.7498429227081852,-1.5861688669408667,0.10972728830430939,0.5362551470660816,0.2429701004188342,57.01089956198645,0
98826,-0.21816918245082972,-0.2157337077705497,-0.6867030049898435,-0.4254041095492902,0.8407585893371537,16.058842778425976,0
26737,-2.103500091725501,1.606260380726673,1.1282334261578777,2.0867978044352475,1.3660535989380755,51.866816594358156,0
89152,2.102044755837806,0.41025906898077413,1.832360509364944,-0.4972441395492524,-1.4248199818185208,7.152210997701215,0
55296,1.2217081395199536,-0.5739354126827827,0.7150431070145676,-0.6741942190047651,-0.05102216171712267,61.34562872142879,0
74131,-0.3167074442742699,0.07535519985566355,0.4135708163086037,1.200436866673032,0.5528898985721978,47.73465701841266,0
29711,1.1604018292673417,-0.4793337774953818,-0.15520391286675808,0.41444545033218555,0.49003157632924343,120.0813383357463,0
81412,1.2753734072632077,-1.810416783357745,-0.7344554908048295,0.35176720169185216,1.787870715003657,120.14705925810722,0
21113,-2.7068980574997386,1.2601116428725545,-3.115623205433189,2.8413130277173524,-1.3153275846163273,12.063961172518308,1
84925,-2.037276511188678,2.1485979255494287,-1.5891285065182836,1.8746674972771027,-1.529556295977755,89.11470412022996,1
17514,0.5748423257703992,-0.8990231137247617,2.2435203729965183,0.8938388109634029,1.012349797254572,13.049818462554319,0
73616,-0.5478214242432214,-1.3262027893636903,1.1966525349394779,-1.297961656465402,-0.5222001459393851,119.16874429382611,0
70968,-0.1838305803201219,1.1247999769778887,-0.9905749882082076,0.8345015615853182,0.35554250537486626,35.53562601263522,0
39974,-0.5842950296804812,0.1704963074522855,0.8882573990374616,-1.3740924970915869,0.6596295873137671,24.073333535811166,0
47241,0.8424887372351394,0.07987605427022527,1.1377530422910016,1.7018944374152891,2.3211550519886948,102.9406151020955,0
69252,-0.2805085846244696,1.074848721680636,1.6533901164606613,-1.1480985340734973,-0.1281981421072861,152.1034876607742,0
41971,-0.2312742653625762,0.6051153345389434,-1.4968719232406782,-0.4079318125445338,1.0254349312745914,63.90773382633057,0
93812,0.5917177267819871,0.0817527464644891,1.6829248645598713,-0.10141387364145628,0.09965595109484077,2.519863236322508,0
45648,-0.2552581566621963,-1.6020830094994443,0.5668998185387946,0.6992681361293903,0.18217873874411059,113.84456046852655,0
59383,0.6372914550139895,0.9337620752499189,0.9766664952266192,0.7544597233303035,-1.0221830814366792,28.978037112440358,0
46163,0.7828068249924235,0.8232475017125183,0.07477557858347839,-0.28853410918447614,0.6269241579327764,33.884973981575214,0
97756,0.1728423106163546,-0.7929312963688351,-2.398034810453,1.3498300199126105,-0.22785678972112586,13.257025245172645,0
26685,-1.3280208591242249,0.504050337735262,-0.020266883137630812,-0.9335936059468981,0.8849384811937618,2.631206829634183,0
78249,-0.6945669453637701,1.2372216428843834,0.11411575013335006,-0.6968842027998349,0.03757015032890838,18.032364611878844,0
7659,-1.025275430669701,0.4467118992709157,-0.8135513073093346,-0.23448923120330956,-0.30164533002725896,23.375903332502094,0
88668,-0.3034836298567393,0.4539890643795448,-1.1389482066999677,-0.34779736035438075,-0.669228389697547,134.8220512698952,0
98989,-1.1043583790396148,-0.6953774654837629,-0.6004698164031986,-0.04164241820118128,-1.0652216607102516,42.521932177009894,0
65215,-0.6013004645117327,0.3732569241351695,0.3588856151710838,-0.18059969476112828,0.7170790290656974,65.24089030112637,0
74666,0.3182655375602048,0.5536555308075164,0.9561290412932573,-0.4821983771391807,-0.7941019854503925,75.26432533147344,0
62003,0.6846612305437452,-0.4118713992431347,-0.19587438650316466,-0.16546367642398113,0.048299193935381846,25.698795693722026,0
57615,-0.1755712091840432,-0.9948060936097859,-1.4835722481992117,1.5423709724388834,0.4215701259235129,4.59028667239046,0
23386,0.8627049219900169,-2.164885808912056,-0.5627021657665037,-0.25707846413382146,-0.012470406970066059,89.04641684810152,0
47135,-0.06616155380558271,0.7310042450668561,-0.32072956310004025,-0.798447225501649,0.9108887812295875,16.601964290493903,0
78781,0.6538332230623791,0.23954772086923148,-0.5210292768318966,-0.6670587240056953,-1.2033368435859422,134.08617619868696,0
79579,-1.6227484053225147,0.036066060382323344,1.4588832873162534,0.8909705245069403,-2.128063299348509,140.31231299839462,0
62320,1.0646588504081422,0.742890329541174,-0.3720822077368768,-0.38918808111602776,1.8618102747487555,10.614963868587823,0
51399,0.5090461386740671,-2.170160938560155,1.198369010406861,0.09810777494123614,0.6344521571569945,73.88453823800263,0
20662,0.0907909029671071,2.0759541110974755,1.574491300465195,1.0016454196603577,-0.2347324517230257,2.202825002621114,0
26806,-0.38552370444361184,0.49910644197992277,-1.024623458538768,-1.2939187773993035,-0.8111009606728922,5.591096187404582,0
28270,-0.3637690213731503,0.3615990341455025,1.0370752932265712,0.9787111111740064,0.9570739876364706,8.551510249253342,0
40943,1.089787014204167,-0.6921470503760725,-0.5946297082533925,-0.5097835166710376,0.6889959462443453,16.142855828953255,0
15434,1.3698832599523623,1.059638220644354,-0.6645061367695306,0.537706650512417,-0.6856990470047358,47.77079176162458,0
98540,-0.3331543320772962,-2.334672448315709,2.2047856091211497,-0.29412227012536,-0.7093621573131672,5.135426104560245,0
17266,1.416973973837563,-1.6957194907004491,-0.9283978115738216,0.1363090256215077,-0.9756468137461776,1.6258734365268104,0
13140,0.2590288214837144,-0.9365367870263103,-2.1040623376104812,-0.7873490867805057,0.0845900662881133,87.89987215553504,0
3606,-1.4696260511465133,0.014319507797229505,0.4355644754036715,1.7733464727707555,-0.3100483744318677,19.35195362335322,0
95839,-1.1596206115397987,-1.0361717752673318,-1.0608834215622855,0.09785615371914815,1.9689817107991647,60.13860454390005,0
67169,0.3018007570109797,-1.291843267510811,2.875789884094662,-0.9167124957525611,-2.075548494706947,137.07235304485775,0
58348,-0.364290095892411,0.008873458852412548,2.4583866628276656,0.0937455203352411,-0.9285688118003078,24.31137075872818,0
22190,0.33419894317176624,-0.5553682568228798,0.5359553424434758,-0.6274076383233577,0.27095218555881556,117.22958761403834,0
65458,-0.2319240021136228,-0.43600197022494996,0.7829069949032201,-1.1969238653861733,0.8104513678732886,67.66964373321207,0
2610,0.444802998019575,0.775881094081244,0.960686230691646,2.265148536261676,0.2901142427969613,128.99501098208296,0
10729,0.8453913832780725,-1.8420311772390687,1.5783366953387015,-0.9592501971012752,-0.24654945493027114,40.05443586682345,0
20581,-0.057827508305891395,1.100661847549999,-0.791786135965779,-1.41589273706644,0.5492164303499659,61.27208040387446,0
25431,-1.0320056563323736,0.20461822559046108,0.6122769888067473,-2.1104364863810936,0.8011022696308178,137.8305179930485,0
79561,0.18663265651273872,0.7898260704176857,-0.039201192697753275,-0.2694609087995017,-1.1275027579825154,76.50858359617665,0
60545,1.4178319728870847,2.688014290491059,1.741861621390041,0.9909328491049462,2.147481793667097,7.792475315912574,0
78953,1.0425415920925094,0.05914358169179254,0.930037197223281,0.6097107556367111,1.2368593065974203,71.08889013113904,0
9764,0.9530353650977579,1.1984651733852207,-0.20995053178224082,-0.741205034638168,1.0555289801264016,30.976854189896514,0
45241,0.24988755816383004,0.9540976603759755,-0.6922824693857184,-0.5539640453607017,-0.2396816123317647,144.75579317476618,0
72789,0.11831114811666943,1.3872502559667828,1.0872813456209043,-0.14208025228912144,0.7606045076590366,17.829609495077296,0
32745,-0.045501855380286525,-0.0643726160140594,-1.9267095965809427,0.3050412477836996,0.5248317447143475,87.88328196142538,0
18452,-0.08289999071715835,0.6474075265997693,-1.052834870654465,1.2494372807460705,-0.8880270903243329,176.85895117032976,0
58161,-0.8682807317999605,-1.6223984967559022,-1.5313504028128033,-0.7486606211479161,0.8666385368892272,10.62808775797769,0
66736,-0.37391414605521067,0.933180772362211,-0.1485462821404375,0.11755969444974049,-1.0845459099011128,164.55191067279176,0
36258,-1.7346403355315245,-0.48640908866705174,0.8254141182487367,1.8196725713055433,1.2600177394213699,49.91013744319404,0
42318,-1.2782626292575752,1.1688854185670607,-0.34100666379425365,-1.2353632753732913,-0.06490768521031422,0.0015359658607904747,0
74290,-0.42306060102577947,-0.4560742727116305,0.8942375132116674,-0.3943931021675813,-1.1855551171382204,42.34528502392569,0
76125,-1.5313406139581673,2.338650940554561,0.920419303313525,1.575245606769096,-0.6019056933471514,81.23059321896787,0
21566,-0.9115099686768718,0.23172100021419154,-0.22556247838096438,-0.4591160508088197,2.6340252332216942,55.2631977577511,0
29689,-1.4283644272500728,0.648479326697246,-0.1493549210304904,1.182097038550029,-0.307814870678248,28.320190815661945,0
12112,-0.29639865154618206,-0.9874439340698364,1.8418225272751392,0.6527676617035097,-0.35607801266070976,30.04107208123303,0
46738,-0.45502283927230186,-0.022162684630854367,-1.2889575344959205,0.33657579549306055,-0.5727079957856954,65.18853983771997,0
1700,0.538374517702382,6.57949276894667,-3.33563376868953,0.6989555045571445,-1.7536024526934026,68.16312267526575,1
81449,0.6225313439371939,1.3831571691334672,-1.763723876486993,-0.08814491896441783,0.7171100948669109,84.02611555044057,0
3389,1.2115482569117613,-0.23801908044889125,-2.0642622724454216,-0.8205609429028039,0.23801964482862245,99.3739838116295,0
56746,-0.6238365173627743,1.3258207169727854,-1.4599560846477098,1.2496303141701446,0.7252765667745492,22.877643191540553,0
43585,0.1844165694269777,0.460328390011182,-0.437327684847254,0.26020378937641425,-0.5618978302055627,61.44692688281089,0
33458,0.7575291392086145,1.1392942244733477,0.6451486413971713,-0.253947248475693,1.235037526250372,26.794083582809776,0
69626,1.1520386983137296,0.09362786145530562,-0.5845914456550211,0.2602565636236518,-1.0885491549713995,85.42681230521889,0
40510,-0.651686918691203,-0.06542809442218743,0.9087833297801328,2.2644361479458874,1.4110203672724826,81.5776361434474,0
71229,0.9362057375372537,-0.7777821637043991,0.11951288540670313,0.30488490738437274,0.305129853797735,41.71846497593945,0
87445,-0.40719681788136125,0.18016214656648327,1.6813349111565896,0.3868418195334683,-0.8026532220639115,8.776300844567412,0
24818,0.061086172598312574,0.11178463132985637,-0.6131888143874002,0.9908157774907052,0.7976298955390789,25.234940346435593,0
81912,-1.3944165652589056,0.5098251816073188,0.8091143329550596,0.502511684437542,-1.3963985654547146,15.987292240250067,0
89400,-0.9038053784355482,-0.41994423956869936,-0.8931757809925622,-0.4402823833802132,-0.5411597452250768,41.70643356748471,0
80765,-0.8908042657446247,-0.5846505953032183,-0.46486996957351817,1.8557982425746533,1.9673251216489829,124.8371883853331,0
88652,0.5990395797343382,-1.631735399777714,-1.4065642432797338,0.8708620889295472,1.247863997801573,8.228576022456812,0
20354,-1.6680151436677062,1.0721858374302682,1.5904816260728583,0.5597528756020167,-0.5462069476429241,8.53364082776158,0
67435,0.6164221048147337,1.1441584717919149,0.386769903030794,0.40263949781801217,-0.7546381760936879,3.559425313132252,0
32441,-1.6341158518370344,0.14942137069267467,-0.3941123750491345,-0.23721337736601256,-1.4754922110181068,16.66935335171212,0
70340,-0.0412437066390535,0.6127062860344694,0.3827463149482212,-0.765345967986795,1.7038626169752848,95.04787628013318,0
94299,-1.5197888033519922,-0.610764907132292,0.38334213970512815,-1.7158156490281737,-1.0673697513385594,38.26433555246808,0
15048,0.45918016733486333,-0.45346265036937033,-1.1848400604750189,-1.4606613655599547,-0.4690773352875434,29.36584538182011,0
50460,2.713619777528997,0.740300328761527,0.5722653729016526,-0.38991119307998706,-1.313145562368715,19.93609110129775,0
57022,-0.8241334836717221,0.5923407698213905,1.2068828909268574,-0.8588226968065185,-0.14771317435002804,33.26547411187799,0
48689,-0.5714506046542517,-1.0100864588595426,-0.27664090930542495,0.004715960917291302,-0.4887530637727683,95.71081314024367,0
25963,-1.6901962176328016,-0.7125990819117928,0.6226023381728207,-0.5400937062533924,1.2247635790626354,35.561386696895234,0
25184,1.0361977510121103,-0.9812459486006698,1.1090074365548068,0.06760029623244934,0.675747650845586,95.71243274335698,0
17778,0.4806812642203949,0.9945909288357225,-0.6842085748240915,0.4884741510318143,0.6791273336702232,169.89779113062545,0
94880,-1.386048540585573,-0.7228276301385732,0.6482465433674083,-0.1748204433974168,0.4422793360073821,44.31214243490141,0
36208,-0.9341542070495419,0.779772810403127,0.3112986174303915,0.54537558677868,0.7176562903296481,87.81058708598181,0
95673,0.42193371217351033,0.34147673904707876,0.8569070581843299,0.9320288940468883,-0.7287020858048149,53.43753618595588,0
9596,0.3692174112776782,1.0795235160501695,0.8185370524351505,0.4769750186646809,1.1141778335953265,17.917788286239883,0
88461,0.5800728940775537,0.11945667340578713,0.1285589213693865,-0.6809353889494114,1.2057074728833355,81.84817523676712,0
41160,-0.4788983318098163,-1.2844508622826205,-0.10713520827973697,0.6894901967413225,-0.09585428886570539,60.08425800823276,0
79190,2.0051963402354454,0.47438303898169265,-0.2509477943413519,0.42937407540625566,1.492755353632024,25.959785990191968,0
85120,-0.40207625943985037,-0.1276261786504852,-0.04847417771047321,-0.5583460082905469,-0.1211476627775129,129.28628108244573,0
37641,0.9142595447941229,0.7880854407681365,-0.7351735618733791,1.1926775277414932,-0.13968027722854298,3.6573406580656704,0
27696,-1.4214646871565255,-1.1939024401995502,-2.0827162606895335,0.8683972296875326,-0.39319924498091224,9.426809002664525,0
526,0.31251987977721984,0.41420159943005663,-0.8043743958018357,-1.2842634099521737,1.8104758657701332,1.0616494951648638,0
62120,-0.9445767199209086,-0.8981012047997423,0.5664490504243518,0.1472862840260032,0.2692418249986778,73.32114145921433,0
13493,1.1790307525919472,-0.16118523821931702,-0.3846916248072168,-0.10752980780808609,-0.1991180358312974,92.79267395156432,0
23888,1.7586928369548633,-0.29644951459805774,-0.08613257450566396,1.197785937947242,-1.8058468884436396,3.7846087254682996,0
5530,0.17911401136846739,-0.37357436365296853,0.22519232749093304,-0.5093569361233815,-0.1383703402015735,50.52187437461948,0
73609,-0.964446270397466,0.38417588133766406,-0.5277873316105391,1.8094423214643256,0.3854129221135673,28.031395544308076,0
95462,-1.9004897060177401,1.0182382110986368,1.1347210354858641,1.2839983334151266,1.5284837965498062,43.91882162138101,0
59560,1.464704483741246,0.9166737118471837,0.4351880749310681,2.1224834106870887,-0.005274996382316439,27.06287435673569,0
65128,-0.08134772703574868,-1.2980084860916576,0.31133418225071396,-0.940704522280778,1.6689342561317557,16.60261965310262,0
74270,0.3408816594615606,0.09306677628155917,2.06318341931558,-0.13405234631160148,-0.03273083784539564,32.173447934139034,0
235,-1.4895313533802972,-0.5541359462103228,-1.0603097838015614,-0.6073676181233753,-0.5177322087888763,46.454808449092475,0
46175,0.0039612809245876,0.5160550147755645,0.407456296175835,-0.1694919708072041,-0.557976889419804,26.483222338555297,0
59664,-0.3693636189282429,-0.9111795851435988,0.6834652781834198,1.3078093293580548,0.1478786088901868,9.365521405558402,0
73539,0.5239518739379996,0.9523204023308188,-0.22344727593936864,1.8124722897203587,-0.3704082785529956,65.67134045626736,0
1401,0.2228021017188606,0.11299243431797523,0.6641204834678983,-0.37849392561137807,-1.0680260433691868,52.471670246221095,0
77175,0.8325047813737684,-3.619537169968412,1.5363451472193685,-1.0478672072542499,0.5816715429609388,7.250045038303667,0
50719,-1.8448803728381054,-0.6279767328966177,-0.09841730370816769,0.8646005863886839,1.2577019596504813,41.128008288290495,0
77834,-0.4216085853111196,-0.729391334370174,-0.003604518113449724,-1.573903424198271,2.3517499698598967,7.540410580589977,0
661,1.0134019309650404,1.0866608278509824,1.710706652833669,0.5652082330749556,0.7575165479628068,113.07970678633342,0
55754,-1.9504122016574068,0.3128133167436986,0.642574289154662,-0.2343103308969935,-0.5658609208476936,48.15405385879955,0
27532,0.21559968370586682,1.3202429672526672,0.9675318526039591,-0.1609777068647716,-1.2160959049742,31.525637222570445,0
33660,0.8571303317527184,0.3133631511417689,-2.0161918230225315,0.14465139154044984,0.4844988581727025,10.315538839664775,0
24538,-0.6713242302684823,0.025665237997579016,0.6461860121365275,0.5546500584893489,-1.2284874376510846,19.773702970479466,0
16029,-0.8721145525081975,1.003801889635533,-0.3586199493630518,1.0088695027671408,0.881681459002978,76.33433018244213,0
61001,1.0100690205936125,0.3407676757274373,-0.2747844358000674,0.3256473237899481,-1.4695451849189431,45.22760019448477,0
64046,0.7731815128101375,-1.6382959142023927,-1.2202851841396174,-1.9549589945621006,0.39448585855645596,28.79323371178421,0
84995,0.05806383002443512,-0.7282723260188415,-1.4251690613784223,1.407995525444814,-0.5326221049644234,16.235177152515853,0
5949,-1.018936670392648,-1.2930104157562536,0.1490311263440168,0.13585784955288796,-0.06494490837797702,43.12459857190263,0
23481,1.3653656446411597,0.5923584078044751,-1.0926284944280082,0.5643733436302047,-0.5177763756294582,43.63101623455592,0
18951,1.6154919438900808,0.04638355791654349,-0.22863441646288882,-0.7463231409704632,0.7370554217055713,24.149078493189876,0
53682,1.6739397972447685,-1.4020184956478765,-2.1099078362694663,-0.8647049285599683,-0.2777353888664926,50.21671385451762,0
